[
    {
        "client_id": 2,
        "round_no": 1,
        "training_time (secs)": -1,
        "incremental_MSE_Min": 0.2609445131916557,
        "incremental_MSE_Median": 0.30737445260170465,
        "incremental_MSE_Max": 0.3328914385579536,
        "average_MSE": 0.30940840394557095,
        "round_threshold": 0.33287064950219575,
        "threshold": 0.30940840394557095,
        "model_round_trip": 0.3340630531311035
    },
    {
        "client_id": 2,
        "round_no": 2,
        "training_time (secs)": -1,
        "incremental_MSE_Min": 0.2609445131916557,
        "incremental_MSE_Median": 0.34830364293792015,
        "incremental_MSE_Max": 0.3990390091637296,
        "average_MSE": 0.3833310114695453,
        "round_threshold": 0.39900777868782583,
        "threshold": 0.3463697077075581,
        "model_round_trip": 0.06848907470703125
    },
    {
        "client_id": 2,
        "round_no": 3,
        "training_time (secs)": -1,
        "incremental_MSE_Min": 0.2609445131916557,
        "incremental_MSE_Median": 0.3819246965861206,
        "incremental_MSE_Max": 0.42337224980795907,
        "average_MSE": 0.4161707485137814,
        "round_threshold": 0.42336815470124417,
        "threshold": 0.3696367213096325,
        "model_round_trip": 0.16852593421936035
    },
    {
        "client_id": 2,
        "round_no": 4,
        "training_time (secs)": -1,
        "incremental_MSE_Min": 0.2609445131916557,
        "incremental_MSE_Median": 0.40180926979024467,
        "incremental_MSE_Max": 0.4349843280155738,
        "average_MSE": 0.426148254414974,
        "round_threshold": 0.43496631086543075,
        "threshold": 0.38376460458596784,
        "model_round_trip": 0.19606971740722656
    },
    {
        "client_id": 2,
        "round_no": 5,
        "training_time (secs)": -1,
        "incremental_MSE_Min": 0.2609445131916557,
        "incremental_MSE_Median": 0.41662798039156007,
        "incremental_MSE_Max": 0.4349843280155738,
        "average_MSE": 0.42605642609357824,
        "round_threshold": 0.4304114214372647,
        "threshold": 0.3922229688874899,
        "model_round_trip": 0.2192671298980713
    },
    {
        "client_id": 2,
        "round_no": 6,
        "training_time (secs)": -1,
        "incremental_MSE_Min": 0.2609445131916557,
        "incremental_MSE_Median": 0.4197292593020482,
        "incremental_MSE_Max": 0.44700016011818816,
        "average_MSE": 0.44032458534156305,
        "round_threshold": 0.446967956141207,
        "threshold": 0.40023990496316886,
        "model_round_trip": 0.2848856449127197
    },
    {
        "client_id": 2,
        "round_no": 7,
        "training_time (secs)": -1,
        "incremental_MSE_Min": 0.2609445131916557,
        "incremental_MSE_Median": 0.42266074706315343,
        "incremental_MSE_Max": 0.44700016011818816,
        "average_MSE": 0.4255623433781333,
        "round_threshold": 0.42915313456425624,
        "threshold": 0.4038573961653066,
        "model_round_trip": 0.12148904800415039
    },
    {
        "client_id": 2,
        "round_no": 8,
        "training_time (secs)": -1,
        "incremental_MSE_Min": 0.2609445131916557,
        "incremental_MSE_Median": 0.42363574334915866,
        "incremental_MSE_Max": 0.44700016011818816,
        "average_MSE": 0.4351752518559123,
        "round_threshold": 0.44137222180825814,
        "threshold": 0.4077721281266323,
        "model_round_trip": 0.23871231079101562
    },
    {
        "client_id": 2,
        "round_no": 9,
        "training_time (secs)": -1,
        "incremental_MSE_Min": 0.2609445131916557,
        "incremental_MSE_Median": 0.42275322990406283,
        "incremental_MSE_Max": 0.44700016011818816,
        "average_MSE": 0.41960678493719034,
        "round_threshold": 0.4244450836579843,
        "threshold": 0.4090870899944721,
        "model_round_trip": 0.1539144515991211
    },
    {
        "client_id": 2,
        "round_no": 10,
        "training_time (secs)": -1,
        "incremental_MSE_Min": 0.2609445131916557,
        "incremental_MSE_Median": 0.42345594425564437,
        "incremental_MSE_Max": 0.44700016011818816,
        "average_MSE": 0.43206523187148443,
        "round_threshold": 0.4380225614039101,
        "threshold": 0.41138490418217327,
        "model_round_trip": 0.07806086540222168
    },
    {
        "client_id": 2,
        "round_no": 11,
        "training_time (secs)": -1,
        "incremental_MSE_Min": 0.2609445131916557,
        "incremental_MSE_Median": 0.425391885744714,
        "incremental_MSE_Max": 0.44700016011818816,
        "average_MSE": 0.42965594800461554,
        "round_threshold": 0.43064548190912966,
        "threshold": 0.4130459081660317,
        "model_round_trip": 0.14054179191589355
    },
    {
        "client_id": 2,
        "round_no": 12,
        "training_time (secs)": -1,
        "incremental_MSE_Min": 0.2609445131916557,
        "incremental_MSE_Median": 0.4266828802585403,
        "incremental_MSE_Max": 0.44700016011818816,
        "average_MSE": 0.44195288403812255,
        "round_threshold": 0.44512764763100177,
        "threshold": 0.41545482282203927,
        "model_round_trip": 0.31187963485717773
    },
    {
        "client_id": 2,
        "round_no": 13,
        "training_time (secs)": -1,
        "incremental_MSE_Min": 0.2609445131916557,
        "incremental_MSE_Median": 0.4258788687131234,
        "incremental_MSE_Max": 0.44700016011818816,
        "average_MSE": 0.42365172583576344,
        "round_threshold": 0.4288280425494887,
        "threshold": 0.41608535382309497,
        "model_round_trip": 0.16604351997375488
    },
    {
        "client_id": 2,
        "round_no": 14,
        "training_time (secs)": -1,
        "incremental_MSE_Min": 0.2609445131916557,
        "incremental_MSE_Median": 0.4271919696553671,
        "incremental_MSE_Max": 0.45034493112137947,
        "average_MSE": 0.44949847252061376,
        "round_threshold": 0.45034382947596185,
        "threshold": 0.4184720051586321,
        "model_round_trip": 0.13176965713500977
    },
    {
        "client_id": 2,
        "round_no": 15,
        "training_time (secs)": -1,
        "incremental_MSE_Min": 0.2609445131916557,
        "incremental_MSE_Median": 0.4286455300115797,
        "incremental_MSE_Max": 0.45034493112137947,
        "average_MSE": 0.4422196150845071,
        "round_threshold": 0.44504458652069556,
        "threshold": 0.42005517915369034,
        "model_round_trip": 0.26706480979919434
    },
    {
        "client_id": 2,
        "round_no": 16,
        "training_time (secs)": -1,
        "incremental_MSE_Min": 0.2609445131916557,
        "incremental_MSE_Median": 0.4291764491538226,
        "incremental_MSE_Max": 0.45034493112137947,
        "average_MSE": 0.44861848397928594,
        "round_threshold": 0.44948150635779627,
        "threshold": 0.42184038570529014,
        "model_round_trip": 0.23900747299194336
    },
    {
        "client_id": 2,
        "round_no": 17,
        "training_time (secs)": -1,
        "incremental_MSE_Min": 0.2609445131916557,
        "incremental_MSE_Median": 0.4296645169071229,
        "incremental_MSE_Max": 0.45034493112137947,
        "average_MSE": 0.4401641578575421,
        "round_threshold": 0.4464174827390063,
        "threshold": 0.42291825465542254,
        "model_round_trip": 0.19916558265686035
    },
    {
        "client_id": 2,
        "round_no": 18,
        "training_time (secs)": -1,
        "incremental_MSE_Min": 0.2609445131916557,
        "incremental_MSE_Median": 0.43042739116076517,
        "incremental_MSE_Max": 0.4531786079276537,
        "average_MSE": 0.4514039216180534,
        "round_threshold": 0.4531778145323028,
        "threshold": 0.42450079170890204,
        "model_round_trip": 0.03750467300415039
    },
    {
        "client_id": 2,
        "round_no": 19,
        "training_time (secs)": -1,
        "incremental_MSE_Min": 0.2609445131916557,
        "incremental_MSE_Median": 0.43308526156512833,
        "incremental_MSE_Max": 0.4531786079276537,
        "average_MSE": 0.44070932006879365,
        "round_threshold": 0.44268679341386735,
        "threshold": 0.42535387214889636,
        "model_round_trip": 0.36261868476867676
    },
    {
        "client_id": 2,
        "round_no": 20,
        "training_time (secs)": -1,
        "incremental_MSE_Min": 0.2609445131916557,
        "incremental_MSE_Median": 0.434463259923054,
        "incremental_MSE_Max": 0.4542999177562778,
        "average_MSE": 0.4530156419349417,
        "round_threshold": 0.45429984670275286,
        "threshold": 0.4267369606381986,
        "model_round_trip": 0.323047399520874
    },
    {
        "client_id": 2,
        "round_no": 21,
        "training_time (secs)": -1,
        "incremental_MSE_Min": 0.2609445131916557,
        "incremental_MSE_Median": 0.43631567756944667,
        "incremental_MSE_Max": 0.4542999177562778,
        "average_MSE": 0.4389911436831607,
        "round_threshold": 0.44067089405993953,
        "threshold": 0.4273204931641492,
        "model_round_trip": 0.16704368591308594
    },
    {
        "client_id": 2,
        "round_no": 22,
        "training_time (secs)": -1,
        "incremental_MSE_Min": 0.2609445131916557,
        "incremental_MSE_Median": 0.4371159994237951,
        "incremental_MSE_Max": 0.4542999177562778,
        "average_MSE": 0.4475428135311747,
        "round_threshold": 0.4515353034216969,
        "threshold": 0.42823968954446856,
        "model_round_trip": 0.18186306953430176
    },
    {
        "client_id": 2,
        "round_no": 23,
        "training_time (secs)": -1,
        "incremental_MSE_Min": 0.2609445131916557,
        "incremental_MSE_Median": 0.43788657991663327,
        "incremental_MSE_Max": 0.4741165166276599,
        "average_MSE": 0.47280413867394266,
        "round_threshold": 0.47410597467468946,
        "threshold": 0.4301772742892283,
        "model_round_trip": 0.665020227432251
    },
    {
        "client_id": 2,
        "round_no": 24,
        "training_time (secs)": -1,
        "incremental_MSE_Min": 0.2609445131916557,
        "incremental_MSE_Median": 0.43872558871089273,
        "incremental_MSE_Max": 0.4818425365683563,
        "average_MSE": 0.481098401779932,
        "round_threshold": 0.4818402555668605,
        "threshold": 0.43229898793467425,
        "model_round_trip": 0.3910095691680908
    },
    {
        "client_id": 2,
        "round_no": 25,
        "training_time (secs)": -1,
        "incremental_MSE_Min": 0.2609445131916557,
        "incremental_MSE_Median": 0.4395575173893296,
        "incremental_MSE_Max": 0.4818425365683563,
        "average_MSE": 0.4766715962782722,
        "round_threshold": 0.47846101301521626,
        "threshold": 0.43407389226841814,
        "model_round_trip": 0.12640166282653809
    }
]