{
    "losses_distributed": {
        "1": [
            1,
            2.4219586849212646
        ],
        "2": [
            2,
            1.9148892164230347
        ],
        "3": [
            3,
            1.3325729370117188
        ],
        "4": [
            4,
            1.2139118909835815
        ],
        "5": [
            5,
            1.1176323890686035
        ],
        "6": [
            6,
            0.9632565975189209
        ],
        "7": [
            7,
            1.0793216228485107
        ],
        "8": [
            8,
            1.1097246408462524
        ],
        "9": [
            9,
            0.8875113129615784
        ],
        "10": [
            10,
            1.0315946340560913
        ],
        "11": [
            11,
            0.9942706823348999
        ],
        "12": [
            12,
            1.0043269395828247
        ],
        "13": [
            13,
            0.8773669004440308
        ],
        "14": [
            14,
            0.8152655363082886
        ],
        "15": [
            15,
            0.7702023983001709
        ],
        "16": [
            16,
            0.7905980944633484
        ],
        "17": [
            17,
            1.0447252988815308
        ],
        "18": [
            18,
            0.7551878690719604
        ],
        "19": [
            19,
            0.7433414459228516
        ],
        "20": [
            20,
            0.7018316388130188
        ],
        "21": [
            21,
            0.7661592364311218
        ],
        "22": [
            22,
            0.7225502729415894
        ],
        "23": [
            23,
            0.7956183552742004
        ],
        "24": [
            24,
            0.7208144068717957
        ],
        "25": [
            25,
            0.7399523258209229
        ],
        "26": [
            26,
            0.754081130027771
        ],
        "27": [
            27,
            0.678385317325592
        ],
        "28": [
            28,
            1.0395479202270508
        ],
        "29": [
            29,
            0.6543430089950562
        ],
        "30": [
            30,
            0.7717128396034241
        ]
    },
    "metrics_distributed_fit": {
        "FL_loss": [
            [
                1,
                2.5680257408905023
            ],
            [
                2,
                2.2117948327064516
            ],
            [
                3,
                1.6184504218673705
            ],
            [
                4,
                1.4491862506771087
            ],
            [
                5,
                1.5341467762947083
            ],
            [
                6,
                1.2316427638149263
            ],
            [
                7,
                1.3790758728790284
            ],
            [
                8,
                1.3388536512470246
            ],
            [
                9,
                1.1935652784156798
            ],
            [
                10,
                1.2333806860256193
            ],
            [
                11,
                1.3409006714057923
            ],
            [
                12,
                1.086662775707245
            ],
            [
                13,
                1.145933304672241
            ],
            [
                14,
                1.1439639426136017
            ],
            [
                15,
                1.0024261163234711
            ],
            [
                16,
                1.0016280655813217
            ],
            [
                17,
                1.0853578682804108
            ],
            [
                18,
                1.069401228146553
            ],
            [
                19,
                1.1472715367889406
            ],
            [
                20,
                1.0613877090215684
            ],
            [
                21,
                0.9421606877851486
            ],
            [
                22,
                1.0585059224128723
            ],
            [
                23,
                1.0152317409181595
            ],
            [
                24,
                0.9367653075313568
            ],
            [
                25,
                1.0316295398712159
            ],
            [
                26,
                1.0164982411384582
            ],
            [
                27,
                1.0357939004945755
            ],
            [
                28,
                0.9581761177873611
            ],
            [
                29,
                0.8978601835489274
            ],
            [
                30,
                1.0044516969680786
            ]
        ],
        "FL_accuracy": [
            [
                1,
                0.18944
            ],
            [
                2,
                0.31794
            ],
            [
                3,
                0.46370000000000006
            ],
            [
                4,
                0.5074999999999998
            ],
            [
                5,
                0.51985
            ],
            [
                6,
                0.5743699999999999
            ],
            [
                7,
                0.5488999999999999
            ],
            [
                8,
                0.56364
            ],
            [
                9,
                0.6057
            ],
            [
                10,
                0.58231
            ],
            [
                11,
                0.59161
            ],
            [
                12,
                0.63369
            ],
            [
                13,
                0.61799
            ],
            [
                14,
                0.6120999999999999
            ],
            [
                15,
                0.65468
            ],
            [
                16,
                0.65919
            ],
            [
                17,
                0.6391000000000001
            ],
            [
                18,
                0.6494399999999999
            ],
            [
                19,
                0.62873
            ],
            [
                20,
                0.65202
            ],
            [
                21,
                0.66909
            ],
            [
                22,
                0.6551
            ],
            [
                23,
                0.6561400000000001
            ],
            [
                24,
                0.67587
            ],
            [
                25,
                0.6592300000000002
            ],
            [
                26,
                0.6747099999999999
            ],
            [
                27,
                0.6512300000000001
            ],
            [
                28,
                0.6726599999999999
            ],
            [
                29,
                0.6983699999999999
            ],
            [
                30,
                0.6758399999999999
            ]
        ]
    },
    "metrics_distributed": {
        "FL_accuracy": [
            [
                1,
                0.1
            ],
            [
                2,
                0.386
            ],
            [
                3,
                0.48109999999999997
            ],
            [
                4,
                0.5003
            ],
            [
                5,
                0.5111
            ],
            [
                6,
                0.6030999999999999
            ],
            [
                7,
                0.5466999999999999
            ],
            [
                8,
                0.5689
            ],
            [
                9,
                0.6555
            ],
            [
                10,
                0.5896
            ],
            [
                11,
                0.6312
            ],
            [
                12,
                0.6245
            ],
            [
                13,
                0.6773
            ],
            [
                14,
                0.7127
            ],
            [
                15,
                0.7194
            ],
            [
                16,
                0.7291999999999998
            ],
            [
                17,
                0.6498
            ],
            [
                18,
                0.7194
            ],
            [
                19,
                0.7392000000000001
            ],
            [
                20,
                0.7587
            ],
            [
                21,
                0.7106000000000001
            ],
            [
                22,
                0.7396
            ],
            [
                23,
                0.7261
            ],
            [
                24,
                0.7442
            ],
            [
                25,
                0.7465
            ],
            [
                26,
                0.7321
            ],
            [
                27,
                0.7496
            ],
            [
                28,
                0.6403
            ],
            [
                29,
                0.7668999999999999
            ],
            [
                30,
                0.7059
            ]
        ]
    },
    "FL_loss": {
        "1": 2.5680257408905023,
        "2": 2.2117948327064516,
        "3": 1.6184504218673705,
        "4": 1.4491862506771087,
        "5": 1.5341467762947083,
        "6": 1.2316427638149263,
        "7": 1.3790758728790284,
        "8": 1.3388536512470246,
        "9": 1.1935652784156798,
        "10": 1.2333806860256193,
        "11": 1.3409006714057923,
        "12": 1.086662775707245,
        "13": 1.145933304672241,
        "14": 1.1439639426136017,
        "15": 1.0024261163234711,
        "16": 1.0016280655813217,
        "17": 1.0853578682804108,
        "18": 1.069401228146553,
        "19": 1.1472715367889406,
        "20": 1.0613877090215684,
        "21": 0.9421606877851486,
        "22": 1.0585059224128723,
        "23": 1.0152317409181595,
        "24": 0.9367653075313568,
        "25": 1.0316295398712159,
        "26": 1.0164982411384582,
        "27": 1.0357939004945755,
        "28": 0.9581761177873611,
        "29": 0.8978601835489274,
        "30": 1.0044516969680786
    },
    "FL_accuracy": {
        "1": 0.18944,
        "2": 0.31794,
        "3": 0.46370000000000006,
        "4": 0.5074999999999998,
        "5": 0.51985,
        "6": 0.5743699999999999,
        "7": 0.5488999999999999,
        "8": 0.56364,
        "9": 0.6057,
        "10": 0.58231,
        "11": 0.59161,
        "12": 0.63369,
        "13": 0.61799,
        "14": 0.6120999999999999,
        "15": 0.65468,
        "16": 0.65919,
        "17": 0.6391000000000001,
        "18": 0.6494399999999999,
        "19": 0.62873,
        "20": 0.65202,
        "21": 0.66909,
        "22": 0.6551,
        "23": 0.6561400000000001,
        "24": 0.67587,
        "25": 0.6592300000000002,
        "26": 0.6747099999999999,
        "27": 0.6512300000000001,
        "28": 0.6726599999999999,
        "29": 0.6983699999999999,
        "30": 0.6758399999999999
    }
}