{
    "losses_distributed": {
        "1": [
            1,
            2.383026599884033
        ],
        "2": [
            2,
            2.4439618587493896
        ],
        "3": [
            3,
            1.693373680114746
        ],
        "4": [
            4,
            1.349389672279358
        ],
        "5": [
            5,
            1.1784790754318237
        ],
        "6": [
            6,
            1.1232000589370728
        ],
        "7": [
            7,
            0.9635350704193115
        ],
        "8": [
            8,
            0.9517855048179626
        ],
        "9": [
            9,
            0.8510981202125549
        ],
        "10": [
            10,
            0.9364919662475586
        ],
        "11": [
            11,
            0.8494827151298523
        ],
        "12": [
            12,
            0.8924188017845154
        ],
        "13": [
            13,
            0.8962122797966003
        ],
        "14": [
            14,
            1.0513856410980225
        ],
        "15": [
            15,
            0.9332764148712158
        ],
        "16": [
            16,
            0.8843376040458679
        ],
        "17": [
            17,
            0.7682609558105469
        ],
        "18": [
            18,
            0.8393732905387878
        ],
        "19": [
            19,
            0.9210577607154846
        ],
        "20": [
            20,
            0.7765597701072693
        ],
        "21": [
            21,
            0.8541253805160522
        ],
        "22": [
            22,
            0.6849188208580017
        ],
        "23": [
            23,
            0.7640536427497864
        ],
        "24": [
            24,
            0.783937394618988
        ],
        "25": [
            25,
            0.7213994264602661
        ],
        "26": [
            26,
            0.6825411319732666
        ],
        "27": [
            27,
            0.7961673736572266
        ],
        "28": [
            28,
            0.9513287544250488
        ],
        "29": [
            29,
            0.9606949687004089
        ],
        "30": [
            30,
            0.6941680312156677
        ]
    },
    "metrics_distributed_fit": {
        "FL_loss": [
            [
                1,
                2.539896406745911
            ],
            [
                2,
                2.4284082712364197
            ],
            [
                3,
                1.9699946652030946
            ],
            [
                4,
                1.5790215907478333
            ],
            [
                5,
                1.5010453158283235
            ],
            [
                6,
                1.296265289144516
            ],
            [
                7,
                1.3327341907882693
            ],
            [
                8,
                1.3681771271133423
            ],
            [
                9,
                1.2682405239486694
            ],
            [
                10,
                1.1216719005489348
            ],
            [
                11,
                1.089760949640274
            ],
            [
                12,
                1.2751294408607483
            ],
            [
                13,
                1.0346945011520385
            ],
            [
                14,
                1.0520805433893206
            ],
            [
                15,
                1.1224931230401993
            ],
            [
                16,
                1.004122738161087
            ],
            [
                17,
                1.0525093101644516
            ],
            [
                18,
                1.0451513674831392
            ],
            [
                19,
                0.9761426219463347
            ],
            [
                20,
                1.1372273348808288
            ],
            [
                21,
                1.0632906856632232
            ],
            [
                22,
                0.9565135942602158
            ],
            [
                23,
                1.0687349361276626
            ],
            [
                24,
                1.0054934553575516
            ],
            [
                25,
                0.9493663288736343
            ],
            [
                26,
                0.9075222840499879
            ],
            [
                27,
                1.0912602604055404
            ],
            [
                28,
                0.9538778087329864
            ],
            [
                29,
                1.5845128410959242
            ],
            [
                30,
                0.985563154911995
            ]
        ],
        "FL_accuracy": [
            [
                1,
                0.15582000000000001
            ],
            [
                2,
                0.2375
            ],
            [
                3,
                0.38994
            ],
            [
                4,
                0.46708
            ],
            [
                5,
                0.49528
            ],
            [
                6,
                0.55159
            ],
            [
                7,
                0.5581400000000001
            ],
            [
                8,
                0.55947
            ],
            [
                9,
                0.58729
            ],
            [
                10,
                0.6239
            ],
            [
                11,
                0.61834
            ],
            [
                12,
                0.57294
            ],
            [
                13,
                0.64469
            ],
            [
                14,
                0.63596
            ],
            [
                15,
                0.61852
            ],
            [
                16,
                0.6451
            ],
            [
                17,
                0.64277
            ],
            [
                18,
                0.6482
            ],
            [
                19,
                0.66587
            ],
            [
                20,
                0.63254
            ],
            [
                21,
                0.65135
            ],
            [
                22,
                0.66713
            ],
            [
                23,
                0.65357
            ],
            [
                24,
                0.66847
            ],
            [
                25,
                0.67791
            ],
            [
                26,
                0.67179
            ],
            [
                27,
                0.65007
            ],
            [
                28,
                0.6790999999999999
            ],
            [
                29,
                0.5777699999999999
            ],
            [
                30,
                0.6577399999999999
            ]
        ]
    },
    "metrics_distributed": {
        "FL_accuracy": [
            [
                1,
                0.1
            ],
            [
                2,
                0.14409999999999998
            ],
            [
                3,
                0.3735
            ],
            [
                4,
                0.4640000000000001
            ],
            [
                5,
                0.5204000000000001
            ],
            [
                6,
                0.5466
            ],
            [
                7,
                0.6519000000000001
            ],
            [
                8,
                0.5957
            ],
            [
                9,
                0.6763000000000001
            ],
            [
                10,
                0.6376
            ],
            [
                11,
                0.6666
            ],
            [
                12,
                0.6501
            ],
            [
                13,
                0.6746999999999999
            ],
            [
                14,
                0.6216999999999999
            ],
            [
                15,
                0.6594999999999999
            ],
            [
                16,
                0.6521999999999999
            ],
            [
                17,
                0.7154
            ],
            [
                18,
                0.6849
            ],
            [
                19,
                0.6856
            ],
            [
                20,
                0.7202
            ],
            [
                21,
                0.6918
            ],
            [
                22,
                0.7421
            ],
            [
                23,
                0.7329
            ],
            [
                24,
                0.724
            ],
            [
                25,
                0.7485999999999999
            ],
            [
                26,
                0.7388000000000001
            ],
            [
                27,
                0.7315000000000002
            ],
            [
                28,
                0.6741
            ],
            [
                29,
                0.6733
            ],
            [
                30,
                0.7399000000000001
            ]
        ]
    },
    "FL_loss": {
        "1": 2.539896406745911,
        "2": 2.4284082712364197,
        "3": 1.9699946652030946,
        "4": 1.5790215907478333,
        "5": 1.5010453158283235,
        "6": 1.296265289144516,
        "7": 1.3327341907882693,
        "8": 1.3681771271133423,
        "9": 1.2682405239486694,
        "10": 1.1216719005489348,
        "11": 1.089760949640274,
        "12": 1.2751294408607483,
        "13": 1.0346945011520385,
        "14": 1.0520805433893206,
        "15": 1.1224931230401993,
        "16": 1.004122738161087,
        "17": 1.0525093101644516,
        "18": 1.0451513674831392,
        "19": 0.9761426219463347,
        "20": 1.1372273348808288,
        "21": 1.0632906856632232,
        "22": 0.9565135942602158,
        "23": 1.0687349361276626,
        "24": 1.0054934553575516,
        "25": 0.9493663288736343,
        "26": 0.9075222840499879,
        "27": 1.0912602604055404,
        "28": 0.9538778087329864,
        "29": 1.5845128410959242,
        "30": 0.985563154911995
    },
    "FL_accuracy": {
        "1": 0.15582000000000001,
        "2": 0.2375,
        "3": 0.38994,
        "4": 0.46708,
        "5": 0.49528,
        "6": 0.55159,
        "7": 0.5581400000000001,
        "8": 0.55947,
        "9": 0.58729,
        "10": 0.6239,
        "11": 0.61834,
        "12": 0.57294,
        "13": 0.64469,
        "14": 0.63596,
        "15": 0.61852,
        "16": 0.6451,
        "17": 0.64277,
        "18": 0.6482,
        "19": 0.66587,
        "20": 0.63254,
        "21": 0.65135,
        "22": 0.66713,
        "23": 0.65357,
        "24": 0.66847,
        "25": 0.67791,
        "26": 0.67179,
        "27": 0.65007,
        "28": 0.6790999999999999,
        "29": 0.5777699999999999,
        "30": 0.6577399999999999
    }
}