{
    "losses_distributed": {
        "1": [
            1,
            2.1463541984558105
        ],
        "2": [
            2,
            1.5035392045974731
        ],
        "3": [
            3,
            1.1594778299331665
        ],
        "4": [
            4,
            1.0562078952789307
        ],
        "5": [
            5,
            0.966994047164917
        ],
        "6": [
            6,
            0.931424617767334
        ],
        "7": [
            7,
            0.8380154371261597
        ],
        "8": [
            8,
            0.8707998394966125
        ],
        "9": [
            9,
            0.8635937571525574
        ],
        "10": [
            10,
            0.7803240418434143
        ],
        "11": [
            11,
            0.8095455765724182
        ],
        "12": [
            12,
            0.7907226085662842
        ],
        "13": [
            13,
            0.792981743812561
        ],
        "14": [
            14,
            0.7725740671157837
        ],
        "15": [
            15,
            0.7574500441551208
        ],
        "16": [
            16,
            0.7193697690963745
        ],
        "17": [
            17,
            0.7741314172744751
        ],
        "18": [
            18,
            0.7100985646247864
        ],
        "19": [
            19,
            0.6961798667907715
        ],
        "20": [
            20,
            0.6885191798210144
        ],
        "21": [
            21,
            0.6762343645095825
        ],
        "22": [
            22,
            0.6975279450416565
        ],
        "23": [
            23,
            0.6719644665718079
        ],
        "24": [
            24,
            0.6778934001922607
        ],
        "25": [
            25,
            0.7345192432403564
        ],
        "26": [
            26,
            0.6615747809410095
        ],
        "27": [
            27,
            0.6778051257133484
        ],
        "28": [
            28,
            0.6500421166419983
        ],
        "29": [
            29,
            0.6601177453994751
        ],
        "30": [
            30,
            0.6989365220069885
        ]
    },
    "metrics_distributed_fit": {
        "FL_loss": [
            [
                1,
                2.5241036619949337
            ],
            [
                2,
                2.3021642006301883
            ],
            [
                3,
                2.096075648956299
            ],
            [
                4,
                2.0446085774707794
            ],
            [
                5,
                2.0574258888435364
            ],
            [
                6,
                2.117490932998657
            ],
            [
                7,
                1.997680575761795
            ],
            [
                8,
                2.2415746507263186
            ],
            [
                9,
                2.1389472746944422
            ],
            [
                10,
                1.931557797341347
            ],
            [
                11,
                1.8533834173345565
            ],
            [
                12,
                2.239144381542206
            ],
            [
                13,
                1.9081053284215925
            ],
            [
                14,
                1.8631957748413082
            ],
            [
                15,
                2.1139379536247254
            ],
            [
                16,
                1.8618176916265483
            ],
            [
                17,
                1.9543153943538667
            ],
            [
                18,
                2.0343608875036243
            ],
            [
                19,
                1.9943754696941371
            ],
            [
                20,
                1.90896246193409
            ],
            [
                21,
                2.1151039084768293
            ],
            [
                22,
                1.9889748164415362
            ],
            [
                23,
                1.9480074432754517
            ],
            [
                24,
                1.908247861008644
            ],
            [
                25,
                2.080844611668587
            ],
            [
                26,
                1.9665234472846986
            ],
            [
                27,
                2.02059232465744
            ],
            [
                28,
                2.1008375048875805
            ],
            [
                29,
                2.1394530082845686
            ],
            [
                30,
                2.059832033185959
            ]
        ],
        "FL_accuracy": [
            [
                1,
                0.18229
            ],
            [
                2,
                0.29785000000000006
            ],
            [
                3,
                0.36394000000000004
            ],
            [
                4,
                0.4250400000000001
            ],
            [
                5,
                0.4512300000000001
            ],
            [
                6,
                0.43856
            ],
            [
                7,
                0.4479
            ],
            [
                8,
                0.42835
            ],
            [
                9,
                0.46281
            ],
            [
                10,
                0.49312999999999985
            ],
            [
                11,
                0.50726
            ],
            [
                12,
                0.47476
            ],
            [
                13,
                0.5166200000000001
            ],
            [
                14,
                0.5255700000000001
            ],
            [
                15,
                0.49551999999999996
            ],
            [
                16,
                0.53467
            ],
            [
                17,
                0.51671
            ],
            [
                18,
                0.51056
            ],
            [
                19,
                0.52195
            ],
            [
                20,
                0.5418100000000001
            ],
            [
                21,
                0.51072
            ],
            [
                22,
                0.53352
            ],
            [
                23,
                0.53799
            ],
            [
                24,
                0.56667
            ],
            [
                25,
                0.5302899999999999
            ],
            [
                26,
                0.5603
            ],
            [
                27,
                0.5444
            ],
            [
                28,
                0.52512
            ],
            [
                29,
                0.54421
            ],
            [
                30,
                0.54264
            ]
        ]
    },
    "metrics_distributed": {
        "FL_accuracy": [
            [
                1,
                0.2064
            ],
            [
                2,
                0.4492999999999999
            ],
            [
                3,
                0.5591999999999999
            ],
            [
                4,
                0.5956
            ],
            [
                5,
                0.6223
            ],
            [
                6,
                0.6536
            ],
            [
                7,
                0.7126
            ],
            [
                8,
                0.6685999999999999
            ],
            [
                9,
                0.6736000000000001
            ],
            [
                10,
                0.7271
            ],
            [
                11,
                0.6998999999999999
            ],
            [
                12,
                0.7028
            ],
            [
                13,
                0.7056000000000001
            ],
            [
                14,
                0.7123
            ],
            [
                15,
                0.7158999999999999
            ],
            [
                16,
                0.7251000000000001
            ],
            [
                17,
                0.7110000000000001
            ],
            [
                18,
                0.7336
            ],
            [
                19,
                0.7481
            ],
            [
                20,
                0.7571000000000001
            ],
            [
                21,
                0.7558
            ],
            [
                22,
                0.7451999999999999
            ],
            [
                23,
                0.7552000000000001
            ],
            [
                24,
                0.7549
            ],
            [
                25,
                0.7324
            ],
            [
                26,
                0.7641
            ],
            [
                27,
                0.7485
            ],
            [
                28,
                0.7676999999999999
            ],
            [
                29,
                0.756
            ],
            [
                30,
                0.7386999999999999
            ]
        ]
    },
    "FL_loss": {
        "1": 2.5241036619949337,
        "2": 2.3021642006301883,
        "3": 2.096075648956299,
        "4": 2.0446085774707794,
        "5": 2.0574258888435364,
        "6": 2.117490932998657,
        "7": 1.997680575761795,
        "8": 2.2415746507263186,
        "9": 2.1389472746944422,
        "10": 1.931557797341347,
        "11": 1.8533834173345565,
        "12": 2.239144381542206,
        "13": 1.9081053284215925,
        "14": 1.8631957748413082,
        "15": 2.1139379536247254,
        "16": 1.8618176916265483,
        "17": 1.9543153943538667,
        "18": 2.0343608875036243,
        "19": 1.9943754696941371,
        "20": 1.90896246193409,
        "21": 2.1151039084768293,
        "22": 1.9889748164415362,
        "23": 1.9480074432754517,
        "24": 1.908247861008644,
        "25": 2.080844611668587,
        "26": 1.9665234472846986,
        "27": 2.02059232465744,
        "28": 2.1008375048875805,
        "29": 2.1394530082845686,
        "30": 2.059832033185959
    },
    "FL_accuracy": {
        "1": 0.18229,
        "2": 0.29785000000000006,
        "3": 0.36394000000000004,
        "4": 0.4250400000000001,
        "5": 0.4512300000000001,
        "6": 0.43856,
        "7": 0.4479,
        "8": 0.42835,
        "9": 0.46281,
        "10": 0.49312999999999985,
        "11": 0.50726,
        "12": 0.47476,
        "13": 0.5166200000000001,
        "14": 0.5255700000000001,
        "15": 0.49551999999999996,
        "16": 0.53467,
        "17": 0.51671,
        "18": 0.51056,
        "19": 0.52195,
        "20": 0.5418100000000001,
        "21": 0.51072,
        "22": 0.53352,
        "23": 0.53799,
        "24": 0.56667,
        "25": 0.5302899999999999,
        "26": 0.5603,
        "27": 0.5444,
        "28": 0.52512,
        "29": 0.54421,
        "30": 0.54264
    }
}