{
    "losses_distributed": {
        "1": [
            1,
            1.829188346862793
        ],
        "2": [
            2,
            0.9971810579299927
        ],
        "3": [
            3,
            0.873274564743042
        ],
        "4": [
            4,
            0.8023766875267029
        ],
        "5": [
            5,
            0.7735456228256226
        ],
        "6": [
            6,
            0.7236660718917847
        ],
        "7": [
            7,
            0.7666045427322388
        ],
        "8": [
            8,
            0.7153879404067993
        ],
        "9": [
            9,
            0.6746753454208374
        ],
        "10": [
            10,
            0.6877613067626953
        ],
        "11": [
            11,
            0.6675972938537598
        ],
        "12": [
            12,
            0.6503258347511292
        ],
        "13": [
            13,
            0.6354829668998718
        ],
        "14": [
            14,
            0.6271002292633057
        ],
        "15": [
            15,
            0.6054873466491699
        ],
        "16": [
            16,
            0.5939499139785767
        ],
        "17": [
            17,
            0.6395216584205627
        ],
        "18": [
            18,
            0.5826988816261292
        ],
        "19": [
            19,
            0.5788722038269043
        ],
        "20": [
            20,
            0.5757378339767456
        ],
        "21": [
            21,
            0.5905371308326721
        ],
        "22": [
            22,
            0.5708343386650085
        ],
        "23": [
            23,
            0.5607556104660034
        ],
        "24": [
            24,
            0.5690707564353943
        ],
        "25": [
            25,
            0.5442606806755066
        ],
        "26": [
            26,
            0.5469456911087036
        ],
        "27": [
            27,
            0.5676977038383484
        ],
        "28": [
            28,
            0.5306500792503357
        ],
        "29": [
            29,
            0.5239302515983582
        ],
        "30": [
            30,
            0.5229198336601257
        ]
    },
    "metrics_distributed_fit": {
        "FL_loss": [
            [
                1,
                2.4189600568771357
            ],
            [
                2,
                1.7028830964469912
            ],
            [
                3,
                1.3446971001148222
            ],
            [
                4,
                1.3129331756877898
            ],
            [
                5,
                1.2361757673358915
            ],
            [
                6,
                1.2344755771064757
            ],
            [
                7,
                1.2269733247518542
            ],
            [
                8,
                1.3390804353523253
            ],
            [
                9,
                1.0521213965129852
            ],
            [
                10,
                1.0255744907140731
            ],
            [
                11,
                1.0772576651525498
            ],
            [
                12,
                1.0047998122310637
            ],
            [
                13,
                1.016036664738655
            ],
            [
                14,
                1.039393001918793
            ],
            [
                15,
                0.9595578305053711
            ],
            [
                16,
                0.9731360189771653
            ],
            [
                17,
                1.0552066272068024
            ],
            [
                18,
                0.9103240713691712
            ],
            [
                19,
                0.920950063495636
            ],
            [
                20,
                0.807430949268341
            ],
            [
                21,
                0.9049243964624404
            ],
            [
                22,
                0.852598925848007
            ],
            [
                23,
                0.9183940254640579
            ],
            [
                24,
                0.8943934121894836
            ],
            [
                25,
                0.9602567988157272
            ],
            [
                26,
                0.8976570480918884
            ],
            [
                27,
                0.884185395936966
            ],
            [
                28,
                0.8266063425445557
            ],
            [
                29,
                0.8925132031440736
            ],
            [
                30,
                0.8281045271205901
            ]
        ],
        "FL_accuracy": [
            [
                1,
                0.25182999999999994
            ],
            [
                2,
                0.41518999999999995
            ],
            [
                3,
                0.51955
            ],
            [
                4,
                0.5676300000000001
            ],
            [
                5,
                0.57947
            ],
            [
                6,
                0.57693
            ],
            [
                7,
                0.60863
            ],
            [
                8,
                0.57879
            ],
            [
                9,
                0.6355500000000001
            ],
            [
                10,
                0.6354799999999999
            ],
            [
                11,
                0.6328400000000001
            ],
            [
                12,
                0.65002
            ],
            [
                13,
                0.6427999999999999
            ],
            [
                14,
                0.6443099999999999
            ],
            [
                15,
                0.66974
            ],
            [
                16,
                0.6492199999999999
            ],
            [
                17,
                0.6486099999999999
            ],
            [
                18,
                0.67492
            ],
            [
                19,
                0.6813600000000001
            ],
            [
                20,
                0.7039000000000001
            ],
            [
                21,
                0.68011
            ],
            [
                22,
                0.6976100000000001
            ],
            [
                23,
                0.6819399999999999
            ],
            [
                24,
                0.68407
            ],
            [
                25,
                0.67448
            ],
            [
                26,
                0.6860299999999999
            ],
            [
                27,
                0.6912200000000001
            ],
            [
                28,
                0.7008099999999999
            ],
            [
                29,
                0.6968099999999999
            ],
            [
                30,
                0.7082399999999999
            ]
        ]
    },
    "metrics_distributed": {
        "FL_accuracy": [
            [
                1,
                0.46909999999999996
            ],
            [
                2,
                0.6327
            ],
            [
                3,
                0.6986999999999999
            ],
            [
                4,
                0.6942000000000002
            ],
            [
                5,
                0.7019
            ],
            [
                6,
                0.7388000000000001
            ],
            [
                7,
                0.7089999999999999
            ],
            [
                8,
                0.7196
            ],
            [
                9,
                0.7524
            ],
            [
                10,
                0.7378
            ],
            [
                11,
                0.7417999999999999
            ],
            [
                12,
                0.7605000000000001
            ],
            [
                13,
                0.7652
            ],
            [
                14,
                0.7524
            ],
            [
                15,
                0.7751
            ],
            [
                16,
                0.7751
            ],
            [
                17,
                0.7587
            ],
            [
                18,
                0.7855
            ],
            [
                19,
                0.7802
            ],
            [
                20,
                0.7750000000000001
            ],
            [
                21,
                0.7786
            ],
            [
                22,
                0.7882999999999999
            ],
            [
                23,
                0.7908999999999999
            ],
            [
                24,
                0.7857000000000001
            ],
            [
                25,
                0.7958999999999999
            ],
            [
                26,
                0.7950999999999999
            ],
            [
                27,
                0.7816
            ],
            [
                28,
                0.7976
            ],
            [
                29,
                0.8110000000000002
            ],
            [
                30,
                0.8103999999999999
            ]
        ]
    },
    "FL_loss": {
        "1": 2.4189600568771357,
        "2": 1.7028830964469912,
        "3": 1.3446971001148222,
        "4": 1.3129331756877898,
        "5": 1.2361757673358915,
        "6": 1.2344755771064757,
        "7": 1.2269733247518542,
        "8": 1.3390804353523253,
        "9": 1.0521213965129852,
        "10": 1.0255744907140731,
        "11": 1.0772576651525498,
        "12": 1.0047998122310637,
        "13": 1.016036664738655,
        "14": 1.039393001918793,
        "15": 0.9595578305053711,
        "16": 0.9731360189771653,
        "17": 1.0552066272068024,
        "18": 0.9103240713691712,
        "19": 0.920950063495636,
        "20": 0.807430949268341,
        "21": 0.9049243964624404,
        "22": 0.852598925848007,
        "23": 0.9183940254640579,
        "24": 0.8943934121894836,
        "25": 0.9602567988157272,
        "26": 0.8976570480918884,
        "27": 0.884185395936966,
        "28": 0.8266063425445557,
        "29": 0.8925132031440736,
        "30": 0.8281045271205901
    },
    "FL_accuracy": {
        "1": 0.25182999999999994,
        "2": 0.41518999999999995,
        "3": 0.51955,
        "4": 0.5676300000000001,
        "5": 0.57947,
        "6": 0.57693,
        "7": 0.60863,
        "8": 0.57879,
        "9": 0.6355500000000001,
        "10": 0.6354799999999999,
        "11": 0.6328400000000001,
        "12": 0.65002,
        "13": 0.6427999999999999,
        "14": 0.6443099999999999,
        "15": 0.66974,
        "16": 0.6492199999999999,
        "17": 0.6486099999999999,
        "18": 0.67492,
        "19": 0.6813600000000001,
        "20": 0.7039000000000001,
        "21": 0.68011,
        "22": 0.6976100000000001,
        "23": 0.6819399999999999,
        "24": 0.68407,
        "25": 0.67448,
        "26": 0.6860299999999999,
        "27": 0.6912200000000001,
        "28": 0.7008099999999999,
        "29": 0.6968099999999999,
        "30": 0.7082399999999999
    }
}