{
    "losses_distributed": {
        "1": [
            1,
            2.260456085205078
        ],
        "2": [
            2,
            1.9840750694274902
        ],
        "3": [
            3,
            1.3727926015853882
        ],
        "4": [
            4,
            1.0548200607299805
        ],
        "5": [
            5,
            0.9087997674942017
        ],
        "6": [
            6,
            0.8541905879974365
        ],
        "7": [
            7,
            0.7969629764556885
        ],
        "8": [
            8,
            0.7820939421653748
        ],
        "9": [
            9,
            0.7853661775588989
        ],
        "10": [
            10,
            0.7315372824668884
        ],
        "11": [
            11,
            0.7623059749603271
        ],
        "12": [
            12,
            0.7201955318450928
        ],
        "13": [
            13,
            0.6923887133598328
        ],
        "14": [
            14,
            0.6934046149253845
        ],
        "15": [
            15,
            0.6721736192703247
        ],
        "16": [
            16,
            0.6995315551757812
        ],
        "17": [
            17,
            0.6981989741325378
        ],
        "18": [
            18,
            0.6564528942108154
        ],
        "19": [
            19,
            0.6586087346076965
        ],
        "20": [
            20,
            0.6637290716171265
        ],
        "21": [
            21,
            0.6201024651527405
        ],
        "22": [
            22,
            0.6186500191688538
        ],
        "23": [
            23,
            0.6109433770179749
        ],
        "24": [
            24,
            0.6119878888130188
        ],
        "25": [
            25,
            0.6014835238456726
        ],
        "26": [
            26,
            0.6206660270690918
        ],
        "27": [
            27,
            0.5809808969497681
        ],
        "28": [
            28,
            0.5797315835952759
        ],
        "29": [
            29,
            0.5977919101715088
        ],
        "30": [
            30,
            0.5856935977935791
        ]
    },
    "metrics_distributed_fit": {
        "FL_loss": [
            [
                1,
                2.538653652992248
            ],
            [
                2,
                2.511684030609131
            ],
            [
                3,
                2.199909917430878
            ],
            [
                4,
                2.049287093734741
            ],
            [
                5,
                2.120708590488434
            ],
            [
                6,
                2.0731450548839567
            ],
            [
                7,
                1.9086887487792967
            ],
            [
                8,
                1.7984082152080536
            ],
            [
                9,
                1.938690483803749
            ],
            [
                10,
                1.826151304526329
            ],
            [
                11,
                1.7314224455356597
            ],
            [
                12,
                1.8637390770864486
            ],
            [
                13,
                1.7531980439281463
            ],
            [
                14,
                2.0839220349264145
            ],
            [
                15,
                1.6600169102954865
            ],
            [
                16,
                1.78063901350975
            ],
            [
                17,
                1.6665271960449217
            ],
            [
                18,
                1.751047814435959
            ],
            [
                19,
                1.842595541806221
            ],
            [
                20,
                1.6694841031694412
            ],
            [
                21,
                1.788712353477478
            ],
            [
                22,
                1.7906481214666368
            ],
            [
                23,
                1.7398723539447782
            ],
            [
                24,
                1.7616258797550202
            ],
            [
                25,
                1.7516857753467563
            ],
            [
                26,
                1.783050594639778
            ],
            [
                27,
                1.676181599726677
            ],
            [
                28,
                1.642301076002121
            ],
            [
                29,
                1.6579925218105316
            ],
            [
                30,
                1.6603698198843002
            ]
        ],
        "FL_accuracy": [
            [
                1,
                0.12335
            ],
            [
                2,
                0.22564
            ],
            [
                3,
                0.32244
            ],
            [
                4,
                0.36835999999999997
            ],
            [
                5,
                0.38534
            ],
            [
                6,
                0.41902
            ],
            [
                7,
                0.42707000000000006
            ],
            [
                8,
                0.47473
            ],
            [
                9,
                0.45640000000000003
            ],
            [
                10,
                0.4849899999999999
            ],
            [
                11,
                0.50478
            ],
            [
                12,
                0.48787
            ],
            [
                13,
                0.5244399999999999
            ],
            [
                14,
                0.46434
            ],
            [
                15,
                0.53114
            ],
            [
                16,
                0.50491
            ],
            [
                17,
                0.52992
            ],
            [
                18,
                0.51166
            ],
            [
                19,
                0.5151699999999999
            ],
            [
                20,
                0.53725
            ],
            [
                21,
                0.5192
            ],
            [
                22,
                0.5252300000000001
            ],
            [
                23,
                0.5380999999999999
            ],
            [
                24,
                0.53706
            ],
            [
                25,
                0.54188
            ],
            [
                26,
                0.5165299999999999
            ],
            [
                27,
                0.54999
            ],
            [
                28,
                0.5615399999999999
            ],
            [
                29,
                0.54532
            ],
            [
                30,
                0.5606099999999999
            ]
        ]
    },
    "metrics_distributed": {
        "FL_accuracy": [
            [
                1,
                0.18480000000000002
            ],
            [
                2,
                0.2721
            ],
            [
                3,
                0.5492
            ],
            [
                4,
                0.5915
            ],
            [
                5,
                0.6460999999999999
            ],
            [
                6,
                0.6797000000000001
            ],
            [
                7,
                0.7001999999999999
            ],
            [
                8,
                0.7056000000000001
            ],
            [
                9,
                0.7218
            ],
            [
                10,
                0.7261
            ],
            [
                11,
                0.7171000000000001
            ],
            [
                12,
                0.7381
            ],
            [
                13,
                0.7484
            ],
            [
                14,
                0.7373000000000001
            ],
            [
                15,
                0.7491000000000001
            ],
            [
                16,
                0.7487000000000001
            ],
            [
                17,
                0.7533000000000001
            ],
            [
                18,
                0.7533000000000001
            ],
            [
                19,
                0.7623999999999999
            ],
            [
                20,
                0.7638
            ],
            [
                21,
                0.7729999999999999
            ],
            [
                22,
                0.7754000000000001
            ],
            [
                23,
                0.7759
            ],
            [
                24,
                0.7703
            ],
            [
                25,
                0.7806
            ],
            [
                26,
                0.7670000000000001
            ],
            [
                27,
                0.7873
            ],
            [
                28,
                0.7843
            ],
            [
                29,
                0.7826000000000001
            ],
            [
                30,
                0.78
            ]
        ]
    },
    "FL_loss": {
        "1": 2.538653652992248,
        "2": 2.511684030609131,
        "3": 2.199909917430878,
        "4": 2.049287093734741,
        "5": 2.120708590488434,
        "6": 2.0731450548839567,
        "7": 1.9086887487792967,
        "8": 1.7984082152080536,
        "9": 1.938690483803749,
        "10": 1.826151304526329,
        "11": 1.7314224455356597,
        "12": 1.8637390770864486,
        "13": 1.7531980439281463,
        "14": 2.0839220349264145,
        "15": 1.6600169102954865,
        "16": 1.78063901350975,
        "17": 1.6665271960449217,
        "18": 1.751047814435959,
        "19": 1.842595541806221,
        "20": 1.6694841031694412,
        "21": 1.788712353477478,
        "22": 1.7906481214666368,
        "23": 1.7398723539447782,
        "24": 1.7616258797550202,
        "25": 1.7516857753467563,
        "26": 1.783050594639778,
        "27": 1.676181599726677,
        "28": 1.642301076002121,
        "29": 1.6579925218105316,
        "30": 1.6603698198843002
    },
    "FL_accuracy": {
        "1": 0.12335,
        "2": 0.22564,
        "3": 0.32244,
        "4": 0.36835999999999997,
        "5": 0.38534,
        "6": 0.41902,
        "7": 0.42707000000000006,
        "8": 0.47473,
        "9": 0.45640000000000003,
        "10": 0.4849899999999999,
        "11": 0.50478,
        "12": 0.48787,
        "13": 0.5244399999999999,
        "14": 0.46434,
        "15": 0.53114,
        "16": 0.50491,
        "17": 0.52992,
        "18": 0.51166,
        "19": 0.5151699999999999,
        "20": 0.53725,
        "21": 0.5192,
        "22": 0.5252300000000001,
        "23": 0.5380999999999999,
        "24": 0.53706,
        "25": 0.54188,
        "26": 0.5165299999999999,
        "27": 0.54999,
        "28": 0.5615399999999999,
        "29": 0.54532,
        "30": 0.5606099999999999
    }
}