{
    "losses_distributed": {
        "1": [
            1,
            2.1317832469940186
        ],
        "2": [
            2,
            1.2869852781295776
        ],
        "3": [
            3,
            0.9794155359268188
        ],
        "4": [
            4,
            0.8346497416496277
        ],
        "5": [
            5,
            0.8079041838645935
        ],
        "6": [
            6,
            0.7672433257102966
        ],
        "7": [
            7,
            0.7420392036437988
        ],
        "8": [
            8,
            0.7266178131103516
        ],
        "9": [
            9,
            0.6855442523956299
        ],
        "10": [
            10,
            0.6827396750450134
        ],
        "11": [
            11,
            0.6734811067581177
        ],
        "12": [
            12,
            0.6805751323699951
        ],
        "13": [
            13,
            0.6632212400436401
        ],
        "14": [
            14,
            0.6609548330307007
        ],
        "15": [
            15,
            0.6395148634910583
        ],
        "16": [
            16,
            0.6544049382209778
        ],
        "17": [
            17,
            0.6435310244560242
        ],
        "18": [
            18,
            0.6212992072105408
        ],
        "19": [
            19,
            0.6344080567359924
        ],
        "20": [
            20,
            0.6000313758850098
        ],
        "21": [
            21,
            0.6039612293243408
        ],
        "22": [
            22,
            0.5940712690353394
        ],
        "23": [
            23,
            0.5713430643081665
        ],
        "24": [
            24,
            0.5713594555854797
        ],
        "25": [
            25,
            0.5716831684112549
        ],
        "26": [
            26,
            0.56778484582901
        ],
        "27": [
            27,
            0.5563847422599792
        ],
        "28": [
            28,
            0.5702504515647888
        ],
        "29": [
            29,
            0.5461711287498474
        ],
        "30": [
            30,
            0.5442516207695007
        ]
    },
    "metrics_distributed_fit": {
        "FL_loss": [
            [
                1,
                2.5431497618484498
            ],
            [
                2,
                1.9748076948738096
            ],
            [
                3,
                1.6715522427463534
            ],
            [
                4,
                1.3385315027427673
            ],
            [
                5,
                1.3326510493564605
            ],
            [
                6,
                1.1157189579486846
            ],
            [
                7,
                1.2435050157165528
            ],
            [
                8,
                1.111148322443962
            ],
            [
                9,
                1.2194106165790557
            ],
            [
                10,
                1.1830915957069394
            ],
            [
                11,
                1.0992340232038496
            ],
            [
                12,
                1.1125409633874894
            ],
            [
                13,
                1.0721105672979354
            ],
            [
                14,
                1.147673527712822
            ],
            [
                15,
                0.9640216706752778
            ],
            [
                16,
                1.025960406794548
            ],
            [
                17,
                1.00825533182621
            ],
            [
                18,
                1.1234351253986359
            ],
            [
                19,
                0.9558283439922335
            ],
            [
                20,
                0.9572236653327941
            ],
            [
                21,
                1.0580936459636687
            ],
            [
                22,
                0.963533210849762
            ],
            [
                23,
                0.9003900037765502
            ],
            [
                24,
                0.8546926160287857
            ],
            [
                25,
                0.9380611895465851
            ],
            [
                26,
                0.9361704598712921
            ],
            [
                27,
                0.8227015069913864
            ],
            [
                28,
                0.9628985378170014
            ],
            [
                29,
                0.8646424503087997
            ],
            [
                30,
                0.9275877024888992
            ]
        ],
        "FL_accuracy": [
            [
                1,
                0.21527999999999997
            ],
            [
                2,
                0.39249
            ],
            [
                3,
                0.46948
            ],
            [
                4,
                0.5419700000000001
            ],
            [
                5,
                0.56686
            ],
            [
                6,
                0.6113999999999999
            ],
            [
                7,
                0.56763
            ],
            [
                8,
                0.63246
            ],
            [
                9,
                0.6079700000000001
            ],
            [
                10,
                0.60422
            ],
            [
                11,
                0.6167400000000001
            ],
            [
                12,
                0.62948
            ],
            [
                13,
                0.6466899999999999
            ],
            [
                14,
                0.63507
            ],
            [
                15,
                0.65812
            ],
            [
                16,
                0.6615500000000001
            ],
            [
                17,
                0.6512500000000001
            ],
            [
                18,
                0.6411300000000001
            ],
            [
                19,
                0.66996
            ],
            [
                20,
                0.66354
            ],
            [
                21,
                0.65018
            ],
            [
                22,
                0.6719899999999999
            ],
            [
                23,
                0.67291
            ],
            [
                24,
                0.69411
            ],
            [
                25,
                0.67978
            ],
            [
                26,
                0.67887
            ],
            [
                27,
                0.7003199999999999
            ],
            [
                28,
                0.67787
            ],
            [
                29,
                0.69633
            ],
            [
                30,
                0.6908899999999999
            ]
        ]
    },
    "metrics_distributed": {
        "FL_accuracy": [
            [
                1,
                0.2938
            ],
            [
                2,
                0.5252999999999999
            ],
            [
                3,
                0.6383
            ],
            [
                4,
                0.6994
            ],
            [
                5,
                0.7089
            ],
            [
                6,
                0.7062
            ],
            [
                7,
                0.716
            ],
            [
                8,
                0.7156
            ],
            [
                9,
                0.7449000000000001
            ],
            [
                10,
                0.7469
            ],
            [
                11,
                0.747
            ],
            [
                12,
                0.7562999999999999
            ],
            [
                13,
                0.7399000000000001
            ],
            [
                14,
                0.7506000000000002
            ],
            [
                15,
                0.7533000000000001
            ],
            [
                16,
                0.7582000000000001
            ],
            [
                17,
                0.7424
            ],
            [
                18,
                0.7653
            ],
            [
                19,
                0.7485999999999999
            ],
            [
                20,
                0.7691
            ],
            [
                21,
                0.7756
            ],
            [
                22,
                0.7694
            ],
            [
                23,
                0.7868000000000002
            ],
            [
                24,
                0.7801
            ],
            [
                25,
                0.7775
            ],
            [
                26,
                0.7929000000000002
            ],
            [
                27,
                0.7953
            ],
            [
                28,
                0.7847999999999999
            ],
            [
                29,
                0.7929000000000002
            ],
            [
                30,
                0.7954999999999999
            ]
        ]
    },
    "FL_loss": {
        "1": 2.5431497618484498,
        "2": 1.9748076948738096,
        "3": 1.6715522427463534,
        "4": 1.3385315027427673,
        "5": 1.3326510493564605,
        "6": 1.1157189579486846,
        "7": 1.2435050157165528,
        "8": 1.111148322443962,
        "9": 1.2194106165790557,
        "10": 1.1830915957069394,
        "11": 1.0992340232038496,
        "12": 1.1125409633874894,
        "13": 1.0721105672979354,
        "14": 1.147673527712822,
        "15": 0.9640216706752778,
        "16": 1.025960406794548,
        "17": 1.00825533182621,
        "18": 1.1234351253986359,
        "19": 0.9558283439922335,
        "20": 0.9572236653327941,
        "21": 1.0580936459636687,
        "22": 0.963533210849762,
        "23": 0.9003900037765502,
        "24": 0.8546926160287857,
        "25": 0.9380611895465851,
        "26": 0.9361704598712921,
        "27": 0.8227015069913864,
        "28": 0.9628985378170014,
        "29": 0.8646424503087997,
        "30": 0.9275877024888992
    },
    "FL_accuracy": {
        "1": 0.21527999999999997,
        "2": 0.39249,
        "3": 0.46948,
        "4": 0.5419700000000001,
        "5": 0.56686,
        "6": 0.6113999999999999,
        "7": 0.56763,
        "8": 0.63246,
        "9": 0.6079700000000001,
        "10": 0.60422,
        "11": 0.6167400000000001,
        "12": 0.62948,
        "13": 0.6466899999999999,
        "14": 0.63507,
        "15": 0.65812,
        "16": 0.6615500000000001,
        "17": 0.6512500000000001,
        "18": 0.6411300000000001,
        "19": 0.66996,
        "20": 0.66354,
        "21": 0.65018,
        "22": 0.6719899999999999,
        "23": 0.67291,
        "24": 0.69411,
        "25": 0.67978,
        "26": 0.67887,
        "27": 0.7003199999999999,
        "28": 0.67787,
        "29": 0.69633,
        "30": 0.6908899999999999
    }
}