{
    "losses_distributed": {
        "1": [
            1,
            2.411463737487793
        ],
        "2": [
            2,
            1.6818901300430298
        ],
        "3": [
            3,
            1.5507696866989136
        ],
        "4": [
            4,
            1.244834542274475
        ],
        "5": [
            5,
            1.130016565322876
        ],
        "6": [
            6,
            1.1446961164474487
        ],
        "7": [
            7,
            1.0759265422821045
        ],
        "8": [
            8,
            1.0372626781463623
        ],
        "9": [
            9,
            0.9090874791145325
        ],
        "10": [
            10,
            1.167620062828064
        ],
        "11": [
            11,
            0.7729383111000061
        ],
        "12": [
            12,
            1.0515176057815552
        ],
        "13": [
            13,
            0.8172176480293274
        ],
        "14": [
            14,
            0.9761497378349304
        ],
        "15": [
            15,
            0.7451047301292419
        ],
        "16": [
            16,
            0.8745936751365662
        ],
        "17": [
            17,
            0.7860147356987
        ],
        "18": [
            18,
            0.8101174235343933
        ],
        "19": [
            19,
            0.786003589630127
        ],
        "20": [
            20,
            0.9161655306816101
        ],
        "21": [
            21,
            0.8978758454322815
        ],
        "22": [
            22,
            0.828912615776062
        ],
        "23": [
            23,
            0.9554314613342285
        ],
        "24": [
            24,
            0.8008084893226624
        ],
        "25": [
            25,
            0.7798559069633484
        ],
        "26": [
            26,
            0.7101693153381348
        ],
        "27": [
            27,
            0.8634964823722839
        ],
        "28": [
            28,
            0.7002794742584229
        ],
        "29": [
            29,
            0.6928911805152893
        ],
        "30": [
            30,
            0.6831207871437073
        ]
    },
    "metrics_distributed_fit": {
        "FL_loss": [
            [
                1,
                2.5532503478622437
            ],
            [
                2,
                2.0067459731674195
            ],
            [
                3,
                1.644143969602585
            ],
            [
                4,
                1.5302100450897218
            ],
            [
                5,
                1.3164556959438325
            ],
            [
                6,
                1.2546093680381774
            ],
            [
                7,
                1.1661511366844175
            ],
            [
                8,
                1.1645099748897552
            ],
            [
                9,
                1.3455885536861418
            ],
            [
                10,
                1.5041975870847701
            ],
            [
                11,
                1.1267466305685043
            ],
            [
                12,
                1.2200327720022202
            ],
            [
                13,
                0.993910890083313
            ],
            [
                14,
                1.1422020286750794
            ],
            [
                15,
                1.0882945968484878
            ],
            [
                16,
                1.0406524485874178
            ],
            [
                17,
                1.0349939873456955
            ],
            [
                18,
                0.967632129163742
            ],
            [
                19,
                1.1267901135778426
            ],
            [
                20,
                1.0348985819768906
            ],
            [
                21,
                1.0960133390855789
            ],
            [
                22,
                1.144594670958519
            ],
            [
                23,
                1.052801613049507
            ],
            [
                24,
                1.2178284577274323
            ],
            [
                25,
                1.2607178881359102
            ],
            [
                26,
                1.05216565782547
            ],
            [
                27,
                1.0721317955112457
            ],
            [
                28,
                0.9767609224414826
            ],
            [
                29,
                0.9230791844367982
            ],
            [
                30,
                1.0560603540706635
            ]
        ],
        "FL_accuracy": [
            [
                1,
                0.19093
            ],
            [
                2,
                0.36873
            ],
            [
                3,
                0.48661000000000004
            ],
            [
                4,
                0.50653
            ],
            [
                5,
                0.52652
            ],
            [
                6,
                0.5713499999999999
            ],
            [
                7,
                0.57314
            ],
            [
                8,
                0.59815
            ],
            [
                9,
                0.57765
            ],
            [
                10,
                0.5635800000000001
            ],
            [
                11,
                0.62579
            ],
            [
                12,
                0.6022900000000002
            ],
            [
                13,
                0.6463399999999999
            ],
            [
                14,
                0.63166
            ],
            [
                15,
                0.64266
            ],
            [
                16,
                0.6424
            ],
            [
                17,
                0.6564899999999999
            ],
            [
                18,
                0.6631099999999999
            ],
            [
                19,
                0.6231899999999999
            ],
            [
                20,
                0.65101
            ],
            [
                21,
                0.64249
            ],
            [
                22,
                0.63681
            ],
            [
                23,
                0.64388
            ],
            [
                24,
                0.6343699999999999
            ],
            [
                25,
                0.63612
            ],
            [
                26,
                0.65035
            ],
            [
                27,
                0.65389
            ],
            [
                28,
                0.67298
            ],
            [
                29,
                0.6737400000000001
            ],
            [
                30,
                0.66522
            ]
        ]
    },
    "metrics_distributed": {
        "FL_accuracy": [
            [
                1,
                0.20400000000000001
            ],
            [
                2,
                0.4175
            ],
            [
                3,
                0.4676
            ],
            [
                4,
                0.5129
            ],
            [
                5,
                0.5004
            ],
            [
                6,
                0.5469999999999999
            ],
            [
                7,
                0.5547000000000001
            ],
            [
                8,
                0.5673000000000001
            ],
            [
                9,
                0.6593
            ],
            [
                10,
                0.5748
            ],
            [
                11,
                0.7092
            ],
            [
                12,
                0.6285
            ],
            [
                13,
                0.718
            ],
            [
                14,
                0.6574
            ],
            [
                15,
                0.7272
            ],
            [
                16,
                0.6845
            ],
            [
                17,
                0.7239000000000001
            ],
            [
                18,
                0.7056000000000001
            ],
            [
                19,
                0.7194
            ],
            [
                20,
                0.6771
            ],
            [
                21,
                0.671
            ],
            [
                22,
                0.6943
            ],
            [
                23,
                0.6652000000000001
            ],
            [
                24,
                0.7167000000000001
            ],
            [
                25,
                0.7245999999999999
            ],
            [
                26,
                0.7295999999999999
            ],
            [
                27,
                0.7027
            ],
            [
                28,
                0.7449000000000001
            ],
            [
                29,
                0.7466
            ],
            [
                30,
                0.7582000000000001
            ]
        ]
    },
    "FL_loss": {
        "1": 2.5532503478622437,
        "2": 2.0067459731674195,
        "3": 1.644143969602585,
        "4": 1.5302100450897218,
        "5": 1.3164556959438325,
        "6": 1.2546093680381774,
        "7": 1.1661511366844175,
        "8": 1.1645099748897552,
        "9": 1.3455885536861418,
        "10": 1.5041975870847701,
        "11": 1.1267466305685043,
        "12": 1.2200327720022202,
        "13": 0.993910890083313,
        "14": 1.1422020286750794,
        "15": 1.0882945968484878,
        "16": 1.0406524485874178,
        "17": 1.0349939873456955,
        "18": 0.967632129163742,
        "19": 1.1267901135778426,
        "20": 1.0348985819768906,
        "21": 1.0960133390855789,
        "22": 1.144594670958519,
        "23": 1.052801613049507,
        "24": 1.2178284577274323,
        "25": 1.2607178881359102,
        "26": 1.05216565782547,
        "27": 1.0721317955112457,
        "28": 0.9767609224414826,
        "29": 0.9230791844367982,
        "30": 1.0560603540706635
    },
    "FL_accuracy": {
        "1": 0.19093,
        "2": 0.36873,
        "3": 0.48661000000000004,
        "4": 0.50653,
        "5": 0.52652,
        "6": 0.5713499999999999,
        "7": 0.57314,
        "8": 0.59815,
        "9": 0.57765,
        "10": 0.5635800000000001,
        "11": 0.62579,
        "12": 0.6022900000000002,
        "13": 0.6463399999999999,
        "14": 0.63166,
        "15": 0.64266,
        "16": 0.6424,
        "17": 0.6564899999999999,
        "18": 0.6631099999999999,
        "19": 0.6231899999999999,
        "20": 0.65101,
        "21": 0.64249,
        "22": 0.63681,
        "23": 0.64388,
        "24": 0.6343699999999999,
        "25": 0.63612,
        "26": 0.65035,
        "27": 0.65389,
        "28": 0.67298,
        "29": 0.6737400000000001,
        "30": 0.66522
    }
}