{
    "losses_distributed": {
        "1": [
            1,
            2.4153685569763184
        ],
        "2": [
            2,
            2.36625337600708
        ],
        "3": [
            3,
            1.4642646312713623
        ],
        "4": [
            4,
            1.2815518379211426
        ],
        "5": [
            5,
            1.1326062679290771
        ],
        "6": [
            6,
            1.0471283197402954
        ],
        "7": [
            7,
            0.9690473675727844
        ],
        "8": [
            8,
            0.989082396030426
        ],
        "9": [
            9,
            0.9839999079704285
        ],
        "10": [
            10,
            0.9414154291152954
        ],
        "11": [
            11,
            0.848677933216095
        ],
        "12": [
            12,
            1.0669773817062378
        ],
        "13": [
            13,
            0.7955948710441589
        ],
        "14": [
            14,
            0.884600043296814
        ],
        "15": [
            15,
            0.9188060760498047
        ],
        "16": [
            16,
            0.8493159413337708
        ],
        "17": [
            17,
            0.8387724757194519
        ],
        "18": [
            18,
            0.9280440211296082
        ],
        "19": [
            19,
            0.8088328242301941
        ],
        "20": [
            20,
            0.8309764862060547
        ],
        "21": [
            21,
            0.7537903189659119
        ],
        "22": [
            22,
            0.882255494594574
        ],
        "23": [
            23,
            0.7412327527999878
        ],
        "24": [
            24,
            0.7482452392578125
        ],
        "25": [
            25,
            0.8345609307289124
        ],
        "26": [
            26,
            0.7261257767677307
        ],
        "27": [
            27,
            0.7848578691482544
        ],
        "28": [
            28,
            0.679024875164032
        ],
        "29": [
            29,
            0.7055675387382507
        ],
        "30": [
            30,
            0.7723191976547241
        ]
    },
    "metrics_distributed_fit": {
        "FL_loss": [
            [
                1,
                2.5838216758728025
            ],
            [
                2,
                2.4169138995933537
            ],
            [
                3,
                2.192406217346192
            ],
            [
                4,
                1.8463470654392247
            ],
            [
                5,
                1.8533510019016262
            ],
            [
                6,
                1.7645973490810392
            ],
            [
                7,
                1.7024261856460572
            ],
            [
                8,
                1.7691672616672516
            ],
            [
                9,
                1.6821219233417513
            ],
            [
                10,
                1.6906372860240935
            ],
            [
                11,
                1.6597354293060302
            ],
            [
                12,
                1.6225752765464783
            ],
            [
                13,
                1.5737621060276035
            ],
            [
                14,
                1.6101654704380035
            ],
            [
                15,
                1.6158249247550962
            ],
            [
                16,
                1.6261602481174466
            ],
            [
                17,
                1.6285447438526153
            ],
            [
                18,
                1.6913693865394592
            ],
            [
                19,
                1.5421803581666944
            ],
            [
                20,
                1.6910903558778763
            ],
            [
                21,
                1.6811243741083142
            ],
            [
                22,
                1.5593803865528106
            ],
            [
                23,
                1.6160637187337876
            ],
            [
                24,
                1.6006873250532148
            ],
            [
                25,
                1.7077744485044477
            ],
            [
                26,
                1.6528676068258286
            ],
            [
                27,
                1.801843510274887
            ],
            [
                28,
                1.6807759705781937
            ],
            [
                29,
                1.5529307695627215
            ],
            [
                30,
                1.5076618692064283
            ]
        ],
        "FL_accuracy": [
            [
                1,
                0.13302
            ],
            [
                2,
                0.24533
            ],
            [
                3,
                0.31087
            ],
            [
                4,
                0.40218999999999994
            ],
            [
                5,
                0.41775
            ],
            [
                6,
                0.44460000000000005
            ],
            [
                7,
                0.47512
            ],
            [
                8,
                0.48204
            ],
            [
                9,
                0.48141000000000006
            ],
            [
                10,
                0.49890000000000007
            ],
            [
                11,
                0.50753
            ],
            [
                12,
                0.5021
            ],
            [
                13,
                0.5222
            ],
            [
                14,
                0.52213
            ],
            [
                15,
                0.52991
            ],
            [
                16,
                0.52467
            ],
            [
                17,
                0.52098
            ],
            [
                18,
                0.50375
            ],
            [
                19,
                0.52999
            ],
            [
                20,
                0.50876
            ],
            [
                21,
                0.5186200000000001
            ],
            [
                22,
                0.52993
            ],
            [
                23,
                0.5471799999999999
            ],
            [
                24,
                0.55654
            ],
            [
                25,
                0.5208900000000001
            ],
            [
                26,
                0.53502
            ],
            [
                27,
                0.49495999999999996
            ],
            [
                28,
                0.53114
            ],
            [
                29,
                0.55137
            ],
            [
                30,
                0.5544399999999999
            ]
        ]
    },
    "metrics_distributed": {
        "FL_accuracy": [
            [
                1,
                0.1
            ],
            [
                2,
                0.2839
            ],
            [
                3,
                0.4614
            ],
            [
                4,
                0.4626
            ],
            [
                5,
                0.5317
            ],
            [
                6,
                0.5524000000000001
            ],
            [
                7,
                0.6098999999999999
            ],
            [
                8,
                0.6079
            ],
            [
                9,
                0.6146
            ],
            [
                10,
                0.6357999999999999
            ],
            [
                11,
                0.6962
            ],
            [
                12,
                0.5978000000000001
            ],
            [
                13,
                0.7064000000000001
            ],
            [
                14,
                0.6761
            ],
            [
                15,
                0.6928
            ],
            [
                16,
                0.6974
            ],
            [
                17,
                0.6982
            ],
            [
                18,
                0.6576000000000001
            ],
            [
                19,
                0.7300000000000001
            ],
            [
                20,
                0.6954
            ],
            [
                21,
                0.7339
            ],
            [
                22,
                0.6774000000000001
            ],
            [
                23,
                0.7466
            ],
            [
                24,
                0.736
            ],
            [
                25,
                0.7030000000000001
            ],
            [
                26,
                0.7431
            ],
            [
                27,
                0.7108999999999999
            ],
            [
                28,
                0.758
            ],
            [
                29,
                0.7476
            ],
            [
                30,
                0.7153
            ]
        ]
    },
    "FL_loss": {
        "1": 2.5838216758728025,
        "2": 2.4169138995933537,
        "3": 2.192406217346192,
        "4": 1.8463470654392247,
        "5": 1.8533510019016262,
        "6": 1.7645973490810392,
        "7": 1.7024261856460572,
        "8": 1.7691672616672516,
        "9": 1.6821219233417513,
        "10": 1.6906372860240935,
        "11": 1.6597354293060302,
        "12": 1.6225752765464783,
        "13": 1.5737621060276035,
        "14": 1.6101654704380035,
        "15": 1.6158249247550962,
        "16": 1.6261602481174466,
        "17": 1.6285447438526153,
        "18": 1.6913693865394592,
        "19": 1.5421803581666944,
        "20": 1.6910903558778763,
        "21": 1.6811243741083142,
        "22": 1.5593803865528106,
        "23": 1.6160637187337876,
        "24": 1.6006873250532148,
        "25": 1.7077744485044477,
        "26": 1.6528676068258286,
        "27": 1.801843510274887,
        "28": 1.6807759705781937,
        "29": 1.5529307695627215,
        "30": 1.5076618692064283
    },
    "FL_accuracy": {
        "1": 0.13302,
        "2": 0.24533,
        "3": 0.31087,
        "4": 0.40218999999999994,
        "5": 0.41775,
        "6": 0.44460000000000005,
        "7": 0.47512,
        "8": 0.48204,
        "9": 0.48141000000000006,
        "10": 0.49890000000000007,
        "11": 0.50753,
        "12": 0.5021,
        "13": 0.5222,
        "14": 0.52213,
        "15": 0.52991,
        "16": 0.52467,
        "17": 0.52098,
        "18": 0.50375,
        "19": 0.52999,
        "20": 0.50876,
        "21": 0.5186200000000001,
        "22": 0.52993,
        "23": 0.5471799999999999,
        "24": 0.55654,
        "25": 0.5208900000000001,
        "26": 0.53502,
        "27": 0.49495999999999996,
        "28": 0.53114,
        "29": 0.55137,
        "30": 0.5544399999999999
    }
}