{
    "losses_distributed": {
        "1": [
            1,
            2.1298463344573975
        ],
        "2": [
            2,
            1.3704469203948975
        ],
        "3": [
            3,
            0.9788638949394226
        ],
        "4": [
            4,
            0.8687505722045898
        ],
        "5": [
            5,
            0.8209452629089355
        ],
        "6": [
            6,
            0.7989302277565002
        ],
        "7": [
            7,
            0.761329174041748
        ],
        "8": [
            8,
            0.7438392639160156
        ],
        "9": [
            9,
            0.7178322672843933
        ],
        "10": [
            10,
            0.7092059254646301
        ],
        "11": [
            11,
            0.7012603878974915
        ],
        "12": [
            12,
            0.685455858707428
        ],
        "13": [
            13,
            0.6862523555755615
        ],
        "14": [
            14,
            0.6689068078994751
        ],
        "15": [
            15,
            0.6655290722846985
        ],
        "16": [
            16,
            0.642299234867096
        ],
        "17": [
            17,
            0.637302577495575
        ],
        "18": [
            18,
            0.6550126671791077
        ],
        "19": [
            19,
            0.6320013403892517
        ],
        "20": [
            20,
            0.6302716732025146
        ],
        "21": [
            21,
            0.6263033747673035
        ],
        "22": [
            22,
            0.6053025126457214
        ],
        "23": [
            23,
            0.6070875525474548
        ],
        "24": [
            24,
            0.6252461671829224
        ],
        "25": [
            25,
            0.5901440382003784
        ],
        "26": [
            26,
            0.6118802428245544
        ],
        "27": [
            27,
            0.5766852498054504
        ],
        "28": [
            28,
            0.5837340950965881
        ],
        "29": [
            29,
            0.568569004535675
        ],
        "30": [
            30,
            0.5614089965820312
        ]
    },
    "metrics_distributed_fit": {
        "FL_loss": [
            [
                1,
                2.54286031080246
            ],
            [
                2,
                2.0466385238075255
            ],
            [
                3,
                1.4308526830387114
            ],
            [
                4,
                1.6446589256477355
            ],
            [
                5,
                1.3749111058139802
            ],
            [
                6,
                1.2594307221603391
            ],
            [
                7,
                1.395626363630295
            ],
            [
                8,
                1.3147597545003893
            ],
            [
                9,
                1.3063123725652694
            ],
            [
                10,
                1.0471290312910082
            ],
            [
                11,
                1.1541531095361708
            ],
            [
                12,
                1.1213560044574737
            ],
            [
                13,
                0.9582434488868714
            ],
            [
                14,
                1.07542421022892
            ],
            [
                15,
                1.0684293097782134
            ],
            [
                16,
                1.2419731549835205
            ],
            [
                17,
                0.9642644150209426
            ],
            [
                18,
                1.020371735124588
            ],
            [
                19,
                1.248627425336838
            ],
            [
                20,
                0.9740687980604171
            ],
            [
                21,
                1.0737756622695922
            ],
            [
                22,
                0.9002901872682572
            ],
            [
                23,
                0.899560620546341
            ],
            [
                24,
                1.0888550616455077
            ],
            [
                25,
                1.0834925372362136
            ],
            [
                26,
                1.1037188529968263
            ],
            [
                27,
                0.9872772409486771
            ],
            [
                28,
                1.1260498152589797
            ],
            [
                29,
                0.9549699227476118
            ],
            [
                30,
                0.9887521673154831
            ]
        ],
        "FL_accuracy": [
            [
                1,
                0.19411
            ],
            [
                2,
                0.3686900000000001
            ],
            [
                3,
                0.49872999999999995
            ],
            [
                4,
                0.4634500000000001
            ],
            [
                5,
                0.5272999999999999
            ],
            [
                6,
                0.56323
            ],
            [
                7,
                0.56403
            ],
            [
                8,
                0.58508
            ],
            [
                9,
                0.59266
            ],
            [
                10,
                0.6443
            ],
            [
                11,
                0.62607
            ],
            [
                12,
                0.61804
            ],
            [
                13,
                0.6509199999999999
            ],
            [
                14,
                0.6287999999999999
            ],
            [
                15,
                0.64244
            ],
            [
                16,
                0.60859
            ],
            [
                17,
                0.65519
            ],
            [
                18,
                0.66281
            ],
            [
                19,
                0.62196
            ],
            [
                20,
                0.66737
            ],
            [
                21,
                0.6466099999999999
            ],
            [
                22,
                0.67286
            ],
            [
                23,
                0.6903499999999999
            ],
            [
                24,
                0.6559899999999999
            ],
            [
                25,
                0.64923
            ],
            [
                26,
                0.65944
            ],
            [
                27,
                0.67057
            ],
            [
                28,
                0.6534500000000001
            ],
            [
                29,
                0.6790400000000001
            ],
            [
                30,
                0.68087
            ]
        ]
    },
    "metrics_distributed": {
        "FL_accuracy": [
            [
                1,
                0.2693
            ],
            [
                2,
                0.5854
            ],
            [
                3,
                0.6434
            ],
            [
                4,
                0.6975999999999999
            ],
            [
                5,
                0.6872
            ],
            [
                6,
                0.7022000000000002
            ],
            [
                7,
                0.7173999999999999
            ],
            [
                8,
                0.728
            ],
            [
                9,
                0.7251000000000001
            ],
            [
                10,
                0.7366
            ],
            [
                11,
                0.7306999999999999
            ],
            [
                12,
                0.75
            ],
            [
                13,
                0.7316
            ],
            [
                14,
                0.7355
            ],
            [
                15,
                0.7516
            ],
            [
                16,
                0.7607
            ],
            [
                17,
                0.7577999999999999
            ],
            [
                18,
                0.7607
            ],
            [
                19,
                0.753
            ],
            [
                20,
                0.755
            ],
            [
                21,
                0.7538
            ],
            [
                22,
                0.7663
            ],
            [
                23,
                0.7775999999999998
            ],
            [
                24,
                0.7498000000000001
            ],
            [
                25,
                0.7777000000000001
            ],
            [
                26,
                0.7724
            ],
            [
                27,
                0.7891000000000001
            ],
            [
                28,
                0.7832
            ],
            [
                29,
                0.7825
            ],
            [
                30,
                0.7905
            ]
        ]
    },
    "FL_loss": {
        "1": 2.54286031080246,
        "2": 2.0466385238075255,
        "3": 1.4308526830387114,
        "4": 1.6446589256477355,
        "5": 1.3749111058139802,
        "6": 1.2594307221603391,
        "7": 1.395626363630295,
        "8": 1.3147597545003893,
        "9": 1.3063123725652694,
        "10": 1.0471290312910082,
        "11": 1.1541531095361708,
        "12": 1.1213560044574737,
        "13": 0.9582434488868714,
        "14": 1.07542421022892,
        "15": 1.0684293097782134,
        "16": 1.2419731549835205,
        "17": 0.9642644150209426,
        "18": 1.020371735124588,
        "19": 1.248627425336838,
        "20": 0.9740687980604171,
        "21": 1.0737756622695922,
        "22": 0.9002901872682572,
        "23": 0.899560620546341,
        "24": 1.0888550616455077,
        "25": 1.0834925372362136,
        "26": 1.1037188529968263,
        "27": 0.9872772409486771,
        "28": 1.1260498152589797,
        "29": 0.9549699227476118,
        "30": 0.9887521673154831
    },
    "FL_accuracy": {
        "1": 0.19411,
        "2": 0.3686900000000001,
        "3": 0.49872999999999995,
        "4": 0.4634500000000001,
        "5": 0.5272999999999999,
        "6": 0.56323,
        "7": 0.56403,
        "8": 0.58508,
        "9": 0.59266,
        "10": 0.6443,
        "11": 0.62607,
        "12": 0.61804,
        "13": 0.6509199999999999,
        "14": 0.6287999999999999,
        "15": 0.64244,
        "16": 0.60859,
        "17": 0.65519,
        "18": 0.66281,
        "19": 0.62196,
        "20": 0.66737,
        "21": 0.6466099999999999,
        "22": 0.67286,
        "23": 0.6903499999999999,
        "24": 0.6559899999999999,
        "25": 0.64923,
        "26": 0.65944,
        "27": 0.67057,
        "28": 0.6534500000000001,
        "29": 0.6790400000000001,
        "30": 0.68087
    }
}