{
    "losses_distributed": {
        "1": [
            1,
            2.2045180797576904
        ],
        "2": [
            2,
            1.5709418058395386
        ],
        "3": [
            3,
            1.0408713817596436
        ],
        "4": [
            4,
            0.9124981760978699
        ],
        "5": [
            5,
            0.8495435118675232
        ],
        "6": [
            6,
            0.830638587474823
        ],
        "7": [
            7,
            0.7516988515853882
        ],
        "8": [
            8,
            0.7314296960830688
        ],
        "9": [
            9,
            0.7277396321296692
        ],
        "10": [
            10,
            0.7034412622451782
        ],
        "11": [
            11,
            0.7037203907966614
        ],
        "12": [
            12,
            0.7008525729179382
        ],
        "13": [
            13,
            0.6760228276252747
        ],
        "14": [
            14,
            0.7049416899681091
        ],
        "15": [
            15,
            0.6497548222541809
        ],
        "16": [
            16,
            0.6526143550872803
        ],
        "17": [
            17,
            0.627391517162323
        ],
        "18": [
            18,
            0.6291924118995667
        ],
        "19": [
            19,
            0.632826030254364
        ],
        "20": [
            20,
            0.6029958128929138
        ],
        "21": [
            21,
            0.6027249097824097
        ],
        "22": [
            22,
            0.5971460342407227
        ],
        "23": [
            23,
            0.5884268879890442
        ],
        "24": [
            24,
            0.5875838994979858
        ],
        "25": [
            25,
            0.5893076658248901
        ],
        "26": [
            26,
            0.5701636075973511
        ],
        "27": [
            27,
            0.5684893727302551
        ],
        "28": [
            28,
            0.5534197688102722
        ],
        "29": [
            29,
            0.5766295790672302
        ],
        "30": [
            30,
            0.5486677885055542
        ]
    },
    "metrics_distributed_fit": {
        "FL_loss": [
            [
                1,
                2.51646240776062
            ],
            [
                2,
                2.1399865115737917
            ],
            [
                3,
                1.6533641313552856
            ],
            [
                4,
                1.7602903829669951
            ],
            [
                5,
                1.377692103624344
            ],
            [
                6,
                1.268421757507324
            ],
            [
                7,
                1.1812607117176055
            ],
            [
                8,
                1.1587296638011932
            ],
            [
                9,
                1.300309957370758
            ],
            [
                10,
                1.1826566514968873
            ],
            [
                11,
                1.115805766940117
            ],
            [
                12,
                1.0690647400474549
            ],
            [
                13,
                1.1096247754240036
            ],
            [
                14,
                1.1695293061590195
            ],
            [
                15,
                0.9993565117692947
            ],
            [
                16,
                1.168309176955223
            ],
            [
                17,
                0.9512548735904695
            ],
            [
                18,
                1.1100528860139849
            ],
            [
                19,
                1.0387721970558168
            ],
            [
                20,
                0.9321473062086104
            ],
            [
                21,
                0.8919345806550979
            ],
            [
                22,
                1.0255523661756514
            ],
            [
                23,
                0.8992429767084122
            ],
            [
                24,
                0.8963946076536177
            ],
            [
                25,
                0.9099981560850143
            ],
            [
                26,
                0.9211858103609085
            ],
            [
                27,
                0.950226673154831
            ],
            [
                28,
                1.0746818119287491
            ],
            [
                29,
                0.8268983631992339
            ],
            [
                30,
                0.9177828017663956
            ]
        ],
        "FL_accuracy": [
            [
                1,
                0.17961000000000002
            ],
            [
                2,
                0.35178000000000004
            ],
            [
                3,
                0.44197999999999993
            ],
            [
                4,
                0.44806
            ],
            [
                5,
                0.52296
            ],
            [
                6,
                0.5721
            ],
            [
                7,
                0.5942899999999999
            ],
            [
                8,
                0.59953
            ],
            [
                9,
                0.58059
            ],
            [
                10,
                0.59347
            ],
            [
                11,
                0.6223700000000001
            ],
            [
                12,
                0.6395299999999999
            ],
            [
                13,
                0.6284799999999999
            ],
            [
                14,
                0.61841
            ],
            [
                15,
                0.65744
            ],
            [
                16,
                0.6318300000000001
            ],
            [
                17,
                0.6656000000000001
            ],
            [
                18,
                0.6336
            ],
            [
                19,
                0.65396
            ],
            [
                20,
                0.67255
            ],
            [
                21,
                0.6787500000000001
            ],
            [
                22,
                0.65574
            ],
            [
                23,
                0.6788200000000001
            ],
            [
                24,
                0.6831099999999999
            ],
            [
                25,
                0.6840499999999999
            ],
            [
                26,
                0.6700600000000001
            ],
            [
                27,
                0.66617
            ],
            [
                28,
                0.65201
            ],
            [
                29,
                0.7049399999999999
            ],
            [
                30,
                0.6918200000000001
            ]
        ]
    },
    "metrics_distributed": {
        "FL_accuracy": [
            [
                1,
                0.26569999999999994
            ],
            [
                2,
                0.4896
            ],
            [
                3,
                0.6233000000000001
            ],
            [
                4,
                0.652
            ],
            [
                5,
                0.6693999999999999
            ],
            [
                6,
                0.6858000000000001
            ],
            [
                7,
                0.7107
            ],
            [
                8,
                0.7207999999999999
            ],
            [
                9,
                0.7341999999999999
            ],
            [
                10,
                0.7439
            ],
            [
                11,
                0.7427
            ],
            [
                12,
                0.7417999999999999
            ],
            [
                13,
                0.7332
            ],
            [
                14,
                0.7248
            ],
            [
                15,
                0.7611
            ],
            [
                16,
                0.7569999999999999
            ],
            [
                17,
                0.7599
            ],
            [
                18,
                0.7626
            ],
            [
                19,
                0.7655000000000001
            ],
            [
                20,
                0.7813999999999999
            ],
            [
                21,
                0.7755
            ],
            [
                22,
                0.7778
            ],
            [
                23,
                0.7813
            ],
            [
                24,
                0.7755
            ],
            [
                25,
                0.7769000000000001
            ],
            [
                26,
                0.7839
            ],
            [
                27,
                0.7847999999999999
            ],
            [
                28,
                0.7958
            ],
            [
                29,
                0.7857000000000001
            ],
            [
                30,
                0.7945
            ]
        ]
    },
    "FL_loss": {
        "1": 2.51646240776062,
        "2": 2.1399865115737917,
        "3": 1.6533641313552856,
        "4": 1.7602903829669951,
        "5": 1.377692103624344,
        "6": 1.268421757507324,
        "7": 1.1812607117176055,
        "8": 1.1587296638011932,
        "9": 1.300309957370758,
        "10": 1.1826566514968873,
        "11": 1.115805766940117,
        "12": 1.0690647400474549,
        "13": 1.1096247754240036,
        "14": 1.1695293061590195,
        "15": 0.9993565117692947,
        "16": 1.168309176955223,
        "17": 0.9512548735904695,
        "18": 1.1100528860139849,
        "19": 1.0387721970558168,
        "20": 0.9321473062086104,
        "21": 0.8919345806550979,
        "22": 1.0255523661756514,
        "23": 0.8992429767084122,
        "24": 0.8963946076536177,
        "25": 0.9099981560850143,
        "26": 0.9211858103609085,
        "27": 0.950226673154831,
        "28": 1.0746818119287491,
        "29": 0.8268983631992339,
        "30": 0.9177828017663956
    },
    "FL_accuracy": {
        "1": 0.17961000000000002,
        "2": 0.35178000000000004,
        "3": 0.44197999999999993,
        "4": 0.44806,
        "5": 0.52296,
        "6": 0.5721,
        "7": 0.5942899999999999,
        "8": 0.59953,
        "9": 0.58059,
        "10": 0.59347,
        "11": 0.6223700000000001,
        "12": 0.6395299999999999,
        "13": 0.6284799999999999,
        "14": 0.61841,
        "15": 0.65744,
        "16": 0.6318300000000001,
        "17": 0.6656000000000001,
        "18": 0.6336,
        "19": 0.65396,
        "20": 0.67255,
        "21": 0.6787500000000001,
        "22": 0.65574,
        "23": 0.6788200000000001,
        "24": 0.6831099999999999,
        "25": 0.6840499999999999,
        "26": 0.6700600000000001,
        "27": 0.66617,
        "28": 0.65201,
        "29": 0.7049399999999999,
        "30": 0.6918200000000001
    }
}