{
    "losses_distributed": {
        "1": [
            1,
            2.536198616027832
        ],
        "2": [
            2,
            2.807227849960327
        ],
        "3": [
            3,
            3.9320483207702637
        ],
        "4": [
            4,
            5.05832576751709
        ],
        "5": [
            5,
            5.9297590255737305
        ],
        "6": [
            6,
            6.453348159790039
        ],
        "7": [
            7,
            6.951547622680664
        ],
        "8": [
            8,
            7.55152702331543
        ],
        "9": [
            9,
            7.817401885986328
        ],
        "10": [
            10,
            7.9157304763793945
        ],
        "11": [
            11,
            8.101325988769531
        ],
        "12": [
            12,
            8.52260971069336
        ],
        "13": [
            13,
            8.452192306518555
        ],
        "14": [
            14,
            8.788546562194824
        ],
        "15": [
            15,
            8.868206024169922
        ],
        "16": [
            16,
            8.922219276428223
        ],
        "17": [
            17,
            8.703410148620605
        ],
        "18": [
            18,
            8.954141616821289
        ],
        "19": [
            19,
            9.12795639038086
        ],
        "20": [
            20,
            9.260576248168945
        ],
        "21": [
            21,
            9.12485122680664
        ],
        "22": [
            22,
            9.293262481689453
        ],
        "23": [
            23,
            9.035449028015137
        ],
        "24": [
            24,
            9.367815971374512
        ],
        "25": [
            25,
            9.572186470031738
        ],
        "26": [
            26,
            9.393074989318848
        ],
        "27": [
            27,
            9.41398811340332
        ],
        "28": [
            28,
            9.562153816223145
        ],
        "29": [
            29,
            9.751293182373047
        ],
        "30": [
            30,
            9.596721649169922
        ]
    },
    "metrics_distributed_fit": {
        "FL_loss": [
            [
                1,
                2.6343676333999633
            ],
            [
                2,
                2.8130922933578493
            ],
            [
                3,
                3.2255660190582267
            ],
            [
                4,
                3.870301630401612
            ],
            [
                5,
                4.450931151924133
            ],
            [
                6,
                4.689659061698913
            ],
            [
                7,
                4.803747235145568
            ],
            [
                8,
                5.164941007728576
            ],
            [
                9,
                5.255470210342407
            ],
            [
                10,
                5.1542153384017935
            ],
            [
                11,
                5.247510548706055
            ],
            [
                12,
                5.369805577449798
            ],
            [
                13,
                5.451777903823852
            ],
            [
                14,
                5.36908247253418
            ],
            [
                15,
                5.557368890743256
            ],
            [
                16,
                5.588130260238647
            ],
            [
                17,
                5.44829871793747
            ],
            [
                18,
                5.483257847366333
            ],
            [
                19,
                5.494881023578643
            ],
            [
                20,
                5.62471137828827
            ],
            [
                21,
                5.569481696472167
            ],
            [
                22,
                5.663513566093444
            ],
            [
                23,
                5.580595152778625
            ],
            [
                24,
                5.677940348052978
            ],
            [
                25,
                5.6919871713542936
            ],
            [
                26,
                5.592730369300842
            ],
            [
                27,
                5.5905742146492
            ],
            [
                28,
                5.723683867416382
            ],
            [
                29,
                5.882289540290833
            ],
            [
                30,
                5.646264636020661
            ]
        ],
        "FL_accuracy": [
            [
                1,
                0.12861999999999998
            ],
            [
                2,
                0.16528
            ],
            [
                3,
                0.17373999999999998
            ],
            [
                4,
                0.20099
            ],
            [
                5,
                0.19485999999999998
            ],
            [
                6,
                0.19541999999999998
            ],
            [
                7,
                0.20320999999999997
            ],
            [
                8,
                0.21984000000000004
            ],
            [
                9,
                0.20917
            ],
            [
                10,
                0.22535
            ],
            [
                11,
                0.21386999999999995
            ],
            [
                12,
                0.22033999999999998
            ],
            [
                13,
                0.21179
            ],
            [
                14,
                0.24419
            ],
            [
                15,
                0.22639
            ],
            [
                16,
                0.21835999999999997
            ],
            [
                17,
                0.24327000000000001
            ],
            [
                18,
                0.23636000000000004
            ],
            [
                19,
                0.23593000000000003
            ],
            [
                20,
                0.23398
            ],
            [
                21,
                0.21448
            ],
            [
                22,
                0.23639000000000002
            ],
            [
                23,
                0.24472
            ],
            [
                24,
                0.24661
            ],
            [
                25,
                0.24616000000000002
            ],
            [
                26,
                0.24733999999999998
            ],
            [
                27,
                0.23544
            ],
            [
                28,
                0.23845
            ],
            [
                29,
                0.23769999999999997
            ],
            [
                30,
                0.23841
            ]
        ]
    },
    "metrics_distributed": {
        "FL_accuracy": [
            [
                1,
                0.0348
            ],
            [
                2,
                0.0125
            ],
            [
                3,
                0.0369
            ],
            [
                4,
                0.024
            ],
            [
                5,
                0.029199999999999997
            ],
            [
                6,
                0.0182
            ],
            [
                7,
                0.019499999999999997
            ],
            [
                8,
                0.023299999999999998
            ],
            [
                9,
                0.0131
            ],
            [
                10,
                0.016800000000000002
            ],
            [
                11,
                0.0137
            ],
            [
                12,
                0.016800000000000002
            ],
            [
                13,
                0.020999999999999998
            ],
            [
                14,
                0.0269
            ],
            [
                15,
                0.0298
            ],
            [
                16,
                0.0229
            ],
            [
                17,
                0.0101
            ],
            [
                18,
                0.005699999999999999
            ],
            [
                19,
                0.0247
            ],
            [
                20,
                0.0214
            ],
            [
                21,
                0.0098
            ],
            [
                22,
                0.0202
            ],
            [
                23,
                0.004999999999999999
            ],
            [
                24,
                0.0166
            ],
            [
                25,
                0.0209
            ],
            [
                26,
                0.010899999999999998
            ],
            [
                27,
                0.013300000000000001
            ],
            [
                28,
                0.0116
            ],
            [
                29,
                0.0157
            ],
            [
                30,
                0.0117
            ]
        ]
    },
    "FL_loss": {
        "1": 2.6343676333999633,
        "2": 2.8130922933578493,
        "3": 3.2255660190582267,
        "4": 3.870301630401612,
        "5": 4.450931151924133,
        "6": 4.689659061698913,
        "7": 4.803747235145568,
        "8": 5.164941007728576,
        "9": 5.255470210342407,
        "10": 5.1542153384017935,
        "11": 5.247510548706055,
        "12": 5.369805577449798,
        "13": 5.451777903823852,
        "14": 5.36908247253418,
        "15": 5.557368890743256,
        "16": 5.588130260238647,
        "17": 5.44829871793747,
        "18": 5.483257847366333,
        "19": 5.494881023578643,
        "20": 5.62471137828827,
        "21": 5.569481696472167,
        "22": 5.663513566093444,
        "23": 5.580595152778625,
        "24": 5.677940348052978,
        "25": 5.6919871713542936,
        "26": 5.592730369300842,
        "27": 5.5905742146492,
        "28": 5.723683867416382,
        "29": 5.882289540290833,
        "30": 5.646264636020661
    },
    "FL_accuracy": {
        "1": 0.12861999999999998,
        "2": 0.16528,
        "3": 0.17373999999999998,
        "4": 0.20099,
        "5": 0.19485999999999998,
        "6": 0.19541999999999998,
        "7": 0.20320999999999997,
        "8": 0.21984000000000004,
        "9": 0.20917,
        "10": 0.22535,
        "11": 0.21386999999999995,
        "12": 0.22033999999999998,
        "13": 0.21179,
        "14": 0.24419,
        "15": 0.22639,
        "16": 0.21835999999999997,
        "17": 0.24327000000000001,
        "18": 0.23636000000000004,
        "19": 0.23593000000000003,
        "20": 0.23398,
        "21": 0.21448,
        "22": 0.23639000000000002,
        "23": 0.24472,
        "24": 0.24661,
        "25": 0.24616000000000002,
        "26": 0.24733999999999998,
        "27": 0.23544,
        "28": 0.23845,
        "29": 0.23769999999999997,
        "30": 0.23841
    }
}