{
    "losses_distributed": {
        "1": [
            1,
            2.42669939994812
        ],
        "2": [
            2,
            1.9598723649978638
        ],
        "3": [
            3,
            1.4215285778045654
        ],
        "4": [
            4,
            1.24534010887146
        ],
        "5": [
            5,
            1.122314453125
        ],
        "6": [
            6,
            0.9263732433319092
        ],
        "7": [
            7,
            0.9437142014503479
        ],
        "8": [
            8,
            0.8842564225196838
        ],
        "9": [
            9,
            0.8371460437774658
        ],
        "10": [
            10,
            0.8337433338165283
        ],
        "11": [
            11,
            0.7333905100822449
        ],
        "12": [
            12,
            0.7320519685745239
        ],
        "13": [
            13,
            0.7932217717170715
        ],
        "14": [
            14,
            0.8186054825782776
        ],
        "15": [
            15,
            0.8794786334037781
        ],
        "16": [
            16,
            0.6822019219398499
        ],
        "17": [
            17,
            0.9583236575126648
        ],
        "18": [
            18,
            0.7639788389205933
        ],
        "19": [
            19,
            0.7087919116020203
        ],
        "20": [
            20,
            0.7517256140708923
        ],
        "21": [
            21,
            0.6546030044555664
        ],
        "22": [
            22,
            0.7050116658210754
        ],
        "23": [
            23,
            0.6983693838119507
        ],
        "24": [
            24,
            0.6436625719070435
        ],
        "25": [
            25,
            0.7386979460716248
        ],
        "26": [
            26,
            0.5928045511245728
        ],
        "27": [
            27,
            0.7191147804260254
        ],
        "28": [
            28,
            0.6244162321090698
        ],
        "29": [
            29,
            0.6521415710449219
        ],
        "30": [
            30,
            0.6275036931037903
        ]
    },
    "metrics_distributed_fit": {
        "FL_loss": [
            [
                1,
                2.5621979766082768
            ],
            [
                2,
                2.230835119190216
            ],
            [
                3,
                1.7059772104263307
            ],
            [
                4,
                1.5352735062217713
            ],
            [
                5,
                1.4260946323966979
            ],
            [
                6,
                1.3339181429481506
            ],
            [
                7,
                1.1244980298042297
            ],
            [
                8,
                1.2913901391506193
            ],
            [
                9,
                1.15430351082325
            ],
            [
                10,
                1.225281638455391
            ],
            [
                11,
                1.0986572940921784
            ],
            [
                12,
                1.0282529369926454
            ],
            [
                13,
                1.1103153931379317
            ],
            [
                14,
                1.177643370976448
            ],
            [
                15,
                0.9283191360187532
            ],
            [
                16,
                0.9254097066259386
            ],
            [
                17,
                1.1281745518016817
            ],
            [
                18,
                0.9902049195432664
            ],
            [
                19,
                0.8676259717798231
            ],
            [
                20,
                0.9702387550878523
            ],
            [
                21,
                0.9648873810291289
            ],
            [
                22,
                0.9259665644788742
            ],
            [
                23,
                1.0810009618997571
            ],
            [
                24,
                0.8257646506643296
            ],
            [
                25,
                0.8315423069667816
            ],
            [
                26,
                0.9536920686769486
            ],
            [
                27,
                0.9135248631811141
            ],
            [
                28,
                0.8315616909170152
            ],
            [
                29,
                0.9458768258929252
            ],
            [
                30,
                0.8176151374173164
            ]
        ],
        "FL_accuracy": [
            [
                1,
                0.16802
            ],
            [
                2,
                0.32074
            ],
            [
                3,
                0.4232699999999999
            ],
            [
                4,
                0.4951499999999999
            ],
            [
                5,
                0.53101
            ],
            [
                6,
                0.56154
            ],
            [
                7,
                0.60788
            ],
            [
                8,
                0.57853
            ],
            [
                9,
                0.6207999999999999
            ],
            [
                10,
                0.6095200000000001
            ],
            [
                11,
                0.6422200000000001
            ],
            [
                12,
                0.64929
            ],
            [
                13,
                0.6468800000000001
            ],
            [
                14,
                0.6342599999999999
            ],
            [
                15,
                0.6665699999999999
            ],
            [
                16,
                0.6808799999999999
            ],
            [
                17,
                0.6374000000000001
            ],
            [
                18,
                0.6643500000000001
            ],
            [
                19,
                0.69425
            ],
            [
                20,
                0.67666
            ],
            [
                21,
                0.68314
            ],
            [
                22,
                0.69224
            ],
            [
                23,
                0.6580199999999999
            ],
            [
                24,
                0.70816
            ],
            [
                25,
                0.70801
            ],
            [
                26,
                0.68059
            ],
            [
                27,
                0.68501
            ],
            [
                28,
                0.71419
            ],
            [
                29,
                0.6881999999999999
            ],
            [
                30,
                0.7092800000000001
            ]
        ]
    },
    "metrics_distributed": {
        "FL_accuracy": [
            [
                1,
                0.1
            ],
            [
                2,
                0.3862
            ],
            [
                3,
                0.42140000000000005
            ],
            [
                4,
                0.5237
            ],
            [
                5,
                0.47450000000000003
            ],
            [
                6,
                0.6508
            ],
            [
                7,
                0.6697
            ],
            [
                8,
                0.6469000000000001
            ],
            [
                9,
                0.6799
            ],
            [
                10,
                0.6786000000000001
            ],
            [
                11,
                0.7411000000000001
            ],
            [
                12,
                0.7385
            ],
            [
                13,
                0.716
            ],
            [
                14,
                0.688
            ],
            [
                15,
                0.6592
            ],
            [
                16,
                0.7463999999999998
            ],
            [
                17,
                0.6624999999999999
            ],
            [
                18,
                0.7186000000000001
            ],
            [
                19,
                0.7355
            ],
            [
                20,
                0.7252
            ],
            [
                21,
                0.7592999999999999
            ],
            [
                22,
                0.7422000000000001
            ],
            [
                23,
                0.7453000000000001
            ],
            [
                24,
                0.7556
            ],
            [
                25,
                0.7367999999999999
            ],
            [
                26,
                0.7782
            ],
            [
                27,
                0.7203
            ],
            [
                28,
                0.7732
            ],
            [
                29,
                0.7562999999999999
            ],
            [
                30,
                0.7657
            ]
        ]
    },
    "FL_loss": {
        "1": 2.5621979766082768,
        "2": 2.230835119190216,
        "3": 1.7059772104263307,
        "4": 1.5352735062217713,
        "5": 1.4260946323966979,
        "6": 1.3339181429481506,
        "7": 1.1244980298042297,
        "8": 1.2913901391506193,
        "9": 1.15430351082325,
        "10": 1.225281638455391,
        "11": 1.0986572940921784,
        "12": 1.0282529369926454,
        "13": 1.1103153931379317,
        "14": 1.177643370976448,
        "15": 0.9283191360187532,
        "16": 0.9254097066259386,
        "17": 1.1281745518016817,
        "18": 0.9902049195432664,
        "19": 0.8676259717798231,
        "20": 0.9702387550878523,
        "21": 0.9648873810291289,
        "22": 0.9259665644788742,
        "23": 1.0810009618997571,
        "24": 0.8257646506643296,
        "25": 0.8315423069667816,
        "26": 0.9536920686769486,
        "27": 0.9135248631811141,
        "28": 0.8315616909170152,
        "29": 0.9458768258929252,
        "30": 0.8176151374173164
    },
    "FL_accuracy": {
        "1": 0.16802,
        "2": 0.32074,
        "3": 0.4232699999999999,
        "4": 0.4951499999999999,
        "5": 0.53101,
        "6": 0.56154,
        "7": 0.60788,
        "8": 0.57853,
        "9": 0.6207999999999999,
        "10": 0.6095200000000001,
        "11": 0.6422200000000001,
        "12": 0.64929,
        "13": 0.6468800000000001,
        "14": 0.6342599999999999,
        "15": 0.6665699999999999,
        "16": 0.6808799999999999,
        "17": 0.6374000000000001,
        "18": 0.6643500000000001,
        "19": 0.69425,
        "20": 0.67666,
        "21": 0.68314,
        "22": 0.69224,
        "23": 0.6580199999999999,
        "24": 0.70816,
        "25": 0.70801,
        "26": 0.68059,
        "27": 0.68501,
        "28": 0.71419,
        "29": 0.6881999999999999,
        "30": 0.7092800000000001
    }
}