{
    "losses_distributed": {
        "1": [
            1,
            1.808908462524414
        ],
        "2": [
            2,
            0.9898952841758728
        ],
        "3": [
            3,
            0.9452271461486816
        ],
        "4": [
            4,
            0.85655677318573
        ],
        "5": [
            5,
            0.7993761301040649
        ],
        "6": [
            6,
            0.7918016910552979
        ],
        "7": [
            7,
            0.7291783690452576
        ],
        "8": [
            8,
            0.6943026781082153
        ],
        "9": [
            9,
            0.6877673864364624
        ],
        "10": [
            10,
            0.6509042978286743
        ],
        "11": [
            11,
            0.675480842590332
        ],
        "12": [
            12,
            0.6353908181190491
        ],
        "13": [
            13,
            0.6545405387878418
        ],
        "14": [
            14,
            0.6312508583068848
        ],
        "15": [
            15,
            0.6396914720535278
        ],
        "16": [
            16,
            0.6450429558753967
        ],
        "17": [
            17,
            0.6174278259277344
        ],
        "18": [
            18,
            0.6123669743537903
        ],
        "19": [
            19,
            0.6587352752685547
        ],
        "20": [
            20,
            0.5678697228431702
        ],
        "21": [
            21,
            0.6571976542472839
        ],
        "22": [
            22,
            0.5525425672531128
        ],
        "23": [
            23,
            0.5829707384109497
        ],
        "24": [
            24,
            0.5458622574806213
        ],
        "25": [
            25,
            0.555752158164978
        ],
        "26": [
            26,
            0.5214022994041443
        ],
        "27": [
            27,
            0.5341448187828064
        ],
        "28": [
            28,
            0.5382872223854065
        ],
        "29": [
            29,
            0.5458568334579468
        ],
        "30": [
            30,
            0.5190280079841614
        ]
    },
    "metrics_distributed_fit": {
        "FL_loss": [
            [
                1,
                2.39686883014679
            ],
            [
                2,
                1.7562958266448974
            ],
            [
                3,
                1.3838415619277955
            ],
            [
                4,
                1.3078216854190825
            ],
            [
                5,
                1.1693366807079315
            ],
            [
                6,
                1.3483532211017608
            ],
            [
                7,
                1.1907631744337082
            ],
            [
                8,
                1.119658509364128
            ],
            [
                9,
                1.047306344037056
            ],
            [
                10,
                1.073384936504364
            ],
            [
                11,
                1.0008293046045302
            ],
            [
                12,
                0.9848637930345536
            ],
            [
                13,
                0.9092828928804397
            ],
            [
                14,
                1.1672785012865068
            ],
            [
                15,
                0.9598109771060944
            ],
            [
                16,
                0.974723643732071
            ],
            [
                17,
                0.9583578221130372
            ],
            [
                18,
                0.9724768437480927
            ],
            [
                19,
                0.9347441714429856
            ],
            [
                20,
                0.9539655829906464
            ],
            [
                21,
                0.8424806455039977
            ],
            [
                22,
                0.8579954220104217
            ],
            [
                23,
                0.8151877696752547
            ],
            [
                24,
                0.8625539006185532
            ],
            [
                25,
                0.8139053453063966
            ],
            [
                26,
                0.7965031665134431
            ],
            [
                27,
                0.8424118930435182
            ],
            [
                28,
                0.8407775415468215
            ],
            [
                29,
                0.8154371735143663
            ],
            [
                30,
                0.8062589835691452
            ]
        ],
        "FL_accuracy": [
            [
                1,
                0.26155
            ],
            [
                2,
                0.42782
            ],
            [
                3,
                0.5253699999999999
            ],
            [
                4,
                0.56667
            ],
            [
                5,
                0.60134
            ],
            [
                6,
                0.58443
            ],
            [
                7,
                0.61119
            ],
            [
                8,
                0.6313599999999999
            ],
            [
                9,
                0.63579
            ],
            [
                10,
                0.6312399999999998
            ],
            [
                11,
                0.65628
            ],
            [
                12,
                0.6679999999999999
            ],
            [
                13,
                0.67917
            ],
            [
                14,
                0.62778
            ],
            [
                15,
                0.67204
            ],
            [
                16,
                0.6633500000000001
            ],
            [
                17,
                0.6833899999999999
            ],
            [
                18,
                0.6630900000000001
            ],
            [
                19,
                0.6850400000000001
            ],
            [
                20,
                0.68338
            ],
            [
                21,
                0.70554
            ],
            [
                22,
                0.6985800000000001
            ],
            [
                23,
                0.70458
            ],
            [
                24,
                0.6978500000000001
            ],
            [
                25,
                0.71402
            ],
            [
                26,
                0.71515
            ],
            [
                27,
                0.70324
            ],
            [
                28,
                0.70609
            ],
            [
                29,
                0.7074
            ],
            [
                30,
                0.71912
            ]
        ]
    },
    "metrics_distributed": {
        "FL_accuracy": [
            [
                1,
                0.3211
            ],
            [
                2,
                0.6379
            ],
            [
                3,
                0.6677
            ],
            [
                4,
                0.6491
            ],
            [
                5,
                0.7012
            ],
            [
                6,
                0.6828000000000001
            ],
            [
                7,
                0.7484
            ],
            [
                8,
                0.7261
            ],
            [
                9,
                0.7495
            ],
            [
                10,
                0.7539999999999999
            ],
            [
                11,
                0.7553
            ],
            [
                12,
                0.7649999999999999
            ],
            [
                13,
                0.7565999999999999
            ],
            [
                14,
                0.7553
            ],
            [
                15,
                0.7588
            ],
            [
                16,
                0.7646
            ],
            [
                17,
                0.7649
            ],
            [
                18,
                0.7705
            ],
            [
                19,
                0.7376000000000001
            ],
            [
                20,
                0.7899
            ],
            [
                21,
                0.774
            ],
            [
                22,
                0.8008
            ],
            [
                23,
                0.7792000000000001
            ],
            [
                24,
                0.7979
            ],
            [
                25,
                0.7884
            ],
            [
                26,
                0.8093999999999999
            ],
            [
                27,
                0.7935
            ],
            [
                28,
                0.8015000000000001
            ],
            [
                29,
                0.7895000000000001
            ],
            [
                30,
                0.8124
            ]
        ]
    },
    "FL_loss": {
        "1": 2.39686883014679,
        "2": 1.7562958266448974,
        "3": 1.3838415619277955,
        "4": 1.3078216854190825,
        "5": 1.1693366807079315,
        "6": 1.3483532211017608,
        "7": 1.1907631744337082,
        "8": 1.119658509364128,
        "9": 1.047306344037056,
        "10": 1.073384936504364,
        "11": 1.0008293046045302,
        "12": 0.9848637930345536,
        "13": 0.9092828928804397,
        "14": 1.1672785012865068,
        "15": 0.9598109771060944,
        "16": 0.974723643732071,
        "17": 0.9583578221130372,
        "18": 0.9724768437480927,
        "19": 0.9347441714429856,
        "20": 0.9539655829906464,
        "21": 0.8424806455039977,
        "22": 0.8579954220104217,
        "23": 0.8151877696752547,
        "24": 0.8625539006185532,
        "25": 0.8139053453063966,
        "26": 0.7965031665134431,
        "27": 0.8424118930435182,
        "28": 0.8407775415468215,
        "29": 0.8154371735143663,
        "30": 0.8062589835691452
    },
    "FL_accuracy": {
        "1": 0.26155,
        "2": 0.42782,
        "3": 0.5253699999999999,
        "4": 0.56667,
        "5": 0.60134,
        "6": 0.58443,
        "7": 0.61119,
        "8": 0.6313599999999999,
        "9": 0.63579,
        "10": 0.6312399999999998,
        "11": 0.65628,
        "12": 0.6679999999999999,
        "13": 0.67917,
        "14": 0.62778,
        "15": 0.67204,
        "16": 0.6633500000000001,
        "17": 0.6833899999999999,
        "18": 0.6630900000000001,
        "19": 0.6850400000000001,
        "20": 0.68338,
        "21": 0.70554,
        "22": 0.6985800000000001,
        "23": 0.70458,
        "24": 0.6978500000000001,
        "25": 0.71402,
        "26": 0.71515,
        "27": 0.70324,
        "28": 0.70609,
        "29": 0.7074,
        "30": 0.71912
    }
}