{
    "losses_distributed": {
        "1": [
            1,
            2.260982036590576
        ],
        "2": [
            2,
            2.0475986003875732
        ],
        "3": [
            3,
            1.9186887741088867
        ],
        "4": [
            4,
            1.9531853199005127
        ],
        "5": [
            5,
            1.8921022415161133
        ],
        "6": [
            6,
            1.830873727798462
        ],
        "7": [
            7,
            1.7853786945343018
        ],
        "8": [
            8,
            1.7793923616409302
        ],
        "9": [
            9,
            1.7519221305847168
        ],
        "10": [
            10,
            1.7173551321029663
        ],
        "11": [
            11,
            1.6611558198928833
        ],
        "12": [
            12,
            1.651479721069336
        ],
        "13": [
            13,
            1.6516307592391968
        ],
        "14": [
            14,
            1.5931135416030884
        ],
        "15": [
            15,
            1.6546069383621216
        ],
        "16": [
            16,
            1.6236552000045776
        ],
        "17": [
            17,
            1.6842907667160034
        ],
        "18": [
            18,
            1.5693941116333008
        ],
        "19": [
            19,
            1.637329339981079
        ],
        "20": [
            20,
            1.64094078540802
        ],
        "21": [
            21,
            1.583663821220398
        ],
        "22": [
            22,
            1.7002556324005127
        ],
        "23": [
            23,
            1.570517659187317
        ],
        "24": [
            24,
            1.6442807912826538
        ],
        "25": [
            25,
            1.5603379011154175
        ],
        "26": [
            26,
            1.5891718864440918
        ],
        "27": [
            27,
            1.6095399856567383
        ],
        "28": [
            28,
            1.6143306493759155
        ],
        "29": [
            29,
            1.6979418992996216
        ],
        "30": [
            30,
            1.5955876111984253
        ]
    },
    "metrics_distributed_fit": {
        "FL_loss": [
            [
                1,
                2.6653779353713984
            ],
            [
                2,
                2.866042604007721
            ],
            [
                3,
                3.000491091136932
            ],
            [
                4,
                3.2466696347427364
            ],
            [
                5,
                3.247240404520035
            ],
            [
                6,
                3.4911965830135343
            ],
            [
                7,
                3.2322168266773224
            ],
            [
                8,
                3.4198457873725894
            ],
            [
                9,
                3.3312900294208525
            ],
            [
                10,
                3.3555382565402985
            ],
            [
                11,
                3.277777263970375
            ],
            [
                12,
                3.353287360076904
            ],
            [
                13,
                3.3580774729204173
            ],
            [
                14,
                3.493471827950478
            ],
            [
                15,
                3.5500752066183088
            ],
            [
                16,
                3.6728484916162487
            ],
            [
                17,
                3.664101817398072
            ],
            [
                18,
                3.68215001660347
            ],
            [
                19,
                3.672656019415856
            ],
            [
                20,
                3.8039930395984647
            ],
            [
                21,
                3.5126629460859298
            ],
            [
                22,
                3.78794572286129
            ],
            [
                23,
                3.7764105432605746
            ],
            [
                24,
                3.7542514768409725
            ],
            [
                25,
                3.8415718597793584
            ],
            [
                26,
                3.8869412708663944
            ],
            [
                27,
                4.002284084839821
            ],
            [
                28,
                3.8516290988349917
            ],
            [
                29,
                3.8487685983037947
            ],
            [
                30,
                3.8450269028997424
            ]
        ],
        "FL_accuracy": [
            [
                1,
                0.14581
            ],
            [
                2,
                0.22082000000000002
            ],
            [
                3,
                0.2472
            ],
            [
                4,
                0.27636
            ],
            [
                5,
                0.25397
            ],
            [
                6,
                0.27937999999999996
            ],
            [
                7,
                0.29504
            ],
            [
                8,
                0.29783
            ],
            [
                9,
                0.2872
            ],
            [
                10,
                0.30717999999999995
            ],
            [
                11,
                0.31483
            ],
            [
                12,
                0.32683
            ],
            [
                13,
                0.31982999999999995
            ],
            [
                14,
                0.33121999999999996
            ],
            [
                15,
                0.31723
            ],
            [
                16,
                0.32666
            ],
            [
                17,
                0.30201
            ],
            [
                18,
                0.32258
            ],
            [
                19,
                0.31672
            ],
            [
                20,
                0.32412
            ],
            [
                21,
                0.33384
            ],
            [
                22,
                0.32676
            ],
            [
                23,
                0.34429999999999994
            ],
            [
                24,
                0.33940000000000003
            ],
            [
                25,
                0.32328
            ],
            [
                26,
                0.31393
            ],
            [
                27,
                0.3486599999999999
            ],
            [
                28,
                0.33051
            ],
            [
                29,
                0.32832999999999996
            ],
            [
                30,
                0.34591999999999995
            ]
        ]
    },
    "metrics_distributed": {
        "FL_accuracy": [
            [
                1,
                0.141
            ],
            [
                2,
                0.12800000000000003
            ],
            [
                3,
                0.21390000000000003
            ],
            [
                4,
                0.2839999999999999
            ],
            [
                5,
                0.2579000000000001
            ],
            [
                6,
                0.2832
            ],
            [
                7,
                0.2704
            ],
            [
                8,
                0.2721
            ],
            [
                9,
                0.2451
            ],
            [
                10,
                0.27179999999999993
            ],
            [
                11,
                0.2488
            ],
            [
                12,
                0.2976
            ],
            [
                13,
                0.27349999999999997
            ],
            [
                14,
                0.2622
            ],
            [
                15,
                0.25939999999999996
            ],
            [
                16,
                0.2698
            ],
            [
                17,
                0.2548
            ],
            [
                18,
                0.2714
            ],
            [
                19,
                0.27070000000000005
            ],
            [
                20,
                0.27749999999999997
            ],
            [
                21,
                0.28480000000000005
            ],
            [
                22,
                0.2273
            ],
            [
                23,
                0.29090000000000005
            ],
            [
                24,
                0.23280000000000003
            ],
            [
                25,
                0.29999999999999993
            ],
            [
                26,
                0.2891
            ],
            [
                27,
                0.27680000000000005
            ],
            [
                28,
                0.2528
            ],
            [
                29,
                0.20600000000000002
            ],
            [
                30,
                0.2611
            ]
        ]
    },
    "FL_loss": {
        "1": 2.6653779353713984,
        "2": 2.866042604007721,
        "3": 3.000491091136932,
        "4": 3.2466696347427364,
        "5": 3.247240404520035,
        "6": 3.4911965830135343,
        "7": 3.2322168266773224,
        "8": 3.4198457873725894,
        "9": 3.3312900294208525,
        "10": 3.3555382565402985,
        "11": 3.277777263970375,
        "12": 3.353287360076904,
        "13": 3.3580774729204173,
        "14": 3.493471827950478,
        "15": 3.5500752066183088,
        "16": 3.6728484916162487,
        "17": 3.664101817398072,
        "18": 3.68215001660347,
        "19": 3.672656019415856,
        "20": 3.8039930395984647,
        "21": 3.5126629460859298,
        "22": 3.78794572286129,
        "23": 3.7764105432605746,
        "24": 3.7542514768409725,
        "25": 3.8415718597793584,
        "26": 3.8869412708663944,
        "27": 4.002284084839821,
        "28": 3.8516290988349917,
        "29": 3.8487685983037947,
        "30": 3.8450269028997424
    },
    "FL_accuracy": {
        "1": 0.14581,
        "2": 0.22082000000000002,
        "3": 0.2472,
        "4": 0.27636,
        "5": 0.25397,
        "6": 0.27937999999999996,
        "7": 0.29504,
        "8": 0.29783,
        "9": 0.2872,
        "10": 0.30717999999999995,
        "11": 0.31483,
        "12": 0.32683,
        "13": 0.31982999999999995,
        "14": 0.33121999999999996,
        "15": 0.31723,
        "16": 0.32666,
        "17": 0.30201,
        "18": 0.32258,
        "19": 0.31672,
        "20": 0.32412,
        "21": 0.33384,
        "22": 0.32676,
        "23": 0.34429999999999994,
        "24": 0.33940000000000003,
        "25": 0.32328,
        "26": 0.31393,
        "27": 0.3486599999999999,
        "28": 0.33051,
        "29": 0.32832999999999996,
        "30": 0.34591999999999995
    }
}