{
    "losses_distributed": {
        "1": [
            1,
            1.8496105670928955
        ],
        "2": [
            2,
            1.3285187482833862
        ],
        "3": [
            3,
            0.9522411823272705
        ],
        "4": [
            4,
            0.8257868885993958
        ],
        "5": [
            5,
            0.8277202248573303
        ],
        "6": [
            6,
            0.7680785655975342
        ],
        "7": [
            7,
            0.7888988852500916
        ],
        "8": [
            8,
            0.8234066963195801
        ],
        "9": [
            9,
            0.8533744812011719
        ],
        "10": [
            10,
            0.6809982657432556
        ],
        "11": [
            11,
            0.7142560482025146
        ],
        "12": [
            12,
            0.7009140849113464
        ],
        "13": [
            13,
            0.6751471161842346
        ],
        "14": [
            14,
            0.6764984130859375
        ],
        "15": [
            15,
            0.6597366333007812
        ],
        "16": [
            16,
            0.5733540058135986
        ],
        "17": [
            17,
            0.591576874256134
        ],
        "18": [
            18,
            0.5677357316017151
        ],
        "19": [
            19,
            0.6285873651504517
        ],
        "20": [
            20,
            0.6388179063796997
        ],
        "21": [
            21,
            0.623694121837616
        ],
        "22": [
            22,
            0.5862669944763184
        ],
        "23": [
            23,
            0.523236095905304
        ],
        "24": [
            24,
            0.4998892843723297
        ],
        "25": [
            25,
            0.5565165877342224
        ],
        "26": [
            26,
            0.5691292881965637
        ],
        "27": [
            27,
            0.6305950284004211
        ],
        "28": [
            28,
            0.5567317605018616
        ],
        "29": [
            29,
            0.6248456239700317
        ],
        "30": [
            30,
            0.5768177509307861
        ]
    },
    "metrics_distributed_fit": {
        "FL_loss": [
            [
                1,
                2.529620833930969
            ],
            [
                2,
                1.7787639411544798
            ],
            [
                3,
                1.3702035119247435
            ],
            [
                4,
                1.0916305026054383
            ],
            [
                5,
                1.1398166529083251
            ],
            [
                6,
                1.1284589649486543
            ],
            [
                7,
                1.0633632022857664
            ],
            [
                8,
                1.0268759283638
            ],
            [
                9,
                1.0714702436256407
            ],
            [
                10,
                1.0618655815553666
            ],
            [
                11,
                1.0173904446315765
            ],
            [
                12,
                1.0090811401557924
            ],
            [
                13,
                1.0474822698116302
            ],
            [
                14,
                0.8473602134037017
            ],
            [
                15,
                0.8194858485889436
            ],
            [
                16,
                0.8884442372035981
            ],
            [
                17,
                0.8920017638874054
            ],
            [
                18,
                0.8284105108594895
            ],
            [
                19,
                0.7745566607379912
            ],
            [
                20,
                0.814730141658783
            ],
            [
                21,
                0.7684565441608429
            ],
            [
                22,
                0.7372106155347824
            ],
            [
                23,
                0.9003039710569383
            ],
            [
                24,
                0.7193539961338045
            ],
            [
                25,
                0.7737058159136773
            ],
            [
                26,
                0.6945185209369661
            ],
            [
                27,
                0.7304060835623741
            ],
            [
                28,
                0.6985764168787003
            ],
            [
                29,
                0.7624784753990173
            ],
            [
                30,
                0.7047005393171311
            ]
        ],
        "FL_accuracy": [
            [
                1,
                0.18454
            ],
            [
                2,
                0.42211
            ],
            [
                3,
                0.56086
            ],
            [
                4,
                0.60221
            ],
            [
                5,
                0.6177400000000001
            ],
            [
                6,
                0.61493
            ],
            [
                7,
                0.65054
            ],
            [
                8,
                0.65227
            ],
            [
                9,
                0.64119
            ],
            [
                10,
                0.6445799999999999
            ],
            [
                11,
                0.6608
            ],
            [
                12,
                0.67384
            ],
            [
                13,
                0.65357
            ],
            [
                14,
                0.70177
            ],
            [
                15,
                0.71292
            ],
            [
                16,
                0.6926500000000001
            ],
            [
                17,
                0.69735
            ],
            [
                18,
                0.7080599999999999
            ],
            [
                19,
                0.71496
            ],
            [
                20,
                0.7083600000000001
            ],
            [
                21,
                0.72487
            ],
            [
                22,
                0.73369
            ],
            [
                23,
                0.71664
            ],
            [
                24,
                0.74455
            ],
            [
                25,
                0.73175
            ],
            [
                26,
                0.7471
            ],
            [
                27,
                0.73975
            ],
            [
                28,
                0.7464700000000001
            ],
            [
                29,
                0.7350999999999999
            ],
            [
                30,
                0.7420000000000001
            ]
        ]
    },
    "metrics_distributed": {
        "FL_accuracy": [
            [
                1,
                0.28379999999999994
            ],
            [
                2,
                0.587
            ],
            [
                3,
                0.6215
            ],
            [
                4,
                0.6580000000000001
            ],
            [
                5,
                0.6761
            ],
            [
                6,
                0.7277000000000001
            ],
            [
                7,
                0.6838999999999998
            ],
            [
                8,
                0.7194
            ],
            [
                9,
                0.67
            ],
            [
                10,
                0.7585
            ],
            [
                11,
                0.7226
            ],
            [
                12,
                0.744
            ],
            [
                13,
                0.7377
            ],
            [
                14,
                0.7541
            ],
            [
                15,
                0.7333
            ],
            [
                16,
                0.7771999999999999
            ],
            [
                17,
                0.7693000000000001
            ],
            [
                18,
                0.7813
            ],
            [
                19,
                0.771
            ],
            [
                20,
                0.7546999999999999
            ],
            [
                21,
                0.7805
            ],
            [
                22,
                0.7699999999999999
            ],
            [
                23,
                0.8032
            ],
            [
                24,
                0.8084
            ],
            [
                25,
                0.7823
            ],
            [
                26,
                0.8003
            ],
            [
                27,
                0.7365000000000002
            ],
            [
                28,
                0.8029
            ],
            [
                29,
                0.7565999999999999
            ],
            [
                30,
                0.7849000000000002
            ]
        ]
    },
    "FL_loss": {
        "1": 2.529620833930969,
        "2": 1.7787639411544798,
        "3": 1.3702035119247435,
        "4": 1.0916305026054383,
        "5": 1.1398166529083251,
        "6": 1.1284589649486543,
        "7": 1.0633632022857664,
        "8": 1.0268759283638,
        "9": 1.0714702436256407,
        "10": 1.0618655815553666,
        "11": 1.0173904446315765,
        "12": 1.0090811401557924,
        "13": 1.0474822698116302,
        "14": 0.8473602134037017,
        "15": 0.8194858485889436,
        "16": 0.8884442372035981,
        "17": 0.8920017638874054,
        "18": 0.8284105108594895,
        "19": 0.7745566607379912,
        "20": 0.814730141658783,
        "21": 0.7684565441608429,
        "22": 0.7372106155347824,
        "23": 0.9003039710569383,
        "24": 0.7193539961338045,
        "25": 0.7737058159136773,
        "26": 0.6945185209369661,
        "27": 0.7304060835623741,
        "28": 0.6985764168787003,
        "29": 0.7624784753990173,
        "30": 0.7047005393171311
    },
    "FL_accuracy": {
        "1": 0.18454,
        "2": 0.42211,
        "3": 0.56086,
        "4": 0.60221,
        "5": 0.6177400000000001,
        "6": 0.61493,
        "7": 0.65054,
        "8": 0.65227,
        "9": 0.64119,
        "10": 0.6445799999999999,
        "11": 0.6608,
        "12": 0.67384,
        "13": 0.65357,
        "14": 0.70177,
        "15": 0.71292,
        "16": 0.6926500000000001,
        "17": 0.69735,
        "18": 0.7080599999999999,
        "19": 0.71496,
        "20": 0.7083600000000001,
        "21": 0.72487,
        "22": 0.73369,
        "23": 0.71664,
        "24": 0.74455,
        "25": 0.73175,
        "26": 0.7471,
        "27": 0.73975,
        "28": 0.7464700000000001,
        "29": 0.7350999999999999,
        "30": 0.7420000000000001
    }
}