{
    "losses_distributed": {
        "1": [
            1,
            2.207144021987915
        ],
        "2": [
            2,
            1.946909785270691
        ],
        "3": [
            3,
            1.8711029291152954
        ],
        "4": [
            4,
            1.892603874206543
        ],
        "5": [
            5,
            1.872016191482544
        ],
        "6": [
            6,
            1.7640377283096313
        ],
        "7": [
            7,
            1.706108808517456
        ],
        "8": [
            8,
            1.7275538444519043
        ],
        "9": [
            9,
            1.724022388458252
        ],
        "10": [
            10,
            1.84018874168396
        ],
        "11": [
            11,
            1.7565693855285645
        ],
        "12": [
            12,
            1.7782882452011108
        ],
        "13": [
            13,
            1.7637829780578613
        ],
        "14": [
            14,
            1.713691234588623
        ],
        "15": [
            15,
            1.7292457818984985
        ],
        "16": [
            16,
            1.767958402633667
        ],
        "17": [
            17,
            1.6305416822433472
        ],
        "18": [
            18,
            1.7495356798171997
        ],
        "19": [
            19,
            1.6184555292129517
        ],
        "20": [
            20,
            1.586400032043457
        ],
        "21": [
            21,
            1.6164424419403076
        ],
        "22": [
            22,
            1.679329514503479
        ],
        "23": [
            23,
            1.757144570350647
        ],
        "24": [
            24,
            1.7394930124282837
        ],
        "25": [
            25,
            1.7445746660232544
        ],
        "26": [
            26,
            1.5719976425170898
        ],
        "27": [
            27,
            1.7745951414108276
        ],
        "28": [
            28,
            1.6650714874267578
        ],
        "29": [
            29,
            1.6743744611740112
        ],
        "30": [
            30,
            1.5552430152893066
        ]
    },
    "metrics_distributed_fit": {
        "FL_loss": [
            [
                1,
                2.6577520260238647
            ],
            [
                2,
                2.78357428232193
            ],
            [
                3,
                3.089802520160675
            ],
            [
                4,
                3.219843543844223
            ],
            [
                5,
                3.5600249315452572
            ],
            [
                6,
                3.456972341566086
            ],
            [
                7,
                3.3393148839378357
            ],
            [
                8,
                3.4973085155391694
            ],
            [
                9,
                3.357474501304626
            ],
            [
                10,
                3.4571453937435153
            ],
            [
                11,
                3.4177687366676333
            ],
            [
                12,
                3.5986188672161106
            ],
            [
                13,
                3.818454436187744
            ],
            [
                14,
                3.6835033271121986
            ],
            [
                15,
                3.5823459817028045
            ],
            [
                16,
                3.7397558027553557
            ],
            [
                17,
                3.526286463303566
            ],
            [
                18,
                3.5999802656888966
            ],
            [
                19,
                3.712734916329384
            ],
            [
                20,
                3.761608379335404
            ],
            [
                21,
                3.6320049394273752
            ],
            [
                22,
                3.7988153405284883
            ],
            [
                23,
                3.750929910106658
            ],
            [
                24,
                3.6937223601341254
            ],
            [
                25,
                3.895987736287117
            ],
            [
                26,
                3.6796050477981566
            ],
            [
                27,
                4.029413035612107
            ],
            [
                28,
                3.843385500059128
            ],
            [
                29,
                3.778226496424675
            ],
            [
                30,
                3.7632048873806
            ]
        ],
        "FL_accuracy": [
            [
                1,
                0.15932000000000002
            ],
            [
                2,
                0.22290000000000001
            ],
            [
                3,
                0.2599
            ],
            [
                4,
                0.23947000000000002
            ],
            [
                5,
                0.22536
            ],
            [
                6,
                0.2547
            ],
            [
                7,
                0.2721
            ],
            [
                8,
                0.25971
            ],
            [
                9,
                0.27848
            ],
            [
                10,
                0.27653999999999995
            ],
            [
                11,
                0.29627
            ],
            [
                12,
                0.2813800000000001
            ],
            [
                13,
                0.28223
            ],
            [
                14,
                0.29968
            ],
            [
                15,
                0.30315000000000003
            ],
            [
                16,
                0.30086
            ],
            [
                17,
                0.31225
            ],
            [
                18,
                0.31171
            ],
            [
                19,
                0.29806
            ],
            [
                20,
                0.33174000000000003
            ],
            [
                21,
                0.30596999999999996
            ],
            [
                22,
                0.30959
            ],
            [
                23,
                0.31003
            ],
            [
                24,
                0.32588
            ],
            [
                25,
                0.31111999999999995
            ],
            [
                26,
                0.33182
            ],
            [
                27,
                0.31216
            ],
            [
                28,
                0.31896
            ],
            [
                29,
                0.32743
            ],
            [
                30,
                0.33499
            ]
        ]
    },
    "metrics_distributed": {
        "FL_accuracy": [
            [
                1,
                0.21269999999999997
            ],
            [
                2,
                0.29220000000000007
            ],
            [
                3,
                0.3317
            ],
            [
                4,
                0.3015
            ],
            [
                5,
                0.30080000000000007
            ],
            [
                6,
                0.26759999999999995
            ],
            [
                7,
                0.34520000000000006
            ],
            [
                8,
                0.3607
            ],
            [
                9,
                0.33340000000000003
            ],
            [
                10,
                0.2925
            ],
            [
                11,
                0.33469999999999994
            ],
            [
                12,
                0.2685
            ],
            [
                13,
                0.3104
            ],
            [
                14,
                0.36249999999999993
            ],
            [
                15,
                0.31809999999999994
            ],
            [
                16,
                0.31910000000000005
            ],
            [
                17,
                0.32439999999999997
            ],
            [
                18,
                0.3284000000000001
            ],
            [
                19,
                0.3182
            ],
            [
                20,
                0.3988999999999999
            ],
            [
                21,
                0.3426
            ],
            [
                22,
                0.3009
            ],
            [
                23,
                0.32019999999999993
            ],
            [
                24,
                0.31510000000000005
            ],
            [
                25,
                0.28060000000000007
            ],
            [
                26,
                0.3807
            ],
            [
                27,
                0.3175
            ],
            [
                28,
                0.35760000000000003
            ],
            [
                29,
                0.3384
            ],
            [
                30,
                0.38649999999999995
            ]
        ]
    },
    "FL_loss": {
        "1": 2.6577520260238647,
        "2": 2.78357428232193,
        "3": 3.089802520160675,
        "4": 3.219843543844223,
        "5": 3.5600249315452572,
        "6": 3.456972341566086,
        "7": 3.3393148839378357,
        "8": 3.4973085155391694,
        "9": 3.357474501304626,
        "10": 3.4571453937435153,
        "11": 3.4177687366676333,
        "12": 3.5986188672161106,
        "13": 3.818454436187744,
        "14": 3.6835033271121986,
        "15": 3.5823459817028045,
        "16": 3.7397558027553557,
        "17": 3.526286463303566,
        "18": 3.5999802656888966,
        "19": 3.712734916329384,
        "20": 3.761608379335404,
        "21": 3.6320049394273752,
        "22": 3.7988153405284883,
        "23": 3.750929910106658,
        "24": 3.6937223601341254,
        "25": 3.895987736287117,
        "26": 3.6796050477981566,
        "27": 4.029413035612107,
        "28": 3.843385500059128,
        "29": 3.778226496424675,
        "30": 3.7632048873806
    },
    "FL_accuracy": {
        "1": 0.15932000000000002,
        "2": 0.22290000000000001,
        "3": 0.2599,
        "4": 0.23947000000000002,
        "5": 0.22536,
        "6": 0.2547,
        "7": 0.2721,
        "8": 0.25971,
        "9": 0.27848,
        "10": 0.27653999999999995,
        "11": 0.29627,
        "12": 0.2813800000000001,
        "13": 0.28223,
        "14": 0.29968,
        "15": 0.30315000000000003,
        "16": 0.30086,
        "17": 0.31225,
        "18": 0.31171,
        "19": 0.29806,
        "20": 0.33174000000000003,
        "21": 0.30596999999999996,
        "22": 0.30959,
        "23": 0.31003,
        "24": 0.32588,
        "25": 0.31111999999999995,
        "26": 0.33182,
        "27": 0.31216,
        "28": 0.31896,
        "29": 0.32743,
        "30": 0.33499
    }
}