{
    "losses_distributed": {
        "1": [
            1,
            2.005908966064453
        ],
        "2": [
            2,
            1.196875810623169
        ],
        "3": [
            3,
            0.9438413381576538
        ],
        "4": [
            4,
            0.8369538187980652
        ],
        "5": [
            5,
            0.820118248462677
        ],
        "6": [
            6,
            0.7929549813270569
        ],
        "7": [
            7,
            0.7393198013305664
        ],
        "8": [
            8,
            0.7455742955207825
        ],
        "9": [
            9,
            0.7309138178825378
        ],
        "10": [
            10,
            0.682271420955658
        ],
        "11": [
            11,
            0.6790305376052856
        ],
        "12": [
            12,
            0.6712429523468018
        ],
        "13": [
            13,
            0.6533502340316772
        ],
        "14": [
            14,
            0.6417469382286072
        ],
        "15": [
            15,
            0.6423752307891846
        ],
        "16": [
            16,
            0.6514054536819458
        ],
        "17": [
            17,
            0.6108651161193848
        ],
        "18": [
            18,
            0.6064608693122864
        ],
        "19": [
            19,
            0.609498143196106
        ],
        "20": [
            20,
            0.6080983281135559
        ],
        "21": [
            21,
            0.5980300307273865
        ],
        "22": [
            22,
            0.6008594036102295
        ],
        "23": [
            23,
            0.5822443962097168
        ],
        "24": [
            24,
            0.5807648301124573
        ],
        "25": [
            25,
            0.5845627784729004
        ],
        "26": [
            26,
            0.5620970129966736
        ],
        "27": [
            27,
            0.5534324049949646
        ],
        "28": [
            28,
            0.5681467056274414
        ],
        "29": [
            29,
            0.5626779198646545
        ],
        "30": [
            30,
            0.5452550649642944
        ]
    },
    "metrics_distributed_fit": {
        "FL_loss": [
            [
                1,
                2.491195597496033
            ],
            [
                2,
                1.9497136495590208
            ],
            [
                3,
                1.5732269051456451
            ],
            [
                4,
                1.3630020535373686
            ],
            [
                5,
                1.2707635628700253
            ],
            [
                6,
                1.222981894340515
            ],
            [
                7,
                1.2670135899019244
            ],
            [
                8,
                1.2161681154346466
            ],
            [
                9,
                1.2285991024589538
            ],
            [
                10,
                1.07669068628788
            ],
            [
                11,
                1.1314222367143631
            ],
            [
                12,
                1.1424751330280305
            ],
            [
                13,
                0.9435736182308198
            ],
            [
                14,
                0.9476868581914901
            ],
            [
                15,
                1.129824782652855
            ],
            [
                16,
                1.158624485654831
            ],
            [
                17,
                0.9637132903480531
            ],
            [
                18,
                0.9190357885551453
            ],
            [
                19,
                0.9935797383785248
            ],
            [
                20,
                0.9842990707159043
            ],
            [
                21,
                0.911538070755005
            ],
            [
                22,
                1.0340951479673384
            ],
            [
                23,
                1.0352065197038651
            ],
            [
                24,
                0.9204902617359162
            ],
            [
                25,
                0.9138158165740966
            ],
            [
                26,
                0.878946149044037
            ],
            [
                27,
                0.984975025367737
            ],
            [
                28,
                0.9855205728936196
            ],
            [
                29,
                0.8612635786247254
            ],
            [
                30,
                0.8536180040025713
            ]
        ],
        "FL_accuracy": [
            [
                1,
                0.24376000000000003
            ],
            [
                2,
                0.37782000000000004
            ],
            [
                3,
                0.4651700000000001
            ],
            [
                4,
                0.54033
            ],
            [
                5,
                0.5577
            ],
            [
                6,
                0.5837600000000001
            ],
            [
                7,
                0.5892099999999999
            ],
            [
                8,
                0.61749
            ],
            [
                9,
                0.6107
            ],
            [
                10,
                0.63391
            ],
            [
                11,
                0.6132299999999999
            ],
            [
                12,
                0.62965
            ],
            [
                13,
                0.6636
            ],
            [
                14,
                0.65908
            ],
            [
                15,
                0.6328799999999999
            ],
            [
                16,
                0.62848
            ],
            [
                17,
                0.6555500000000001
            ],
            [
                18,
                0.67391
            ],
            [
                19,
                0.6529999999999999
            ],
            [
                20,
                0.65366
            ],
            [
                21,
                0.67988
            ],
            [
                22,
                0.65759
            ],
            [
                23,
                0.66171
            ],
            [
                24,
                0.68075
            ],
            [
                25,
                0.67576
            ],
            [
                26,
                0.68855
            ],
            [
                27,
                0.66651
            ],
            [
                28,
                0.68322
            ],
            [
                29,
                0.7005700000000001
            ],
            [
                30,
                0.69431
            ]
        ]
    },
    "metrics_distributed": {
        "FL_accuracy": [
            [
                1,
                0.402
            ],
            [
                2,
                0.6213
            ],
            [
                3,
                0.6684
            ],
            [
                4,
                0.6902999999999999
            ],
            [
                5,
                0.7022000000000002
            ],
            [
                6,
                0.6891
            ],
            [
                7,
                0.7226
            ],
            [
                8,
                0.7245999999999999
            ],
            [
                9,
                0.7297
            ],
            [
                10,
                0.7457
            ],
            [
                11,
                0.747
            ],
            [
                12,
                0.7460000000000001
            ],
            [
                13,
                0.7603
            ],
            [
                14,
                0.7581
            ],
            [
                15,
                0.7516999999999999
            ],
            [
                16,
                0.7548000000000001
            ],
            [
                17,
                0.7737999999999999
            ],
            [
                18,
                0.7697
            ],
            [
                19,
                0.7664
            ],
            [
                20,
                0.7726
            ],
            [
                21,
                0.7733999999999999
            ],
            [
                22,
                0.7674000000000001
            ],
            [
                23,
                0.7841000000000001
            ],
            [
                24,
                0.7745999999999998
            ],
            [
                25,
                0.7758
            ],
            [
                26,
                0.7893
            ],
            [
                27,
                0.7931999999999999
            ],
            [
                28,
                0.7884
            ],
            [
                29,
                0.7859999999999999
            ],
            [
                30,
                0.7950999999999999
            ]
        ]
    },
    "FL_loss": {
        "1": 2.491195597496033,
        "2": 1.9497136495590208,
        "3": 1.5732269051456451,
        "4": 1.3630020535373686,
        "5": 1.2707635628700253,
        "6": 1.222981894340515,
        "7": 1.2670135899019244,
        "8": 1.2161681154346466,
        "9": 1.2285991024589538,
        "10": 1.07669068628788,
        "11": 1.1314222367143631,
        "12": 1.1424751330280305,
        "13": 0.9435736182308198,
        "14": 0.9476868581914901,
        "15": 1.129824782652855,
        "16": 1.158624485654831,
        "17": 0.9637132903480531,
        "18": 0.9190357885551453,
        "19": 0.9935797383785248,
        "20": 0.9842990707159043,
        "21": 0.911538070755005,
        "22": 1.0340951479673384,
        "23": 1.0352065197038651,
        "24": 0.9204902617359162,
        "25": 0.9138158165740966,
        "26": 0.878946149044037,
        "27": 0.984975025367737,
        "28": 0.9855205728936196,
        "29": 0.8612635786247254,
        "30": 0.8536180040025713
    },
    "FL_accuracy": {
        "1": 0.24376000000000003,
        "2": 0.37782000000000004,
        "3": 0.4651700000000001,
        "4": 0.54033,
        "5": 0.5577,
        "6": 0.5837600000000001,
        "7": 0.5892099999999999,
        "8": 0.61749,
        "9": 0.6107,
        "10": 0.63391,
        "11": 0.6132299999999999,
        "12": 0.62965,
        "13": 0.6636,
        "14": 0.65908,
        "15": 0.6328799999999999,
        "16": 0.62848,
        "17": 0.6555500000000001,
        "18": 0.67391,
        "19": 0.6529999999999999,
        "20": 0.65366,
        "21": 0.67988,
        "22": 0.65759,
        "23": 0.66171,
        "24": 0.68075,
        "25": 0.67576,
        "26": 0.68855,
        "27": 0.66651,
        "28": 0.68322,
        "29": 0.7005700000000001,
        "30": 0.69431
    }
}