[
    {
        "client_id": 3,
        "round_no": 1,
        "training_time (secs)": "0:00:00.738233",
        "incremental_MSE_Min": 0.30409529099069377,
        "incremental_MSE_Median": 0.346212152603154,
        "incremental_MSE_Max": 0.4208112457696077,
        "average_MSE": 0.3560801048803323,
        "round_threshold": 0.42076378055891905,
        "threshold": 0.3560801048803323,
        "model_round_trip": 0.07832741737365723
    },
    {
        "client_id": 3,
        "round_no": 2,
        "training_time (secs)": "0:00:00.857595",
        "incremental_MSE_Min": 0.30409529099069377,
        "incremental_MSE_Median": 0.40051085677491494,
        "incremental_MSE_Max": 0.42284487799925574,
        "average_MSE": 0.40755674724371305,
        "round_threshold": 0.42281981605102936,
        "threshold": 0.3818184260620227,
        "model_round_trip": 0.03889322280883789
    },
    {
        "client_id": 3,
        "round_no": 3,
        "training_time (secs)": "0:00:00.985938",
        "incremental_MSE_Min": 0.30409529099069377,
        "incremental_MSE_Median": 0.4083919392963209,
        "incremental_MSE_Max": 0.4259133333204756,
        "average_MSE": 0.415584061542991,
        "round_threshold": 0.4259062678103247,
        "threshold": 0.3930736378890121,
        "model_round_trip": 0.06017565727233887
    },
    {
        "client_id": 3,
        "round_no": 4,
        "training_time (secs)": "0:00:00.675639",
        "incremental_MSE_Min": 0.30409529099069377,
        "incremental_MSE_Median": 0.4054198971436619,
        "incremental_MSE_Max": 0.4259133333204756,
        "average_MSE": 0.4025938560288826,
        "round_threshold": 0.4135216740583386,
        "threshold": 0.39545369242397976,
        "model_round_trip": 0.07195281982421875
    },
    {
        "client_id": 3,
        "round_no": 5,
        "training_time (secs)": "0:00:00.743415",
        "incremental_MSE_Min": 0.30409529099069377,
        "incremental_MSE_Median": 0.4013837428602993,
        "incremental_MSE_Max": 0.4259133333204756,
        "average_MSE": 0.38490417839789115,
        "round_threshold": 0.40127984094181746,
        "threshold": 0.39334378961876204,
        "model_round_trip": 0.2361316680908203
    },
    {
        "client_id": 3,
        "round_no": 6,
        "training_time (secs)": "0:00:00.754953",
        "incremental_MSE_Min": 0.30409529099069377,
        "incremental_MSE_Median": 0.40079374482187946,
        "incremental_MSE_Max": 0.4259133333204756,
        "average_MSE": 0.39465061745518376,
        "round_threshold": 0.40596656129432607,
        "threshold": 0.39356159425816567,
        "model_round_trip": 0.04131889343261719
    },
    {
        "client_id": 3,
        "round_no": 7,
        "training_time (secs)": "0:00:00.798537",
        "incremental_MSE_Min": 0.30409529099069377,
        "incremental_MSE_Median": 0.3981019656476276,
        "incremental_MSE_Max": 0.4259133333204756,
        "average_MSE": 0.36047064651034777,
        "round_threshold": 0.3746946081862651,
        "threshold": 0.3888343160084774,
        "model_round_trip": 0.05819392204284668
    },
    {
        "client_id": 3,
        "round_no": 8,
        "training_time (secs)": "0:00:00.745164",
        "incremental_MSE_Min": 0.30204936622038797,
        "incremental_MSE_Median": 0.3941256241849921,
        "incremental_MSE_Max": 0.4259133333204756,
        "average_MSE": 0.3121873236444287,
        "round_threshold": 0.32048997954512287,
        "threshold": 0.3792534419629713,
        "model_round_trip": 0.02849602699279785
    },
    {
        "client_id": 3,
        "round_no": 9,
        "training_time (secs)": "0:00:00.871653",
        "incremental_MSE_Min": 0.2669028843014267,
        "incremental_MSE_Median": 0.39019681660542294,
        "incremental_MSE_Max": 0.4259133333204756,
        "average_MSE": 0.2724687455279977,
        "round_threshold": 0.2802400293801207,
        "threshold": 0.3673884756924187,
        "model_round_trip": 0.07166123390197754
    },
    {
        "client_id": 3,
        "round_no": 10,
        "training_time (secs)": "0:00:00.674206",
        "incremental_MSE_Min": 0.2448571131262772,
        "incremental_MSE_Median": 0.38070694560464474,
        "incremental_MSE_Max": 0.4259133333204756,
        "average_MSE": 0.24952459153393028,
        "round_threshold": 0.257577174816623,
        "threshold": 0.35560208727656983,
        "model_round_trip": 0.051076650619506836
    },
    {
        "client_id": 3,
        "round_no": 11,
        "training_time (secs)": "0:00:00.709330",
        "incremental_MSE_Min": 0.2213349087419511,
        "incremental_MSE_Median": 0.36804660636281467,
        "incremental_MSE_Max": 0.4259133333204756,
        "average_MSE": 0.22833660000341324,
        "round_threshold": 0.23377198101771837,
        "threshold": 0.34403249752446474,
        "model_round_trip": 0.03203701972961426
    },
    {
        "client_id": 3,
        "round_no": 12,
        "training_time (secs)": "0:00:00.761075",
        "incremental_MSE_Min": 0.21080124759353058,
        "incremental_MSE_Median": 0.35761196596872735,
        "incremental_MSE_Max": 0.4259133333204756,
        "average_MSE": 0.21490017327167735,
        "round_threshold": 0.22311176834175478,
        "threshold": 0.3332714705033991,
        "model_round_trip": 0.06819319725036621
    },
    {
        "client_id": 3,
        "round_no": 13,
        "training_time (secs)": "0:00:00.748148",
        "incremental_MSE_Min": 0.1857879558928295,
        "incremental_MSE_Median": 0.346212152603154,
        "incremental_MSE_Max": 0.4259133333204756,
        "average_MSE": 0.19213937026251163,
        "round_threshold": 0.20016826420532527,
        "threshold": 0.32241515510025387,
        "model_round_trip": 0.08935666084289551
    },
    {
        "client_id": 3,
        "round_no": 14,
        "training_time (secs)": "0:00:00.654923",
        "incremental_MSE_Min": 0.16337800268053412,
        "incremental_MSE_Median": 0.31763748989807866,
        "incremental_MSE_Max": 0.4259133333204756,
        "average_MSE": 0.16846145690416228,
        "round_threshold": 0.17599037392372197,
        "threshold": 0.3114184623719617,
        "model_round_trip": 0.022238969802856445
    },
    {
        "client_id": 3,
        "round_no": 15,
        "training_time (secs)": "0:00:00.686519",
        "incremental_MSE_Min": 0.12333581452116184,
        "incremental_MSE_Median": 0.307960516516867,
        "incremental_MSE_Max": 0.4259133333204756,
        "average_MSE": 0.129065596755738,
        "round_threshold": 0.13649710094543682,
        "threshold": 0.29926160466421337,
        "model_round_trip": 0.057573556900024414
    },
    {
        "client_id": 3,
        "round_no": 16,
        "training_time (secs)": "0:00:00.839717",
        "incremental_MSE_Min": 0.08365319787128224,
        "incremental_MSE_Median": 0.2911576811663188,
        "incremental_MSE_Max": 0.4259133333204756,
        "average_MSE": 0.08747963211304365,
        "round_threshold": 0.09410950351363576,
        "threshold": 0.2860252313797653,
        "model_round_trip": 0.06905603408813477
    },
    {
        "client_id": 3,
        "round_no": 17,
        "training_time (secs)": "0:00:00.736739",
        "incremental_MSE_Min": 0.04586624170145916,
        "incremental_MSE_Median": 0.2717190278823146,
        "incremental_MSE_Max": 0.4259133333204756,
        "average_MSE": 0.05039405086616238,
        "round_threshold": 0.056767218171919785,
        "threshold": 0.2721645737024945,
        "model_round_trip": 0.08411383628845215
    },
    {
        "client_id": 3,
        "round_no": 18,
        "training_time (secs)": "0:00:00.632008",
        "incremental_MSE_Min": 0.026864598345128502,
        "incremental_MSE_Median": 0.2622533721770688,
        "incremental_MSE_Max": 0.4259133333204756,
        "average_MSE": 0.030778216889748976,
        "round_threshold": 0.037186393346294,
        "threshold": 0.25875422054623093,
        "model_round_trip": 0.14797258377075195
    },
    {
        "client_id": 3,
        "round_no": 19,
        "training_time (secs)": "0:00:00.821455",
        "incremental_MSE_Min": 0.01321604375119134,
        "incremental_MSE_Median": 0.2493722378290455,
        "incremental_MSE_Max": 0.4259133333204756,
        "average_MSE": 0.015913283922992693,
        "round_threshold": 0.022143188697128766,
        "threshold": 0.24597311861869203,
        "model_round_trip": 0.052683115005493164
    },
    {
        "client_id": 3,
        "round_no": 20,
        "training_time (secs)": "0:00:00.657499",
        "incremental_MSE_Min": 0.0081941524428577,
        "incremental_MSE_Median": 0.23931789572241483,
        "incremental_MSE_Max": 0.4259133333204756,
        "average_MSE": 0.012024834160502014,
        "round_threshold": 0.01625467161991441,
        "threshold": 0.23427570439578257,
        "model_round_trip": 0.2893216609954834
    },
    {
        "client_id": 3,
        "round_no": 21,
        "training_time (secs)": "0:00:00.890414",
        "incremental_MSE_Min": 0.0022255432143203475,
        "incremental_MSE_Median": 0.22787239816476512,
        "incremental_MSE_Max": 0.4259133333204756,
        "average_MSE": 0.005843691360054765,
        "round_threshold": 0.009057448446900858,
        "threshold": 0.2233979894893193,
        "model_round_trip": 0.040679931640625
    },
    {
        "client_id": 3,
        "round_no": 22,
        "training_time (secs)": "0:00:00.660246",
        "incremental_MSE_Min": 0.0022255432143203475,
        "incremental_MSE_Median": 0.2221270909785749,
        "incremental_MSE_Max": 0.4259133333204756,
        "average_MSE": 0.007301608146945159,
        "round_threshold": 0.009209531476273682,
        "threshold": 0.21357542670102958,
        "model_round_trip": 0.05379605293273926
    },
    {
        "client_id": 3,
        "round_no": 23,
        "training_time (secs)": "0:00:00.744240",
        "incremental_MSE_Min": 0.0007987171001104013,
        "incremental_MSE_Median": 0.21311650873942561,
        "incremental_MSE_Max": 0.4259133333204756,
        "average_MSE": 0.003010216879930529,
        "round_threshold": 0.006388434769608239,
        "threshold": 0.20442041757837312,
        "model_round_trip": 0.04876112937927246
    },
    {
        "client_id": 3,
        "round_no": 24,
        "training_time (secs)": "0:00:00.819990",
        "incremental_MSE_Min": 0.0005069013055928265,
        "incremental_MSE_Median": 0.20551877086571352,
        "incremental_MSE_Max": 0.4259133333204756,
        "average_MSE": 0.0027479937421238444,
        "round_threshold": 0.0074464617201420455,
        "threshold": 0.19601739991852937,
        "model_round_trip": 0.023276329040527344
    },
    {
        "client_id": 3,
        "round_no": 25,
        "training_time (secs)": "0:00:00.702914",
        "incremental_MSE_Min": 0.00014897975429707314,
        "incremental_MSE_Median": 0.19059037986392932,
        "incremental_MSE_Max": 0.4259133333204756,
        "average_MSE": 0.004222210623951679,
        "round_threshold": 0.006990822970725442,
        "threshold": 0.18834559234674625,
        "model_round_trip": 0.02575540542602539
    }
]