{
    "losses_distributed": {
        "1": [
            1,
            1.5697663307189942
        ],
        "2": [
            2,
            0.9413587391376496
        ],
        "3": [
            3,
            0.810064285993576
        ],
        "4": [
            4,
            0.7590796053409576
        ],
        "5": [
            5,
            0.7329313576221466
        ],
        "6": [
            6,
            0.7027685821056366
        ],
        "7": [
            7,
            0.676758885383606
        ],
        "8": [
            8,
            0.6515251755714416
        ],
        "9": [
            9,
            0.6489185631275177
        ],
        "10": [
            10,
            0.6279870331287384
        ],
        "11": [
            11,
            0.6095701783895493
        ],
        "12": [
            12,
            0.5986598074436188
        ],
        "13": [
            13,
            0.5937943816184997
        ],
        "14": [
            14,
            0.5669186860322952
        ],
        "15": [
            15,
            0.5718398034572602
        ],
        "16": [
            16,
            0.5528491199016571
        ],
        "17": [
            17,
            0.5384594380855561
        ],
        "18": [
            18,
            0.5413650929927826
        ],
        "19": [
            19,
            0.5859371393918991
        ],
        "20": [
            20,
            0.5440343052148819
        ],
        "21": [
            21,
            0.5099180281162262
        ],
        "22": [
            22,
            0.5271909534931183
        ],
        "23": [
            23,
            0.49736044406890867
        ],
        "24": [
            24,
            0.49684343338012693
        ],
        "25": [
            25,
            0.49112512171268463
        ],
        "26": [
            26,
            0.4851644396781921
        ],
        "27": [
            27,
            0.47301480174064636
        ],
        "28": [
            28,
            0.48849794268608093
        ],
        "29": [
            29,
            0.4577564984560013
        ],
        "30": [
            30,
            0.46619766056537626
        ],
        "31": [
            31,
            0.45628361105918885
        ],
        "32": [
            32,
            0.46735224723815916
        ],
        "33": [
            33,
            0.45110583305358887
        ],
        "34": [
            34,
            0.468959778547287
        ],
        "35": [
            35,
            0.4463666319847107
        ],
        "36": [
            36,
            0.4284639596939087
        ],
        "37": [
            37,
            0.43492677211761477
        ],
        "38": [
            38,
            0.43087463080883026
        ],
        "39": [
            39,
            0.42428503930568695
        ],
        "40": [
            40,
            0.4215890675783157
        ],
        "41": [
            41,
            0.41463821232318876
        ],
        "42": [
            42,
            0.4118964970111847
        ],
        "43": [
            43,
            0.42021480202674866
        ],
        "44": [
            44,
            0.4187713474035263
        ],
        "45": [
            45,
            0.43128710985183716
        ],
        "46": [
            46,
            0.41265255510807036
        ],
        "47": [
            47,
            0.39988750517368316
        ],
        "48": [
            48,
            0.39805608689785005
        ],
        "49": [
            49,
            0.4034465134143829
        ],
        "50": [
            50,
            0.40499521493911744
        ]
    },
    "metrics_distributed_fit": {
        "FL_loss": [
            [
                1,
                1.1904043138834748
            ],
            [
                2,
                0.9403204182327656
            ],
            [
                3,
                0.853048706563091
            ],
            [
                4,
                0.7329372828672709
            ],
            [
                5,
                0.9187407326806462
            ],
            [
                6,
                0.8187875594530057
            ],
            [
                7,
                0.6391217410845753
            ],
            [
                8,
                0.7473121206040573
            ],
            [
                9,
                0.6270206548036094
            ],
            [
                10,
                0.7084085943646343
            ],
            [
                11,
                0.6374857587144204
            ],
            [
                12,
                0.6738196521921717
            ],
            [
                13,
                0.584375909530799
            ],
            [
                14,
                0.5332686721216727
            ],
            [
                15,
                0.6087192616146312
            ],
            [
                16,
                0.5210674406834356
            ],
            [
                17,
                0.5671085434674649
            ],
            [
                18,
                0.5349183341845779
            ],
            [
                19,
                0.7535449998763498
            ],
            [
                20,
                0.6885716913131388
            ],
            [
                21,
                0.5497332442088705
            ],
            [
                22,
                0.5231622902903419
            ],
            [
                23,
                0.5099273832676041
            ],
            [
                24,
                0.5605158201447663
            ],
            [
                25,
                0.4628000618923739
            ],
            [
                26,
                0.43920391043857093
            ],
            [
                27,
                0.7515225927112291
            ],
            [
                28,
                0.4449756413402667
            ],
            [
                29,
                0.47828010354564754
            ],
            [
                30,
                0.46461948941308584
            ],
            [
                31,
                0.44388640535811896
            ],
            [
                32,
                0.6092541708891075
            ],
            [
                33,
                0.47291531030303213
            ],
            [
                34,
                0.6857705004452963
            ],
            [
                35,
                0.39828558292416194
            ],
            [
                36,
                0.415426108077152
            ],
            [
                37,
                0.37594052517711374
            ],
            [
                38,
                0.38537452999020694
            ],
            [
                39,
                0.4458175967295501
            ],
            [
                40,
                0.44482525525093186
            ],
            [
                41,
                0.46346010651896047
            ],
            [
                42,
                0.5585127574889097
            ],
            [
                43,
                0.43698121009567387
            ],
            [
                44,
                0.4460909820499139
            ],
            [
                45,
                0.4824175166703122
            ],
            [
                46,
                0.4644513198544676
            ],
            [
                47,
                0.3904687671151613
            ],
            [
                48,
                0.36708569462770824
            ],
            [
                49,
                0.44297249784407383
            ],
            [
                50,
                0.4264433071421778
            ]
        ],
        "FL_accuracy": [
            [
                1,
                0.6033856541666273
            ],
            [
                2,
                0.6701590912467464
            ],
            [
                3,
                0.7055464506485419
            ],
            [
                4,
                0.7602605829189704
            ],
            [
                5,
                0.7060042664321543
            ],
            [
                6,
                0.7190097579939742
            ],
            [
                7,
                0.7720989362704391
            ],
            [
                8,
                0.7397120949354878
            ],
            [
                9,
                0.7838475162744936
            ],
            [
                10,
                0.7556765055644503
            ],
            [
                11,
                0.7667787071247936
            ],
            [
                12,
                0.7719982381602137
            ],
            [
                13,
                0.8114425958481288
            ],
            [
                14,
                0.8077567732707758
            ],
            [
                15,
                0.7955582821329396
            ],
            [
                16,
                0.8176412207540553
            ],
            [
                17,
                0.7955681115825406
            ],
            [
                18,
                0.8060656250287144
            ],
            [
                19,
                0.7643251805214157
            ],
            [
                20,
                0.7587577592265663
            ],
            [
                21,
                0.8015348523218881
            ],
            [
                22,
                0.8118837278393641
            ],
            [
                23,
                0.8228682061735819
            ],
            [
                24,
                0.7975396430682232
            ],
            [
                25,
                0.8411606137607279
            ],
            [
                26,
                0.8398147706522584
            ],
            [
                27,
                0.7631169432709927
            ],
            [
                28,
                0.834944850937133
            ],
            [
                29,
                0.8393079951323333
            ],
            [
                30,
                0.8255539605660062
            ],
            [
                31,
                0.8459039055007989
            ],
            [
                32,
                0.8104754151697001
            ],
            [
                33,
                0.837392235010839
            ],
            [
                34,
                0.7942764727710967
            ],
            [
                35,
                0.8575648472262957
            ],
            [
                36,
                0.8558739561777384
            ],
            [
                37,
                0.8624378969806958
            ],
            [
                38,
                0.8619034504380553
            ],
            [
                39,
                0.8412087949911315
            ],
            [
                40,
                0.8469922330383477
            ],
            [
                41,
                0.836893718344176
            ],
            [
                42,
                0.8375274111931985
            ],
            [
                43,
                0.8479131299484062
            ],
            [
                44,
                0.8335001619271992
            ],
            [
                45,
                0.8384115554849311
            ],
            [
                46,
                0.8470264166929512
            ],
            [
                47,
                0.858220661125622
            ],
            [
                48,
                0.8657266903112912
            ],
            [
                49,
                0.8441939159043506
            ],
            [
                50,
                0.8470759592114001
            ]
        ]
    },
    "metrics_distributed": {
        "FL_accuracy": [
            [
                1,
                0.5474012626856193
            ],
            [
                2,
                0.646889104649732
            ],
            [
                3,
                0.7065182690829468
            ],
            [
                4,
                0.7083258424106595
            ],
            [
                5,
                0.7367259031203093
            ],
            [
                6,
                0.7447494013357133
            ],
            [
                7,
                0.7574184555202608
            ],
            [
                8,
                0.7661297151861449
            ],
            [
                9,
                0.7462401117158777
            ],
            [
                10,
                0.7626614204953064
            ],
            [
                11,
                0.7771728603605782
            ],
            [
                12,
                0.7823627603370699
            ],
            [
                13,
                0.771910227329192
            ],
            [
                14,
                0.7960722899643288
            ],
            [
                15,
                0.7920059103559255
            ],
            [
                16,
                0.7968810229553288
            ],
            [
                17,
                0.802919477599714
            ],
            [
                18,
                0.8044495401266675
            ],
            [
                19,
                0.7871043442420123
            ],
            [
                20,
                0.7976957934935307
            ],
            [
                21,
                0.8175711638789827
            ],
            [
                22,
                0.8061542754950232
            ],
            [
                23,
                0.818301900135066
            ],
            [
                24,
                0.8160167891976258
            ],
            [
                25,
                0.8205852421299816
            ],
            [
                26,
                0.8240192302541706
            ],
            [
                27,
                0.8316409893147755
            ],
            [
                28,
                0.8201626508443788
            ],
            [
                29,
                0.8385558622797123
            ],
            [
                30,
                0.8311821359344315
            ],
            [
                31,
                0.8341053771574727
            ],
            [
                32,
                0.8266484380521678
            ],
            [
                33,
                0.8379606151642266
            ],
            [
                34,
                0.8236643013025237
            ],
            [
                35,
                0.8406928632647735
            ],
            [
                36,
                0.848181005242633
            ],
            [
                37,
                0.845031927791443
            ],
            [
                38,
                0.8435306098798243
            ],
            [
                39,
                0.8466023802342633
            ],
            [
                40,
                0.8499544395602706
            ],
            [
                41,
                0.8497480920902186
            ],
            [
                42,
                0.8526189294376441
            ],
            [
                43,
                0.8463520570115192
            ],
            [
                44,
                0.8470267429850132
            ],
            [
                45,
                0.8393739031910791
            ],
            [
                46,
                0.8483843167564367
            ],
            [
                47,
                0.8555814798548285
            ],
            [
                48,
                0.856804455417462
            ],
            [
                49,
                0.8526519033760696
            ],
            [
                50,
                0.8522056380436231
            ]
        ]
    },
    "FL_loss": {
        "1": 1.1904043138834748,
        "2": 0.9403204182327656,
        "3": 0.853048706563091,
        "4": 0.7329372828672709,
        "5": 0.9187407326806462,
        "6": 0.8187875594530057,
        "7": 0.6391217410845753,
        "8": 0.7473121206040573,
        "9": 0.6270206548036094,
        "10": 0.7084085943646343,
        "11": 0.6374857587144204,
        "12": 0.6738196521921717,
        "13": 0.584375909530799,
        "14": 0.5332686721216727,
        "15": 0.6087192616146312,
        "16": 0.5210674406834356,
        "17": 0.5671085434674649,
        "18": 0.5349183341845779,
        "19": 0.7535449998763498,
        "20": 0.6885716913131388,
        "21": 0.5497332442088705,
        "22": 0.5231622902903419,
        "23": 0.5099273832676041,
        "24": 0.5605158201447663,
        "25": 0.4628000618923739,
        "26": 0.43920391043857093,
        "27": 0.7515225927112291,
        "28": 0.4449756413402667,
        "29": 0.47828010354564754,
        "30": 0.46461948941308584,
        "31": 0.44388640535811896,
        "32": 0.6092541708891075,
        "33": 0.47291531030303213,
        "34": 0.6857705004452963,
        "35": 0.39828558292416194,
        "36": 0.415426108077152,
        "37": 0.37594052517711374,
        "38": 0.38537452999020694,
        "39": 0.4458175967295501,
        "40": 0.44482525525093186,
        "41": 0.46346010651896047,
        "42": 0.5585127574889097,
        "43": 0.43698121009567387,
        "44": 0.4460909820499139,
        "45": 0.4824175166703122,
        "46": 0.4644513198544676,
        "47": 0.3904687671151613,
        "48": 0.36708569462770824,
        "49": 0.44297249784407383,
        "50": 0.4264433071421778
    },
    "FL_accuracy": {
        "1": 0.6033856541666273,
        "2": 0.6701590912467464,
        "3": 0.7055464506485419,
        "4": 0.7602605829189704,
        "5": 0.7060042664321543,
        "6": 0.7190097579939742,
        "7": 0.7720989362704391,
        "8": 0.7397120949354878,
        "9": 0.7838475162744936,
        "10": 0.7556765055644503,
        "11": 0.7667787071247936,
        "12": 0.7719982381602137,
        "13": 0.8114425958481288,
        "14": 0.8077567732707758,
        "15": 0.7955582821329396,
        "16": 0.8176412207540553,
        "17": 0.7955681115825406,
        "18": 0.8060656250287144,
        "19": 0.7643251805214157,
        "20": 0.7587577592265663,
        "21": 0.8015348523218881,
        "22": 0.8118837278393641,
        "23": 0.8228682061735819,
        "24": 0.7975396430682232,
        "25": 0.8411606137607279,
        "26": 0.8398147706522584,
        "27": 0.7631169432709927,
        "28": 0.834944850937133,
        "29": 0.8393079951323333,
        "30": 0.8255539605660062,
        "31": 0.8459039055007989,
        "32": 0.8104754151697001,
        "33": 0.837392235010839,
        "34": 0.7942764727710967,
        "35": 0.8575648472262957,
        "36": 0.8558739561777384,
        "37": 0.8624378969806958,
        "38": 0.8619034504380553,
        "39": 0.8412087949911315,
        "40": 0.8469922330383477,
        "41": 0.836893718344176,
        "42": 0.8375274111931985,
        "43": 0.8479131299484062,
        "44": 0.8335001619271992,
        "45": 0.8384115554849311,
        "46": 0.8470264166929512,
        "47": 0.858220661125622,
        "48": 0.8657266903112912,
        "49": 0.8441939159043506,
        "50": 0.8470759592114001
    }
}