{
    "losses_distributed": {
        "1": [
            1,
            1.7029056668281555
        ],
        "2": [
            2,
            0.9590796589851379
        ],
        "3": [
            3,
            0.8225319504737854
        ],
        "4": [
            4,
            0.785694819688797
        ],
        "5": [
            5,
            0.7661577999591828
        ],
        "6": [
            6,
            0.7044711709022522
        ],
        "7": [
            7,
            0.707620108127594
        ],
        "8": [
            8,
            0.6783448994159699
        ],
        "9": [
            9,
            0.6431876838207244
        ],
        "10": [
            10,
            0.6491649329662323
        ],
        "11": [
            11,
            0.6274867594242096
        ],
        "12": [
            12,
            0.6178331434726715
        ],
        "13": [
            13,
            0.5890285462141037
        ],
        "14": [
            14,
            0.5922970086336136
        ],
        "15": [
            15,
            0.5916306734085083
        ],
        "16": [
            16,
            0.5703159034252167
        ],
        "17": [
            17,
            0.5673675090074539
        ],
        "18": [
            18,
            0.5610326439142227
        ],
        "19": [
            19,
            0.5626685708761215
        ],
        "20": [
            20,
            0.5461042910814286
        ],
        "21": [
            21,
            0.539460352063179
        ],
        "22": [
            22,
            0.5369842350482941
        ],
        "23": [
            23,
            0.5232508420944214
        ],
        "24": [
            24,
            0.5145695596933365
        ],
        "25": [
            25,
            0.518663763999939
        ],
        "26": [
            26,
            0.5071101874113083
        ],
        "27": [
            27,
            0.5011133193969727
        ],
        "28": [
            28,
            0.4914479166269302
        ],
        "29": [
            29,
            0.4962887495756149
        ],
        "30": [
            30,
            0.4892388254404068
        ],
        "31": [
            31,
            0.4713532030582428
        ],
        "32": [
            32,
            0.49582642912864683
        ],
        "33": [
            33,
            0.4691648632287979
        ],
        "34": [
            34,
            0.47563456892967226
        ],
        "35": [
            35,
            0.4640129268169403
        ],
        "36": [
            36,
            0.4559677690267563
        ],
        "37": [
            37,
            0.45274478495121
        ],
        "38": [
            38,
            0.451320493221283
        ],
        "39": [
            39,
            0.4495811313390732
        ],
        "40": [
            40,
            0.4418002039194107
        ],
        "41": [
            41,
            0.4342243134975433
        ],
        "42": [
            42,
            0.4353749334812164
        ],
        "43": [
            43,
            0.4408516436815262
        ],
        "44": [
            44,
            0.4421820163726807
        ],
        "45": [
            45,
            0.4248633474111557
        ],
        "46": [
            46,
            0.42340331673622134
        ],
        "47": [
            47,
            0.42267681658267975
        ],
        "48": [
            48,
            0.4259570240974426
        ],
        "49": [
            49,
            0.4103660941123962
        ],
        "50": [
            50,
            0.41597062051296235
        ]
    },
    "metrics_distributed_fit": {
        "FL_loss": [
            [
                1,
                1.7578950348564266
            ],
            [
                2,
                0.9168198249196401
            ],
            [
                3,
                0.7098337592515227
            ],
            [
                4,
                0.6426547535519262
            ],
            [
                5,
                0.6025874555229525
            ],
            [
                6,
                0.5746166176541934
            ],
            [
                7,
                0.5527061651747912
            ],
            [
                8,
                0.5350190258556683
            ],
            [
                9,
                0.5222541486630143
            ],
            [
                10,
                0.510727747215259
            ],
            [
                11,
                0.49742647352523167
            ],
            [
                12,
                0.48823168398610467
            ],
            [
                13,
                0.4795603594520313
            ],
            [
                14,
                0.4701121105789321
            ],
            [
                15,
                0.4622636470646254
            ],
            [
                16,
                0.45555047437612683
            ],
            [
                17,
                0.45008441061024473
            ],
            [
                18,
                0.44596975300567954
            ],
            [
                19,
                0.43871735580633936
            ],
            [
                20,
                0.4336411227834544
            ],
            [
                21,
                0.4242025599462133
            ],
            [
                22,
                0.42051879350435933
            ],
            [
                23,
                0.41516099388550315
            ],
            [
                24,
                0.4121655049186718
            ],
            [
                25,
                0.40724006719834466
            ],
            [
                26,
                0.4020197939420721
            ],
            [
                27,
                0.39928458100636377
            ],
            [
                28,
                0.3956580852766602
            ],
            [
                29,
                0.3899152170226596
            ],
            [
                30,
                0.3863835111673744
            ],
            [
                31,
                0.38186945999864297
            ],
            [
                32,
                0.378517259697512
            ],
            [
                33,
                0.3746445667232431
            ],
            [
                34,
                0.3711938905238772
            ],
            [
                35,
                0.3693909228102888
            ],
            [
                36,
                0.365340817246673
            ],
            [
                37,
                0.36208202612390605
            ],
            [
                38,
                0.35818602226177554
            ],
            [
                39,
                0.35471250175578006
            ],
            [
                40,
                0.35113381324215365
            ],
            [
                41,
                0.3499277151445349
            ],
            [
                42,
                0.3445543732773377
            ],
            [
                43,
                0.3409917484164916
            ],
            [
                44,
                0.3411407922035496
            ],
            [
                45,
                0.33725409779726473
            ],
            [
                46,
                0.33431110363661914
            ],
            [
                47,
                0.3336021440000907
            ],
            [
                48,
                0.3295277054544788
            ],
            [
                49,
                0.3276335017280164
            ],
            [
                50,
                0.325150241065597
            ]
        ],
        "FL_accuracy": [
            [
                1,
                0.4278716738371438
            ],
            [
                2,
                0.6996178430875628
            ],
            [
                3,
                0.7487850678163879
            ],
            [
                4,
                0.7735032057752854
            ],
            [
                5,
                0.7860479306524286
            ],
            [
                6,
                0.7940965564363146
            ],
            [
                7,
                0.8027922498580038
            ],
            [
                8,
                0.8070901967789004
            ],
            [
                9,
                0.8108391615746104
            ],
            [
                10,
                0.8168245110060207
            ],
            [
                11,
                0.8218191924286609
            ],
            [
                12,
                0.8227544753356426
            ],
            [
                13,
                0.8275879592814454
            ],
            [
                14,
                0.8312019095115272
            ],
            [
                15,
                0.8326204317090318
            ],
            [
                16,
                0.8340517857715245
            ],
            [
                17,
                0.8373429510949165
            ],
            [
                18,
                0.8375713343577631
            ],
            [
                19,
                0.8410159199564898
            ],
            [
                20,
                0.8424247829119901
            ],
            [
                21,
                0.848228309663505
            ],
            [
                22,
                0.8464537733521637
            ],
            [
                23,
                0.8504034956601286
            ],
            [
                24,
                0.8498004415112883
            ],
            [
                25,
                0.8538624652641724
            ],
            [
                26,
                0.8545197640100403
            ],
            [
                27,
                0.8541300594439438
            ],
            [
                28,
                0.8560365942033179
            ],
            [
                29,
                0.8593428207200496
            ],
            [
                30,
                0.8604433465668114
            ],
            [
                31,
                0.861599912958529
            ],
            [
                32,
                0.8633804269476298
            ],
            [
                33,
                0.8652138701126335
            ],
            [
                34,
                0.8655080888993819
            ],
            [
                35,
                0.8663629956983703
            ],
            [
                36,
                0.8685021010869731
            ],
            [
                37,
                0.8700230976571408
            ],
            [
                38,
                0.8707121928557466
            ],
            [
                39,
                0.8718350019799047
            ],
            [
                40,
                0.8745945292635531
            ],
            [
                41,
                0.8739376513028928
            ],
            [
                42,
                0.8774571293136052
            ],
            [
                43,
                0.8780881626951155
            ],
            [
                44,
                0.8768211789999854
            ],
            [
                45,
                0.8785208104983162
            ],
            [
                46,
                0.8798526991308936
            ],
            [
                47,
                0.8793692951706472
            ],
            [
                48,
                0.8815180786014777
            ],
            [
                49,
                0.881338720662926
            ],
            [
                50,
                0.8839816347902248
            ]
        ]
    },
    "metrics_distributed": {
        "FL_accuracy": [
            [
                1,
                0.4984087923615297
            ],
            [
                2,
                0.6579165357074314
            ],
            [
                3,
                0.6926000934986055
            ],
            [
                4,
                0.7182431156106176
            ],
            [
                5,
                0.7338453665975427
            ],
            [
                6,
                0.7428790535320345
            ],
            [
                7,
                0.7325401525114248
            ],
            [
                8,
                0.7420294621446424
            ],
            [
                9,
                0.7687339746877331
            ],
            [
                10,
                0.7578959336358843
            ],
            [
                11,
                0.7745788810112768
            ],
            [
                12,
                0.7720764859222837
            ],
            [
                13,
                0.7881423336250485
            ],
            [
                14,
                0.7800428742400197
            ],
            [
                15,
                0.7719625672689482
            ],
            [
                16,
                0.7882384584696416
            ],
            [
                17,
                0.7869837800356678
            ],
            [
                18,
                0.7902559502466644
            ],
            [
                19,
                0.7888827137250434
            ],
            [
                20,
                0.7934919307587166
            ],
            [
                21,
                0.7999519072446291
            ],
            [
                22,
                0.7997810369128409
            ],
            [
                23,
                0.8130297527255079
            ],
            [
                24,
                0.8132213863851645
            ],
            [
                25,
                0.8128890324458842
            ],
            [
                26,
                0.8130938674669992
            ],
            [
                27,
                0.8169396210608104
            ],
            [
                28,
                0.8256093445675795
            ],
            [
                29,
                0.8190358454479807
            ],
            [
                30,
                0.8213100219619551
            ],
            [
                31,
                0.8333527011699318
            ],
            [
                32,
                0.8104534090046641
            ],
            [
                33,
                0.8297858168080232
            ],
            [
                34,
                0.8286465187716017
            ],
            [
                35,
                0.8370366918286415
            ],
            [
                36,
                0.8364733061347571
            ],
            [
                37,
                0.8373940500439992
            ],
            [
                38,
                0.8381816572444777
            ],
            [
                39,
                0.8378874220720757
            ],
            [
                40,
                0.841460719054062
            ],
            [
                41,
                0.845019308389074
            ],
            [
                42,
                0.843782890159928
            ],
            [
                43,
                0.8396620358104583
            ],
            [
                44,
                0.8399884012253287
            ],
            [
                45,
                0.845347755756211
            ],
            [
                46,
                0.848084468449699
            ],
            [
                47,
                0.8475263140186184
            ],
            [
                48,
                0.8419486833997564
            ],
            [
                49,
                0.8508318052130196
            ],
            [
                50,
                0.8495869524519615
            ]
        ]
    },
    "FL_loss": {
        "1": 1.7578950348564266,
        "2": 0.9168198249196401,
        "3": 0.7098337592515227,
        "4": 0.6426547535519262,
        "5": 0.6025874555229525,
        "6": 0.5746166176541934,
        "7": 0.5527061651747912,
        "8": 0.5350190258556683,
        "9": 0.5222541486630143,
        "10": 0.510727747215259,
        "11": 0.49742647352523167,
        "12": 0.48823168398610467,
        "13": 0.4795603594520313,
        "14": 0.4701121105789321,
        "15": 0.4622636470646254,
        "16": 0.45555047437612683,
        "17": 0.45008441061024473,
        "18": 0.44596975300567954,
        "19": 0.43871735580633936,
        "20": 0.4336411227834544,
        "21": 0.4242025599462133,
        "22": 0.42051879350435933,
        "23": 0.41516099388550315,
        "24": 0.4121655049186718,
        "25": 0.40724006719834466,
        "26": 0.4020197939420721,
        "27": 0.39928458100636377,
        "28": 0.3956580852766602,
        "29": 0.3899152170226596,
        "30": 0.3863835111673744,
        "31": 0.38186945999864297,
        "32": 0.378517259697512,
        "33": 0.3746445667232431,
        "34": 0.3711938905238772,
        "35": 0.3693909228102888,
        "36": 0.365340817246673,
        "37": 0.36208202612390605,
        "38": 0.35818602226177554,
        "39": 0.35471250175578006,
        "40": 0.35113381324215365,
        "41": 0.3499277151445349,
        "42": 0.3445543732773377,
        "43": 0.3409917484164916,
        "44": 0.3411407922035496,
        "45": 0.33725409779726473,
        "46": 0.33431110363661914,
        "47": 0.3336021440000907,
        "48": 0.3295277054544788,
        "49": 0.3276335017280164,
        "50": 0.325150241065597
    },
    "FL_accuracy": {
        "1": 0.4278716738371438,
        "2": 0.6996178430875628,
        "3": 0.7487850678163879,
        "4": 0.7735032057752854,
        "5": 0.7860479306524286,
        "6": 0.7940965564363146,
        "7": 0.8027922498580038,
        "8": 0.8070901967789004,
        "9": 0.8108391615746104,
        "10": 0.8168245110060207,
        "11": 0.8218191924286609,
        "12": 0.8227544753356426,
        "13": 0.8275879592814454,
        "14": 0.8312019095115272,
        "15": 0.8326204317090318,
        "16": 0.8340517857715245,
        "17": 0.8373429510949165,
        "18": 0.8375713343577631,
        "19": 0.8410159199564898,
        "20": 0.8424247829119901,
        "21": 0.848228309663505,
        "22": 0.8464537733521637,
        "23": 0.8504034956601286,
        "24": 0.8498004415112883,
        "25": 0.8538624652641724,
        "26": 0.8545197640100403,
        "27": 0.8541300594439438,
        "28": 0.8560365942033179,
        "29": 0.8593428207200496,
        "30": 0.8604433465668114,
        "31": 0.861599912958529,
        "32": 0.8633804269476298,
        "33": 0.8652138701126335,
        "34": 0.8655080888993819,
        "35": 0.8663629956983703,
        "36": 0.8685021010869731,
        "37": 0.8700230976571408,
        "38": 0.8707121928557466,
        "39": 0.8718350019799047,
        "40": 0.8745945292635531,
        "41": 0.8739376513028928,
        "42": 0.8774571293136052,
        "43": 0.8780881626951155,
        "44": 0.8768211789999854,
        "45": 0.8785208104983162,
        "46": 0.8798526991308936,
        "47": 0.8793692951706472,
        "48": 0.8815180786014777,
        "49": 0.881338720662926,
        "50": 0.8839816347902248
    }
}