{
    "losses_distributed": {
        "1": [
            1,
            1.5439918756484985
        ],
        "2": [
            2,
            0.9584377229213714
        ],
        "3": [
            3,
            0.8890771806240082
        ],
        "4": [
            4,
            0.8036251425743103
        ],
        "5": [
            5,
            0.7239093542098999
        ],
        "6": [
            6,
            0.708407723903656
        ],
        "7": [
            7,
            0.6964887857437134
        ],
        "8": [
            8,
            0.6578087031841278
        ],
        "9": [
            9,
            0.6481478810310364
        ],
        "10": [
            10,
            0.6399268120527267
        ],
        "11": [
            11,
            0.6188863545656205
        ],
        "12": [
            12,
            0.6067545711994171
        ],
        "13": [
            13,
            0.6015681564807892
        ],
        "14": [
            14,
            0.5943669587373733
        ],
        "15": [
            15,
            0.5779030561447144
        ],
        "16": [
            16,
            0.569154042005539
        ],
        "17": [
            17,
            0.5568241119384766
        ],
        "18": [
            18,
            0.5428344309329987
        ],
        "19": [
            19,
            0.5494127333164215
        ],
        "20": [
            20,
            0.5583082884550095
        ],
        "21": [
            21,
            0.5202796190977097
        ],
        "22": [
            22,
            0.5233741939067841
        ],
        "23": [
            23,
            0.5100609540939331
        ],
        "24": [
            24,
            0.5118498027324676
        ],
        "25": [
            25,
            0.5127256125211715
        ],
        "26": [
            26,
            0.5000899046659469
        ],
        "27": [
            27,
            0.48447731137275696
        ],
        "28": [
            28,
            0.48756231665611266
        ],
        "29": [
            29,
            0.49462234079837797
        ],
        "30": [
            30,
            0.4765565603971481
        ],
        "31": [
            31,
            0.4763892501592636
        ],
        "32": [
            32,
            0.46838675141334535
        ],
        "33": [
            33,
            0.4619487464427948
        ],
        "34": [
            34,
            0.4567127853631973
        ],
        "35": [
            35,
            0.461334091424942
        ],
        "36": [
            36,
            0.44198493361473085
        ],
        "37": [
            37,
            0.4369637489318848
        ],
        "38": [
            38,
            0.43352963626384733
        ],
        "39": [
            39,
            0.43281833827495575
        ],
        "40": [
            40,
            0.42843097448349
        ],
        "41": [
            41,
            0.4449523240327835
        ],
        "42": [
            42,
            0.4338218331336975
        ],
        "43": [
            43,
            0.43637052178382874
        ],
        "44": [
            44,
            0.42109728455543516
        ],
        "45": [
            45,
            0.41639283299446106
        ],
        "46": [
            46,
            0.41130984127521514
        ],
        "47": [
            47,
            0.4077631950378418
        ],
        "48": [
            48,
            0.410339218378067
        ],
        "49": [
            49,
            0.4052908897399902
        ],
        "50": [
            50,
            0.4124035328626633
        ]
    },
    "metrics_distributed_fit": {
        "FL_loss": [
            [
                1,
                1.6502031242394821
            ],
            [
                2,
                0.886233370930792
            ],
            [
                3,
                0.7137665042912109
            ],
            [
                4,
                0.6427402910643498
            ],
            [
                5,
                0.6097241536110929
            ],
            [
                6,
                0.5757300797282725
            ],
            [
                7,
                0.5558113055757951
            ],
            [
                8,
                0.5363872066438973
            ],
            [
                9,
                0.523379692403995
            ],
            [
                10,
                0.5102157134446819
            ],
            [
                11,
                0.49582763063840785
            ],
            [
                12,
                0.4864536358739793
            ],
            [
                13,
                0.47675321238096513
            ],
            [
                14,
                0.46651926579308317
            ],
            [
                15,
                0.459335048783291
            ],
            [
                16,
                0.45199508176139896
            ],
            [
                17,
                0.4440864477750246
            ],
            [
                18,
                0.436973840757514
            ],
            [
                19,
                0.43153742239404014
            ],
            [
                20,
                0.4271957407853383
            ],
            [
                21,
                0.4187796316218916
            ],
            [
                22,
                0.4117595305913954
            ],
            [
                23,
                0.4072320540770143
            ],
            [
                24,
                0.40259077640146346
            ],
            [
                25,
                0.3980875124123756
            ],
            [
                26,
                0.39422126056478674
            ],
            [
                27,
                0.39053167403439487
            ],
            [
                28,
                0.38408877219592574
            ],
            [
                29,
                0.3797486742537945
            ],
            [
                30,
                0.37702236547960905
            ],
            [
                31,
                0.372045316887942
            ],
            [
                32,
                0.36778109374746953
            ],
            [
                33,
                0.3627945036521022
            ],
            [
                34,
                0.3606762078942364
            ],
            [
                35,
                0.35756843223818924
            ],
            [
                36,
                0.35388184705106984
            ],
            [
                37,
                0.35262615687536997
            ],
            [
                38,
                0.34820991615611024
            ],
            [
                39,
                0.34529294915261205
            ],
            [
                40,
                0.3407348455725716
            ],
            [
                41,
                0.3384836506477116
            ],
            [
                42,
                0.3362651367214016
            ],
            [
                43,
                0.3336303215951217
            ],
            [
                44,
                0.33122429713115903
            ],
            [
                45,
                0.32748378641297066
            ],
            [
                46,
                0.32523946838965967
            ],
            [
                47,
                0.3243997066706693
            ],
            [
                48,
                0.3195481914925529
            ],
            [
                49,
                0.3194529111411407
            ],
            [
                50,
                0.3174173591046828
            ]
        ],
        "FL_accuracy": [
            [
                1,
                0.4632797590719842
            ],
            [
                2,
                0.697610228017058
            ],
            [
                3,
                0.7472772022573302
            ],
            [
                4,
                0.7708918734232232
            ],
            [
                5,
                0.7785291585936938
            ],
            [
                6,
                0.7932083153937677
            ],
            [
                7,
                0.7995166598087765
            ],
            [
                8,
                0.8067826823856133
            ],
            [
                9,
                0.8107685660661292
            ],
            [
                10,
                0.815303798042869
            ],
            [
                11,
                0.8198798998743649
            ],
            [
                12,
                0.8239452839209086
            ],
            [
                13,
                0.8279370821681811
            ],
            [
                14,
                0.8305520853921056
            ],
            [
                15,
                0.8326796274553498
            ],
            [
                16,
                0.8367293605379267
            ],
            [
                17,
                0.8381777840710976
            ],
            [
                18,
                0.8417426837475365
            ],
            [
                19,
                0.8436704542810339
            ],
            [
                20,
                0.8461546064109491
            ],
            [
                21,
                0.848121134590689
            ],
            [
                22,
                0.8510499342310768
            ],
            [
                23,
                0.8527012784658563
            ],
            [
                24,
                0.8546282920506252
            ],
            [
                25,
                0.8557939510365546
            ],
            [
                26,
                0.8568594268872516
            ],
            [
                27,
                0.8575696696342743
            ],
            [
                28,
                0.8623084001020758
            ],
            [
                29,
                0.8631491833062505
            ],
            [
                30,
                0.8650686925835119
            ],
            [
                31,
                0.8666809932352981
            ],
            [
                32,
                0.8690485367911034
            ],
            [
                33,
                0.8698850203932974
            ],
            [
                34,
                0.8713268762423476
            ],
            [
                35,
                0.8710098096451808
            ],
            [
                36,
                0.8735132635953338
            ],
            [
                37,
                0.8730584232298895
            ],
            [
                38,
                0.8747296923080793
            ],
            [
                39,
                0.8771569532021729
            ],
            [
                40,
                0.8784740729565497
            ],
            [
                41,
                0.879277725549079
            ],
            [
                42,
                0.8800833515136489
            ],
            [
                43,
                0.8798033626731291
            ],
            [
                44,
                0.8804394455802207
            ],
            [
                45,
                0.8832894479094089
            ],
            [
                46,
                0.8840414958460906
            ],
            [
                47,
                0.8840844457537133
            ],
            [
                48,
                0.8858108438329471
            ],
            [
                49,
                0.8860313928954542
            ],
            [
                50,
                0.8866168375591588
            ]
        ]
    },
    "metrics_distributed": {
        "FL_accuracy": [
            [
                1,
                0.5493694342092279
            ],
            [
                2,
                0.6604799931412622
            ],
            [
                3,
                0.6675109647083508
            ],
            [
                4,
                0.6977534300006615
            ],
            [
                5,
                0.7412692283963923
            ],
            [
                6,
                0.7333335270178472
            ],
            [
                7,
                0.7324304220410625
            ],
            [
                8,
                0.7655975443843694
            ],
            [
                9,
                0.764351194945663
            ],
            [
                10,
                0.7619407656824363
            ],
            [
                11,
                0.7805124855215898
            ],
            [
                12,
                0.7731606675491853
            ],
            [
                13,
                0.775743802157607
            ],
            [
                14,
                0.7874625714153392
            ],
            [
                15,
                0.789335351314886
            ],
            [
                16,
                0.7933115476566093
            ],
            [
                17,
                0.7921345843182317
            ],
            [
                18,
                0.7993628078984638
            ],
            [
                19,
                0.7988537713361402
            ],
            [
                20,
                0.7902479043262874
            ],
            [
                21,
                0.814986437875375
            ],
            [
                22,
                0.8048806901455967
            ],
            [
                23,
                0.8182632385420764
            ],
            [
                24,
                0.8095353191459667
            ],
            [
                25,
                0.8121969791621749
            ],
            [
                26,
                0.8150496281177005
            ],
            [
                27,
                0.8253287121656063
            ],
            [
                28,
                0.8219060602275461
            ],
            [
                29,
                0.8201998296804408
            ],
            [
                30,
                0.8270039859395855
            ],
            [
                31,
                0.8249490849609808
            ],
            [
                32,
                0.8287881922064647
            ],
            [
                33,
                0.8328500257028022
            ],
            [
                34,
                0.8366425909046175
            ],
            [
                35,
                0.8315283385727039
            ],
            [
                36,
                0.8449878887009794
            ],
            [
                37,
                0.845560878931537
            ],
            [
                38,
                0.8456986694600903
            ],
            [
                39,
                0.846347130923166
            ],
            [
                40,
                0.8472117388070585
            ],
            [
                41,
                0.8370305069756256
            ],
            [
                42,
                0.8418848859578076
            ],
            [
                43,
                0.8383373873274664
            ],
            [
                44,
                0.8474472991787685
            ],
            [
                45,
                0.8499837071438062
            ],
            [
                46,
                0.8535946630402547
            ],
            [
                47,
                0.8540878971033239
            ],
            [
                48,
                0.8525150520736048
            ],
            [
                49,
                0.8521012524864835
            ],
            [
                50,
                0.8512213698208788
            ]
        ]
    },
    "FL_loss": {
        "1": 1.6502031242394821,
        "2": 0.886233370930792,
        "3": 0.7137665042912109,
        "4": 0.6427402910643498,
        "5": 0.6097241536110929,
        "6": 0.5757300797282725,
        "7": 0.5558113055757951,
        "8": 0.5363872066438973,
        "9": 0.523379692403995,
        "10": 0.5102157134446819,
        "11": 0.49582763063840785,
        "12": 0.4864536358739793,
        "13": 0.47675321238096513,
        "14": 0.46651926579308317,
        "15": 0.459335048783291,
        "16": 0.45199508176139896,
        "17": 0.4440864477750246,
        "18": 0.436973840757514,
        "19": 0.43153742239404014,
        "20": 0.4271957407853383,
        "21": 0.4187796316218916,
        "22": 0.4117595305913954,
        "23": 0.4072320540770143,
        "24": 0.40259077640146346,
        "25": 0.3980875124123756,
        "26": 0.39422126056478674,
        "27": 0.39053167403439487,
        "28": 0.38408877219592574,
        "29": 0.3797486742537945,
        "30": 0.37702236547960905,
        "31": 0.372045316887942,
        "32": 0.36778109374746953,
        "33": 0.3627945036521022,
        "34": 0.3606762078942364,
        "35": 0.35756843223818924,
        "36": 0.35388184705106984,
        "37": 0.35262615687536997,
        "38": 0.34820991615611024,
        "39": 0.34529294915261205,
        "40": 0.3407348455725716,
        "41": 0.3384836506477116,
        "42": 0.3362651367214016,
        "43": 0.3336303215951217,
        "44": 0.33122429713115903,
        "45": 0.32748378641297066,
        "46": 0.32523946838965967,
        "47": 0.3243997066706693,
        "48": 0.3195481914925529,
        "49": 0.3194529111411407,
        "50": 0.3174173591046828
    },
    "FL_accuracy": {
        "1": 0.4632797590719842,
        "2": 0.697610228017058,
        "3": 0.7472772022573302,
        "4": 0.7708918734232232,
        "5": 0.7785291585936938,
        "6": 0.7932083153937677,
        "7": 0.7995166598087765,
        "8": 0.8067826823856133,
        "9": 0.8107685660661292,
        "10": 0.815303798042869,
        "11": 0.8198798998743649,
        "12": 0.8239452839209086,
        "13": 0.8279370821681811,
        "14": 0.8305520853921056,
        "15": 0.8326796274553498,
        "16": 0.8367293605379267,
        "17": 0.8381777840710976,
        "18": 0.8417426837475365,
        "19": 0.8436704542810339,
        "20": 0.8461546064109491,
        "21": 0.848121134590689,
        "22": 0.8510499342310768,
        "23": 0.8527012784658563,
        "24": 0.8546282920506252,
        "25": 0.8557939510365546,
        "26": 0.8568594268872516,
        "27": 0.8575696696342743,
        "28": 0.8623084001020758,
        "29": 0.8631491833062505,
        "30": 0.8650686925835119,
        "31": 0.8666809932352981,
        "32": 0.8690485367911034,
        "33": 0.8698850203932974,
        "34": 0.8713268762423476,
        "35": 0.8710098096451808,
        "36": 0.8735132635953338,
        "37": 0.8730584232298895,
        "38": 0.8747296923080793,
        "39": 0.8771569532021729,
        "40": 0.8784740729565497,
        "41": 0.879277725549079,
        "42": 0.8800833515136489,
        "43": 0.8798033626731291,
        "44": 0.8804394455802207,
        "45": 0.8832894479094089,
        "46": 0.8840414958460906,
        "47": 0.8840844457537133,
        "48": 0.8858108438329471,
        "49": 0.8860313928954542,
        "50": 0.8866168375591588
    }
}