{
    "losses_distributed": {
        "1": [
            1,
            1.8148348927497864
        ],
        "2": [
            2,
            1.0247063755989074
        ],
        "3": [
            3,
            0.8377613723278046
        ],
        "4": [
            4,
            0.7617903470993042
        ],
        "5": [
            5,
            0.7311655759811402
        ],
        "6": [
            6,
            0.7425342917442321
        ],
        "7": [
            7,
            0.6814527153968811
        ],
        "8": [
            8,
            0.656471848487854
        ],
        "9": [
            9,
            0.6602944076061249
        ],
        "10": [
            10,
            0.644341230392456
        ],
        "11": [
            11,
            0.6265842080116272
        ],
        "12": [
            12,
            0.6137946307659149
        ],
        "13": [
            13,
            0.6184512376785278
        ],
        "14": [
            14,
            0.5919049561023713
        ],
        "15": [
            15,
            0.6051568895578384
        ],
        "16": [
            16,
            0.5739975482225418
        ],
        "17": [
            17,
            0.5697943300008774
        ],
        "18": [
            18,
            0.5535556435585022
        ],
        "19": [
            19,
            0.5587857455015183
        ],
        "20": [
            20,
            0.5405369937419892
        ],
        "21": [
            21,
            0.545725554227829
        ],
        "22": [
            22,
            0.5269938349723816
        ],
        "23": [
            23,
            0.5281579375267029
        ],
        "24": [
            24,
            0.5466431021690369
        ],
        "25": [
            25,
            0.5047632992267609
        ],
        "26": [
            26,
            0.4967278927564621
        ],
        "27": [
            27,
            0.5021346122026443
        ],
        "28": [
            28,
            0.48806325495243075
        ],
        "29": [
            29,
            0.4908251345157623
        ],
        "30": [
            30,
            0.4799536496400833
        ],
        "31": [
            31,
            0.47621866762638093
        ],
        "32": [
            32,
            0.4733129352331161
        ],
        "33": [
            33,
            0.46948073208332064
        ],
        "34": [
            34,
            0.46353107392787934
        ],
        "35": [
            35,
            0.4687281221151352
        ],
        "36": [
            36,
            0.46356186270713806
        ],
        "37": [
            37,
            0.4475167214870453
        ],
        "38": [
            38,
            0.4438671559095383
        ],
        "39": [
            39,
            0.446610763669014
        ],
        "40": [
            40,
            0.43945586383342744
        ],
        "41": [
            41,
            0.44276873767375946
        ],
        "42": [
            42,
            0.43067946434021
        ],
        "43": [
            43,
            0.4277433156967163
        ],
        "44": [
            44,
            0.42866321504116056
        ],
        "45": [
            45,
            0.4181251794099808
        ],
        "46": [
            46,
            0.4221383988857269
        ],
        "47": [
            47,
            0.414056995511055
        ],
        "48": [
            48,
            0.41946242451667787
        ],
        "49": [
            49,
            0.41362943947315217
        ],
        "50": [
            50,
            0.4086730509996414
        ]
    },
    "metrics_distributed_fit": {
        "FL_loss": [
            [
                1,
                1.8088554953500324
            ],
            [
                2,
                1.0081029330343043
            ],
            [
                3,
                0.7329111926203613
            ],
            [
                4,
                0.6519337225728246
            ],
            [
                5,
                0.6041409522352095
            ],
            [
                6,
                0.5741226920198044
            ],
            [
                7,
                0.5574795573983561
            ],
            [
                8,
                0.5373735287438446
            ],
            [
                9,
                0.5274029461392798
            ],
            [
                10,
                0.511258451802593
            ],
            [
                11,
                0.500767503051968
            ],
            [
                12,
                0.49070926770804196
            ],
            [
                13,
                0.4830222507443639
            ],
            [
                14,
                0.4737906474215179
            ],
            [
                15,
                0.467700192706777
            ],
            [
                16,
                0.4568717186548028
            ],
            [
                17,
                0.45114592475435583
            ],
            [
                18,
                0.44379448001811916
            ],
            [
                19,
                0.43801790343090713
            ],
            [
                20,
                0.4321854834760027
            ],
            [
                21,
                0.42886923994879445
            ],
            [
                22,
                0.421185088273693
            ],
            [
                23,
                0.4151866763747779
            ],
            [
                24,
                0.41093113374977525
            ],
            [
                25,
                0.40579577822726354
            ],
            [
                26,
                0.40077087997660216
            ],
            [
                27,
                0.3970203773857915
            ],
            [
                28,
                0.3925002834633579
            ],
            [
                29,
                0.38900037726568726
            ],
            [
                30,
                0.38540318958075376
            ],
            [
                31,
                0.38191608142889655
            ],
            [
                32,
                0.37612956630116273
            ],
            [
                33,
                0.37401227791488634
            ],
            [
                34,
                0.3691040418578271
            ],
            [
                35,
                0.3639185435813414
            ],
            [
                36,
                0.36251739408372685
            ],
            [
                37,
                0.35902639511342865
            ],
            [
                38,
                0.3567986170161459
            ],
            [
                39,
                0.35221750726807965
            ],
            [
                40,
                0.3499453409435558
            ],
            [
                41,
                0.34706274557989486
            ],
            [
                42,
                0.3426551306004691
            ],
            [
                43,
                0.34048245939660393
            ],
            [
                44,
                0.33923449687213253
            ],
            [
                45,
                0.3362093784131942
            ],
            [
                46,
                0.333431968682358
            ],
            [
                47,
                0.3303116360008832
            ],
            [
                48,
                0.32780804256754215
            ],
            [
                49,
                0.3267104351824914
            ],
            [
                50,
                0.3222949562077365
            ]
        ],
        "FL_accuracy": [
            [
                1,
                0.402063587419663
            ],
            [
                2,
                0.6786781883443459
            ],
            [
                3,
                0.7424297351334939
            ],
            [
                4,
                0.7674313668714247
            ],
            [
                5,
                0.783591536178266
            ],
            [
                6,
                0.7935199493187557
            ],
            [
                7,
                0.7979355799187002
            ],
            [
                8,
                0.8055818590104196
            ],
            [
                9,
                0.8107271339364022
            ],
            [
                10,
                0.8147905224825956
            ],
            [
                11,
                0.818168812995272
            ],
            [
                12,
                0.8225340376929777
            ],
            [
                13,
                0.8250977025454143
            ],
            [
                14,
                0.8283934784845529
            ],
            [
                15,
                0.8303660287413053
            ],
            [
                16,
                0.8333706822744821
            ],
            [
                17,
                0.8370647932697676
            ],
            [
                18,
                0.8398595120445898
            ],
            [
                19,
                0.8426605094048458
            ],
            [
                20,
                0.8437375166188763
            ],
            [
                21,
                0.8426935962864743
            ],
            [
                22,
                0.8476787242379837
            ],
            [
                23,
                0.8494955603451706
            ],
            [
                24,
                0.8514407903237915
            ],
            [
                25,
                0.8533382915333025
            ],
            [
                26,
                0.8538898721878864
            ],
            [
                27,
                0.8567338910831488
            ],
            [
                28,
                0.8582153816842949
            ],
            [
                29,
                0.8584337484677391
            ],
            [
                30,
                0.8600715083510432
            ],
            [
                31,
                0.8626184224658042
            ],
            [
                32,
                0.8637524063757149
            ],
            [
                33,
                0.8644911226048319
            ],
            [
                34,
                0.8665613196090571
            ],
            [
                35,
                0.868567007296068
            ],
            [
                36,
                0.868922695209046
            ],
            [
                37,
                0.8703046190064704
            ],
            [
                38,
                0.8708350807402218
            ],
            [
                39,
                0.8731776047845823
            ],
            [
                40,
                0.8737478587119097
            ],
            [
                41,
                0.8758292090843568
            ],
            [
                42,
                0.8769138110812781
            ],
            [
                43,
                0.8772641658513963
            ],
            [
                44,
                0.8783267146772253
            ],
            [
                45,
                0.8782483927727569
            ],
            [
                46,
                0.8799358953945177
            ],
            [
                47,
                0.881469620766094
            ],
            [
                48,
                0.8832419972517428
            ],
            [
                49,
                0.8824337828355638
            ],
            [
                50,
                0.8847070197666473
            ]
        ]
    },
    "metrics_distributed": {
        "FL_accuracy": [
            [
                1,
                0.4764757312361648
            ],
            [
                2,
                0.6496907244002825
            ],
            [
                3,
                0.7058004442293875
            ],
            [
                4,
                0.726085859341574
            ],
            [
                5,
                0.7406063175208315
            ],
            [
                6,
                0.7103172050670841
            ],
            [
                7,
                0.7544275297053676
            ],
            [
                8,
                0.7601978259837466
            ],
            [
                9,
                0.7603665755300864
            ],
            [
                10,
                0.7618206943266579
            ],
            [
                11,
                0.7713993765976827
            ],
            [
                12,
                0.7746333886691226
            ],
            [
                13,
                0.7774988221603103
            ],
            [
                14,
                0.77719812954757
            ],
            [
                15,
                0.768997800541025
            ],
            [
                16,
                0.7877152233290612
            ],
            [
                17,
                0.7828358018054592
            ],
            [
                18,
                0.8031022376002639
            ],
            [
                19,
                0.7981297031375352
            ],
            [
                20,
                0.807898104096956
            ],
            [
                21,
                0.8048523047099007
            ],
            [
                22,
                0.808181388358503
            ],
            [
                23,
                0.8059849821046441
            ],
            [
                24,
                0.8000129244308729
            ],
            [
                25,
                0.8232161243297963
            ],
            [
                26,
                0.8246712477970494
            ],
            [
                27,
                0.8205959275615081
            ],
            [
                28,
                0.8255640643753599
            ],
            [
                29,
                0.8227925159295634
            ],
            [
                30,
                0.8311294514477952
            ],
            [
                31,
                0.8302772456688963
            ],
            [
                32,
                0.8302929461505336
            ],
            [
                33,
                0.8371740371263927
            ],
            [
                34,
                0.8306587487742993
            ],
            [
                35,
                0.8244684807119773
            ],
            [
                36,
                0.8345998534754526
            ],
            [
                37,
                0.8424080409971644
            ],
            [
                38,
                0.8424785668352619
            ],
            [
                39,
                0.8363953706360769
            ],
            [
                40,
                0.842503237397058
            ],
            [
                41,
                0.8411282634069724
            ],
            [
                42,
                0.8477398704584107
            ],
            [
                43,
                0.8463787020557181
            ],
            [
                44,
                0.8464615268815067
            ],
            [
                45,
                0.8512033808200918
            ],
            [
                46,
                0.8500200216172505
            ],
            [
                47,
                0.8527069123984952
            ],
            [
                48,
                0.8482329539407003
            ],
            [
                49,
                0.851331264830525
            ],
            [
                50,
                0.8540096460073785
            ]
        ]
    },
    "FL_loss": {
        "1": 1.8088554953500324,
        "2": 1.0081029330343043,
        "3": 0.7329111926203613,
        "4": 0.6519337225728246,
        "5": 0.6041409522352095,
        "6": 0.5741226920198044,
        "7": 0.5574795573983561,
        "8": 0.5373735287438446,
        "9": 0.5274029461392798,
        "10": 0.511258451802593,
        "11": 0.500767503051968,
        "12": 0.49070926770804196,
        "13": 0.4830222507443639,
        "14": 0.4737906474215179,
        "15": 0.467700192706777,
        "16": 0.4568717186548028,
        "17": 0.45114592475435583,
        "18": 0.44379448001811916,
        "19": 0.43801790343090713,
        "20": 0.4321854834760027,
        "21": 0.42886923994879445,
        "22": 0.421185088273693,
        "23": 0.4151866763747779,
        "24": 0.41093113374977525,
        "25": 0.40579577822726354,
        "26": 0.40077087997660216,
        "27": 0.3970203773857915,
        "28": 0.3925002834633579,
        "29": 0.38900037726568726,
        "30": 0.38540318958075376,
        "31": 0.38191608142889655,
        "32": 0.37612956630116273,
        "33": 0.37401227791488634,
        "34": 0.3691040418578271,
        "35": 0.3639185435813414,
        "36": 0.36251739408372685,
        "37": 0.35902639511342865,
        "38": 0.3567986170161459,
        "39": 0.35221750726807965,
        "40": 0.3499453409435558,
        "41": 0.34706274557989486,
        "42": 0.3426551306004691,
        "43": 0.34048245939660393,
        "44": 0.33923449687213253,
        "45": 0.3362093784131942,
        "46": 0.333431968682358,
        "47": 0.3303116360008832,
        "48": 0.32780804256754215,
        "49": 0.3267104351824914,
        "50": 0.3222949562077365
    },
    "FL_accuracy": {
        "1": 0.402063587419663,
        "2": 0.6786781883443459,
        "3": 0.7424297351334939,
        "4": 0.7674313668714247,
        "5": 0.783591536178266,
        "6": 0.7935199493187557,
        "7": 0.7979355799187002,
        "8": 0.8055818590104196,
        "9": 0.8107271339364022,
        "10": 0.8147905224825956,
        "11": 0.818168812995272,
        "12": 0.8225340376929777,
        "13": 0.8250977025454143,
        "14": 0.8283934784845529,
        "15": 0.8303660287413053,
        "16": 0.8333706822744821,
        "17": 0.8370647932697676,
        "18": 0.8398595120445898,
        "19": 0.8426605094048458,
        "20": 0.8437375166188763,
        "21": 0.8426935962864743,
        "22": 0.8476787242379837,
        "23": 0.8494955603451706,
        "24": 0.8514407903237915,
        "25": 0.8533382915333025,
        "26": 0.8538898721878864,
        "27": 0.8567338910831488,
        "28": 0.8582153816842949,
        "29": 0.8584337484677391,
        "30": 0.8600715083510432,
        "31": 0.8626184224658042,
        "32": 0.8637524063757149,
        "33": 0.8644911226048319,
        "34": 0.8665613196090571,
        "35": 0.868567007296068,
        "36": 0.868922695209046,
        "37": 0.8703046190064704,
        "38": 0.8708350807402218,
        "39": 0.8731776047845823,
        "40": 0.8737478587119097,
        "41": 0.8758292090843568,
        "42": 0.8769138110812781,
        "43": 0.8772641658513963,
        "44": 0.8783267146772253,
        "45": 0.8782483927727569,
        "46": 0.8799358953945177,
        "47": 0.881469620766094,
        "48": 0.8832419972517428,
        "49": 0.8824337828355638,
        "50": 0.8847070197666473
    }
}