{
    "losses_distributed": {
        "1": [
            1,
            1.584485614299774
        ],
        "2": [
            2,
            0.9794500529766083
        ],
        "3": [
            3,
            0.8281298875808716
        ],
        "4": [
            4,
            0.7916954815387726
        ],
        "5": [
            5,
            0.7401774942874908
        ],
        "6": [
            6,
            0.6916606605052948
        ],
        "7": [
            7,
            0.66658895611763
        ],
        "8": [
            8,
            0.6509653151035308
        ],
        "9": [
            9,
            0.6505411744117737
        ],
        "10": [
            10,
            0.624426680803299
        ],
        "11": [
            11,
            0.6190201997756958
        ],
        "12": [
            12,
            0.6199548095464706
        ],
        "13": [
            13,
            0.6082417517900467
        ],
        "14": [
            14,
            0.5961650848388672
        ],
        "15": [
            15,
            0.5849286496639252
        ],
        "16": [
            16,
            0.5655563682317734
        ],
        "17": [
            17,
            0.566068309545517
        ],
        "18": [
            18,
            0.5541160047054291
        ],
        "19": [
            19,
            0.5438280940055847
        ],
        "20": [
            20,
            0.5415746480226517
        ],
        "21": [
            21,
            0.5354282289743424
        ],
        "22": [
            22,
            0.5416447550058365
        ],
        "23": [
            23,
            0.514371806383133
        ],
        "24": [
            24,
            0.5148729771375656
        ],
        "25": [
            25,
            0.5047868132591248
        ],
        "26": [
            26,
            0.5003413259983063
        ],
        "27": [
            27,
            0.49759107530117036
        ],
        "28": [
            28,
            0.5093145281076431
        ],
        "29": [
            29,
            0.48539037108421323
        ],
        "30": [
            30,
            0.48883924186229705
        ],
        "31": [
            31,
            0.47393586337566374
        ],
        "32": [
            32,
            0.5051097303628922
        ],
        "33": [
            33,
            0.47385236620903015
        ],
        "34": [
            34,
            0.4647125691175461
        ],
        "35": [
            35,
            0.4683158159255981
        ],
        "36": [
            36,
            0.4558556616306305
        ],
        "37": [
            37,
            0.45584469437599184
        ],
        "38": [
            38,
            0.4452268213033676
        ],
        "39": [
            39,
            0.44782631695270536
        ],
        "40": [
            40,
            0.4483827531337738
        ],
        "41": [
            41,
            0.448438560962677
        ],
        "42": [
            42,
            0.4382482796907425
        ],
        "43": [
            43,
            0.4413822919130325
        ],
        "44": [
            44,
            0.4313046336174011
        ],
        "45": [
            45,
            0.4358523428440094
        ],
        "46": [
            46,
            0.42683851420879365
        ],
        "47": [
            47,
            0.42048630118370056
        ],
        "48": [
            48,
            0.43338234126567843
        ],
        "49": [
            49,
            0.44115340113639834
        ],
        "50": [
            50,
            0.4166368395090103
        ]
    },
    "metrics_distributed_fit": {
        "FL_loss": [
            [
                1,
                1.6621972675120227
            ],
            [
                2,
                0.895759247162955
            ],
            [
                3,
                0.6983500115869974
            ],
            [
                4,
                0.6310378921022707
            ],
            [
                5,
                0.5937108041688507
            ],
            [
                6,
                0.5678512338467436
            ],
            [
                7,
                0.5459187631523225
            ],
            [
                8,
                0.5293478056888151
            ],
            [
                9,
                0.5173439820727705
            ],
            [
                10,
                0.5024885273179829
            ],
            [
                11,
                0.4941763112467149
            ],
            [
                12,
                0.48465976067075295
            ],
            [
                13,
                0.47843942807518786
            ],
            [
                14,
                0.4677429338100737
            ],
            [
                15,
                0.45951571332475016
            ],
            [
                16,
                0.4504480906944369
            ],
            [
                17,
                0.44578539412426865
            ],
            [
                18,
                0.4396378271909799
            ],
            [
                19,
                0.4349174363496536
            ],
            [
                20,
                0.42827263593780707
            ],
            [
                21,
                0.42320099627689894
            ],
            [
                22,
                0.41959783517448057
            ],
            [
                23,
                0.4133466385562376
            ],
            [
                24,
                0.4061953046415555
            ],
            [
                25,
                0.40334835698595645
            ],
            [
                26,
                0.40002724103850246
            ],
            [
                27,
                0.3980673973563123
            ],
            [
                28,
                0.39223548031123556
            ],
            [
                29,
                0.38690625434092396
            ],
            [
                30,
                0.3853832309461214
            ],
            [
                31,
                0.3822841890664153
            ],
            [
                32,
                0.3784027628087503
            ],
            [
                33,
                0.37441973658927996
            ],
            [
                34,
                0.37068961467770495
            ],
            [
                35,
                0.36708242880345515
            ],
            [
                36,
                0.3631344309823267
            ],
            [
                37,
                0.3620360260076464
            ],
            [
                38,
                0.3583662032749239
            ],
            [
                39,
                0.3560002496132984
            ],
            [
                40,
                0.3516421376096738
            ],
            [
                41,
                0.35015128585170674
            ],
            [
                42,
                0.3476761429481531
            ],
            [
                43,
                0.3450602619846015
            ],
            [
                44,
                0.3434358635788703
            ],
            [
                45,
                0.3410322434942815
            ],
            [
                46,
                0.337652795484517
            ],
            [
                47,
                0.33571469784959873
            ],
            [
                48,
                0.33305241011941167
            ],
            [
                49,
                0.3314371445863483
            ],
            [
                50,
                0.32955207568921074
            ]
        ],
        "FL_accuracy": [
            [
                1,
                0.4694484158346313
            ],
            [
                2,
                0.7097965122915796
            ],
            [
                3,
                0.7547473377157822
            ],
            [
                4,
                0.7746040446905521
            ],
            [
                5,
                0.786345894560252
            ],
            [
                6,
                0.7950240856073592
            ],
            [
                7,
                0.8038124849581951
            ],
            [
                8,
                0.8074322122343736
            ],
            [
                9,
                0.8122828105772968
            ],
            [
                10,
                0.8171918266482792
            ],
            [
                11,
                0.8209422920097328
            ],
            [
                12,
                0.8237978597431113
            ],
            [
                13,
                0.8256283230164833
            ],
            [
                14,
                0.8300328759467444
            ],
            [
                15,
                0.8326985291465961
            ],
            [
                16,
                0.8344765279037771
            ],
            [
                17,
                0.8394996791244056
            ],
            [
                18,
                0.8413104812817684
            ],
            [
                19,
                0.8422413003212972
            ],
            [
                20,
                0.8447993760309901
            ],
            [
                21,
                0.8450506925122585
            ],
            [
                22,
                0.848014898211918
            ],
            [
                23,
                0.8497467749990173
            ],
            [
                24,
                0.8521519155396241
            ],
            [
                25,
                0.8542613412295224
            ],
            [
                26,
                0.855210402092322
            ],
            [
                27,
                0.8565172516659134
            ],
            [
                28,
                0.8576567866428035
            ],
            [
                29,
                0.8619211530861366
            ],
            [
                30,
                0.8600791918762155
            ],
            [
                31,
                0.8615249492896739
            ],
            [
                32,
                0.862605200345195
            ],
            [
                33,
                0.8648109602879364
            ],
            [
                34,
                0.8648188660401452
            ],
            [
                35,
                0.8683400139658939
            ],
            [
                36,
                0.8673231461706316
            ],
            [
                37,
                0.8685118552898704
            ],
            [
                38,
                0.8713309858194993
            ],
            [
                39,
                0.8702456998706671
            ],
            [
                40,
                0.8731268923138792
            ],
            [
                41,
                0.8741146831977504
            ],
            [
                42,
                0.8733822806127545
            ],
            [
                43,
                0.8753543961366604
            ],
            [
                44,
                0.8754978491120845
            ],
            [
                45,
                0.8776318875200191
            ],
            [
                46,
                0.8781680379738506
            ],
            [
                47,
                0.8782991320302183
            ],
            [
                48,
                0.8791347658684163
            ],
            [
                49,
                0.8811322442654067
            ],
            [
                50,
                0.8797947908509446
            ]
        ]
    },
    "metrics_distributed": {
        "FL_accuracy": [
            [
                1,
                0.5817925127793541
            ],
            [
                2,
                0.6614944919266148
            ],
            [
                3,
                0.7066679230734138
            ],
            [
                4,
                0.7101022720038722
            ],
            [
                5,
                0.7250707872213169
            ],
            [
                6,
                0.7472414780874717
            ],
            [
                7,
                0.7629771276956987
            ],
            [
                8,
                0.7641162729615095
            ],
            [
                9,
                0.7648741266448089
            ],
            [
                10,
                0.7728426855005981
            ],
            [
                11,
                0.7774131736747976
            ],
            [
                12,
                0.7676083484060077
            ],
            [
                13,
                0.7715488201600595
            ],
            [
                14,
                0.7830876343540786
            ],
            [
                15,
                0.7878580288025745
            ],
            [
                16,
                0.7961929972984079
            ],
            [
                17,
                0.78812188064919
            ],
            [
                18,
                0.7946771341998715
            ],
            [
                19,
                0.7987324872194331
            ],
            [
                20,
                0.7976021750683832
            ],
            [
                21,
                0.8063668312012313
            ],
            [
                22,
                0.8045876291356169
            ],
            [
                23,
                0.8124283293864536
            ],
            [
                24,
                0.8119992800967493
            ],
            [
                25,
                0.8208755342277134
            ],
            [
                26,
                0.8234736143061564
            ],
            [
                27,
                0.8191804758964988
            ],
            [
                28,
                0.8040301276635686
            ],
            [
                29,
                0.821982218315196
            ],
            [
                30,
                0.8215478272804594
            ],
            [
                31,
                0.8298413901328592
            ],
            [
                32,
                0.8098407858022181
            ],
            [
                33,
                0.8297622186277348
            ],
            [
                34,
                0.832427840655653
            ],
            [
                35,
                0.8300642455267365
            ],
            [
                36,
                0.8351386919295741
            ],
            [
                37,
                0.8361160699259027
            ],
            [
                38,
                0.8408855170384053
            ],
            [
                39,
                0.8391085589230199
            ],
            [
                40,
                0.8379504453493258
            ],
            [
                41,
                0.8352567535808122
            ],
            [
                42,
                0.8449333478975574
            ],
            [
                43,
                0.8402061521648335
            ],
            [
                44,
                0.8447179736424315
            ],
            [
                45,
                0.8406418442006656
            ],
            [
                46,
                0.8459656636163497
            ],
            [
                47,
                0.8502664145273826
            ],
            [
                48,
                0.8424340800307679
            ],
            [
                49,
                0.836550534374588
            ],
            [
                50,
                0.8495830189620704
            ]
        ]
    },
    "FL_loss": {
        "1": 1.6621972675120227,
        "2": 0.895759247162955,
        "3": 0.6983500115869974,
        "4": 0.6310378921022707,
        "5": 0.5937108041688507,
        "6": 0.5678512338467436,
        "7": 0.5459187631523225,
        "8": 0.5293478056888151,
        "9": 0.5173439820727705,
        "10": 0.5024885273179829,
        "11": 0.4941763112467149,
        "12": 0.48465976067075295,
        "13": 0.47843942807518786,
        "14": 0.4677429338100737,
        "15": 0.45951571332475016,
        "16": 0.4504480906944369,
        "17": 0.44578539412426865,
        "18": 0.4396378271909799,
        "19": 0.4349174363496536,
        "20": 0.42827263593780707,
        "21": 0.42320099627689894,
        "22": 0.41959783517448057,
        "23": 0.4133466385562376,
        "24": 0.4061953046415555,
        "25": 0.40334835698595645,
        "26": 0.40002724103850246,
        "27": 0.3980673973563123,
        "28": 0.39223548031123556,
        "29": 0.38690625434092396,
        "30": 0.3853832309461214,
        "31": 0.3822841890664153,
        "32": 0.3784027628087503,
        "33": 0.37441973658927996,
        "34": 0.37068961467770495,
        "35": 0.36708242880345515,
        "36": 0.3631344309823267,
        "37": 0.3620360260076464,
        "38": 0.3583662032749239,
        "39": 0.3560002496132984,
        "40": 0.3516421376096738,
        "41": 0.35015128585170674,
        "42": 0.3476761429481531,
        "43": 0.3450602619846015,
        "44": 0.3434358635788703,
        "45": 0.3410322434942815,
        "46": 0.337652795484517,
        "47": 0.33571469784959873,
        "48": 0.33305241011941167,
        "49": 0.3314371445863483,
        "50": 0.32955207568921074
    },
    "FL_accuracy": {
        "1": 0.4694484158346313,
        "2": 0.7097965122915796,
        "3": 0.7547473377157822,
        "4": 0.7746040446905521,
        "5": 0.786345894560252,
        "6": 0.7950240856073592,
        "7": 0.8038124849581951,
        "8": 0.8074322122343736,
        "9": 0.8122828105772968,
        "10": 0.8171918266482792,
        "11": 0.8209422920097328,
        "12": 0.8237978597431113,
        "13": 0.8256283230164833,
        "14": 0.8300328759467444,
        "15": 0.8326985291465961,
        "16": 0.8344765279037771,
        "17": 0.8394996791244056,
        "18": 0.8413104812817684,
        "19": 0.8422413003212972,
        "20": 0.8447993760309901,
        "21": 0.8450506925122585,
        "22": 0.848014898211918,
        "23": 0.8497467749990173,
        "24": 0.8521519155396241,
        "25": 0.8542613412295224,
        "26": 0.855210402092322,
        "27": 0.8565172516659134,
        "28": 0.8576567866428035,
        "29": 0.8619211530861366,
        "30": 0.8600791918762155,
        "31": 0.8615249492896739,
        "32": 0.862605200345195,
        "33": 0.8648109602879364,
        "34": 0.8648188660401452,
        "35": 0.8683400139658939,
        "36": 0.8673231461706316,
        "37": 0.8685118552898704,
        "38": 0.8713309858194993,
        "39": 0.8702456998706671,
        "40": 0.8731268923138792,
        "41": 0.8741146831977504,
        "42": 0.8733822806127545,
        "43": 0.8753543961366604,
        "44": 0.8754978491120845,
        "45": 0.8776318875200191,
        "46": 0.8781680379738506,
        "47": 0.8782991320302183,
        "48": 0.8791347658684163,
        "49": 0.8811322442654067,
        "50": 0.8797947908509446
    }
}