{
    "losses_distributed": {
        "1": [
            1,
            1.9679205298423768
        ],
        "2": [
            2,
            1.0677214503288268
        ],
        "3": [
            3,
            0.8497858822345734
        ],
        "4": [
            4,
            0.778920578956604
        ],
        "5": [
            5,
            0.7362414836883545
        ],
        "6": [
            6,
            0.7156899094581604
        ],
        "7": [
            7,
            0.6906461656093598
        ],
        "8": [
            8,
            0.6767383456230164
        ],
        "9": [
            9,
            0.6663994014263153
        ],
        "10": [
            10,
            0.6377334415912628
        ],
        "11": [
            11,
            0.6465583086013794
        ],
        "12": [
            12,
            0.6185483783483505
        ],
        "13": [
            13,
            0.6442828953266144
        ],
        "14": [
            14,
            0.6011275500059128
        ],
        "15": [
            15,
            0.5948573380708695
        ],
        "16": [
            16,
            0.5764084577560424
        ],
        "17": [
            17,
            0.5642666488885879
        ],
        "18": [
            18,
            0.5702882379293441
        ],
        "19": [
            19,
            0.5580340504646302
        ],
        "20": [
            20,
            0.5449845731258393
        ],
        "21": [
            21,
            0.5375552922487259
        ],
        "22": [
            22,
            0.5380817264318466
        ],
        "23": [
            23,
            0.5320082426071167
        ],
        "24": [
            24,
            0.52404625415802
        ],
        "25": [
            25,
            0.521186250448227
        ],
        "26": [
            26,
            0.5327302187681198
        ],
        "27": [
            27,
            0.5090571463108062
        ],
        "28": [
            28,
            0.5051431506872177
        ],
        "29": [
            29,
            0.4933886885643005
        ],
        "30": [
            30,
            0.49160406589508054
        ],
        "31": [
            31,
            0.4822385162115097
        ],
        "32": [
            32,
            0.5025453001260758
        ],
        "33": [
            33,
            0.47497212290763857
        ],
        "34": [
            34,
            0.47418234050273894
        ],
        "35": [
            35,
            0.47663103342056273
        ],
        "36": [
            36,
            0.46698307394981386
        ],
        "37": [
            37,
            0.45907886922359464
        ],
        "38": [
            38,
            0.46429195404052737
        ],
        "39": [
            39,
            0.45439761877059937
        ],
        "40": [
            40,
            0.4617494881153107
        ],
        "41": [
            41,
            0.4459127694368362
        ],
        "42": [
            42,
            0.43891255259513856
        ],
        "43": [
            43,
            0.4391416907310486
        ],
        "44": [
            44,
            0.44028849601745607
        ],
        "45": [
            45,
            0.4344589114189148
        ],
        "46": [
            46,
            0.43375416100025177
        ],
        "47": [
            47,
            0.4271466940641403
        ],
        "48": [
            48,
            0.4256242007017136
        ],
        "49": [
            49,
            0.428311288356781
        ],
        "50": [
            50,
            0.4151986002922058
        ]
    },
    "metrics_distributed_fit": {
        "FL_loss": [
            [
                1,
                1.9057239051703458
            ],
            [
                2,
                1.0904115228612006
            ],
            [
                3,
                0.7329835409097594
            ],
            [
                4,
                0.6481837919060891
            ],
            [
                5,
                0.6070360125873309
            ],
            [
                6,
                0.5795499100841217
            ],
            [
                7,
                0.5601849304717348
            ],
            [
                8,
                0.5470136398476786
            ],
            [
                9,
                0.5303692777075038
            ],
            [
                10,
                0.5193493825766241
            ],
            [
                11,
                0.5064901406141484
            ],
            [
                12,
                0.4946585490323394
            ],
            [
                13,
                0.4895380739864804
            ],
            [
                14,
                0.48040566264536794
            ],
            [
                15,
                0.4687654510089957
            ],
            [
                16,
                0.46393678448676356
            ],
            [
                17,
                0.455851646550936
            ],
            [
                18,
                0.45047336570239505
            ],
            [
                19,
                0.4449407456142838
            ],
            [
                20,
                0.4377144206539857
            ],
            [
                21,
                0.4320228363536162
            ],
            [
                22,
                0.42646587571928024
            ],
            [
                23,
                0.4231507098310326
            ],
            [
                24,
                0.41768866525405723
            ],
            [
                25,
                0.4119366580644709
            ],
            [
                26,
                0.40915808256393627
            ],
            [
                27,
                0.4033640608826235
            ],
            [
                28,
                0.4011915962994168
            ],
            [
                29,
                0.39360787284339216
            ],
            [
                30,
                0.394285017437527
            ],
            [
                31,
                0.38731280573399685
            ],
            [
                32,
                0.38326076602441034
            ],
            [
                33,
                0.3812447516652949
            ],
            [
                34,
                0.37801765463891757
            ],
            [
                35,
                0.3734486965409113
            ],
            [
                36,
                0.37215603262300423
            ],
            [
                37,
                0.3661545493034588
            ],
            [
                38,
                0.3640879450107771
            ],
            [
                39,
                0.36013280136786685
            ],
            [
                40,
                0.35801359826968987
            ],
            [
                41,
                0.3553775161917703
            ],
            [
                42,
                0.3540566835666113
            ],
            [
                43,
                0.3507216005197091
            ],
            [
                44,
                0.3472482522377094
            ],
            [
                45,
                0.34532508784433963
            ],
            [
                46,
                0.3415564845799756
            ],
            [
                47,
                0.3391729336664902
            ],
            [
                48,
                0.3363703793558935
            ],
            [
                49,
                0.33534173780737186
            ],
            [
                50,
                0.33174083903260737
            ]
        ],
        "FL_accuracy": [
            [
                1,
                0.367696474742632
            ],
            [
                2,
                0.6607198056256857
            ],
            [
                3,
                0.74656708291116
            ],
            [
                4,
                0.7702916661143491
            ],
            [
                5,
                0.7835103763437627
            ],
            [
                6,
                0.7922095388984227
            ],
            [
                7,
                0.7979765106275859
            ],
            [
                8,
                0.8030736363469202
            ],
            [
                9,
                0.8081421956230225
            ],
            [
                10,
                0.8116249416168584
            ],
            [
                11,
                0.8172471037806239
            ],
            [
                12,
                0.8208538177851311
            ],
            [
                13,
                0.8209498886681817
            ],
            [
                14,
                0.824285948307025
            ],
            [
                15,
                0.830934045263073
            ],
            [
                16,
                0.8327569712404441
            ],
            [
                17,
                0.8358892401948241
            ],
            [
                18,
                0.8364432812860081
            ],
            [
                19,
                0.8397463426943782
            ],
            [
                20,
                0.8406697336363413
            ],
            [
                21,
                0.8426236440676002
            ],
            [
                22,
                0.8457497017672703
            ],
            [
                23,
                0.8474611393122442
            ],
            [
                24,
                0.849337108062217
            ],
            [
                25,
                0.8517195265461044
            ],
            [
                26,
                0.8505195083766907
            ],
            [
                27,
                0.8534482140529347
            ],
            [
                28,
                0.8542488337957194
            ],
            [
                29,
                0.8580617421342891
            ],
            [
                30,
                0.8581418315296592
            ],
            [
                31,
                0.8598854644523627
            ],
            [
                32,
                0.862029449752445
            ],
            [
                33,
                0.8629811064133589
            ],
            [
                34,
                0.8630531213617794
            ],
            [
                35,
                0.864805617535129
            ],
            [
                36,
                0.8665667070592316
            ],
            [
                37,
                0.8676267954352994
            ],
            [
                38,
                0.8694111372198329
            ],
            [
                39,
                0.8694244105758981
            ],
            [
                40,
                0.8715389367290234
            ],
            [
                41,
                0.8719868909044288
            ],
            [
                42,
                0.8736624425903583
            ],
            [
                43,
                0.8740701897096572
            ],
            [
                44,
                0.8753866044581962
            ],
            [
                45,
                0.8751619508333736
            ],
            [
                46,
                0.8770166414970626
            ],
            [
                47,
                0.8780193268049267
            ],
            [
                48,
                0.879192833920432
            ],
            [
                49,
                0.8794582304825059
            ],
            [
                50,
                0.880388465187967
            ]
        ]
    },
    "metrics_distributed": {
        "FL_accuracy": [
            [
                1,
                0.4084906900975393
            ],
            [
                2,
                0.6238393686034576
            ],
            [
                3,
                0.7157920434692586
            ],
            [
                4,
                0.7326831931208908
            ],
            [
                5,
                0.7152352895136674
            ],
            [
                6,
                0.7384656415166896
            ],
            [
                7,
                0.74821287821172
            ],
            [
                8,
                0.7443466973121312
            ],
            [
                9,
                0.7574322322227311
            ],
            [
                10,
                0.7731816428931757
            ],
            [
                11,
                0.7593456948931214
            ],
            [
                12,
                0.7804353533602645
            ],
            [
                13,
                0.7493787633646479
            ],
            [
                14,
                0.7747625690676465
            ],
            [
                15,
                0.7867133017322112
            ],
            [
                16,
                0.7913429805701856
            ],
            [
                17,
                0.7964475256929002
            ],
            [
                18,
                0.7879471096843609
            ],
            [
                19,
                0.7938937846840943
            ],
            [
                20,
                0.7991576683530932
            ],
            [
                21,
                0.8015527676358329
            ],
            [
                22,
                0.8005352522116682
            ],
            [
                23,
                0.8055175385984938
            ],
            [
                24,
                0.8097662911887292
            ],
            [
                25,
                0.80474695987899
            ],
            [
                26,
                0.8032680719408235
            ],
            [
                27,
                0.8135448324565024
            ],
            [
                28,
                0.8174806813267471
            ],
            [
                29,
                0.8232691791024547
            ],
            [
                30,
                0.8264700142205385
            ],
            [
                31,
                0.8300996159575862
            ],
            [
                32,
                0.8137896445746581
            ],
            [
                33,
                0.8320912327038089
            ],
            [
                34,
                0.8297527495964486
            ],
            [
                35,
                0.824452970037299
            ],
            [
                36,
                0.8334403701696914
            ],
            [
                37,
                0.8353576249207906
            ],
            [
                38,
                0.8336805801572907
            ],
            [
                39,
                0.838624894166663
            ],
            [
                40,
                0.8321332389940977
            ],
            [
                41,
                0.8396704586503019
            ],
            [
                42,
                0.8450318405572215
            ],
            [
                43,
                0.8426504486313963
            ],
            [
                44,
                0.8397243014861525
            ],
            [
                45,
                0.8439714146613886
            ],
            [
                46,
                0.8445472133688912
            ],
            [
                47,
                0.8485832678705678
            ],
            [
                48,
                0.8460810541249323
            ],
            [
                49,
                0.8459440191376274
            ],
            [
                50,
                0.8530385166866307
            ]
        ]
    },
    "FL_loss": {
        "1": 1.9057239051703458,
        "2": 1.0904115228612006,
        "3": 0.7329835409097594,
        "4": 0.6481837919060891,
        "5": 0.6070360125873309,
        "6": 0.5795499100841217,
        "7": 0.5601849304717348,
        "8": 0.5470136398476786,
        "9": 0.5303692777075038,
        "10": 0.5193493825766241,
        "11": 0.5064901406141484,
        "12": 0.4946585490323394,
        "13": 0.4895380739864804,
        "14": 0.48040566264536794,
        "15": 0.4687654510089957,
        "16": 0.46393678448676356,
        "17": 0.455851646550936,
        "18": 0.45047336570239505,
        "19": 0.4449407456142838,
        "20": 0.4377144206539857,
        "21": 0.4320228363536162,
        "22": 0.42646587571928024,
        "23": 0.4231507098310326,
        "24": 0.41768866525405723,
        "25": 0.4119366580644709,
        "26": 0.40915808256393627,
        "27": 0.4033640608826235,
        "28": 0.4011915962994168,
        "29": 0.39360787284339216,
        "30": 0.394285017437527,
        "31": 0.38731280573399685,
        "32": 0.38326076602441034,
        "33": 0.3812447516652949,
        "34": 0.37801765463891757,
        "35": 0.3734486965409113,
        "36": 0.37215603262300423,
        "37": 0.3661545493034588,
        "38": 0.3640879450107771,
        "39": 0.36013280136786685,
        "40": 0.35801359826968987,
        "41": 0.3553775161917703,
        "42": 0.3540566835666113,
        "43": 0.3507216005197091,
        "44": 0.3472482522377094,
        "45": 0.34532508784433963,
        "46": 0.3415564845799756,
        "47": 0.3391729336664902,
        "48": 0.3363703793558935,
        "49": 0.33534173780737186,
        "50": 0.33174083903260737
    },
    "FL_accuracy": {
        "1": 0.367696474742632,
        "2": 0.6607198056256857,
        "3": 0.74656708291116,
        "4": 0.7702916661143491,
        "5": 0.7835103763437627,
        "6": 0.7922095388984227,
        "7": 0.7979765106275859,
        "8": 0.8030736363469202,
        "9": 0.8081421956230225,
        "10": 0.8116249416168584,
        "11": 0.8172471037806239,
        "12": 0.8208538177851311,
        "13": 0.8209498886681817,
        "14": 0.824285948307025,
        "15": 0.830934045263073,
        "16": 0.8327569712404441,
        "17": 0.8358892401948241,
        "18": 0.8364432812860081,
        "19": 0.8397463426943782,
        "20": 0.8406697336363413,
        "21": 0.8426236440676002,
        "22": 0.8457497017672703,
        "23": 0.8474611393122442,
        "24": 0.849337108062217,
        "25": 0.8517195265461044,
        "26": 0.8505195083766907,
        "27": 0.8534482140529347,
        "28": 0.8542488337957194,
        "29": 0.8580617421342891,
        "30": 0.8581418315296592,
        "31": 0.8598854644523627,
        "32": 0.862029449752445,
        "33": 0.8629811064133589,
        "34": 0.8630531213617794,
        "35": 0.864805617535129,
        "36": 0.8665667070592316,
        "37": 0.8676267954352994,
        "38": 0.8694111372198329,
        "39": 0.8694244105758981,
        "40": 0.8715389367290234,
        "41": 0.8719868909044288,
        "42": 0.8736624425903583,
        "43": 0.8740701897096572,
        "44": 0.8753866044581962,
        "45": 0.8751619508333736,
        "46": 0.8770166414970626,
        "47": 0.8780193268049267,
        "48": 0.879192833920432,
        "49": 0.8794582304825059,
        "50": 0.880388465187967
    }
}