{
    "losses_distributed": {
        "1": [
            1,
            1.6443151593208314
        ],
        "2": [
            2,
            0.95560382604599
        ],
        "3": [
            3,
            0.8541402280330658
        ],
        "4": [
            4,
            0.7826072752475739
        ],
        "5": [
            5,
            0.7762463212013244
        ],
        "6": [
            6,
            0.7295524656772614
        ],
        "7": [
            7,
            0.6967439949512482
        ],
        "8": [
            8,
            0.6960163176059723
        ],
        "9": [
            9,
            0.663472718000412
        ],
        "10": [
            10,
            0.6609297096729279
        ],
        "11": [
            11,
            0.6346275746822357
        ],
        "12": [
            12,
            0.6429101467132569
        ],
        "13": [
            13,
            0.6182227581739426
        ],
        "14": [
            14,
            0.6294950306415558
        ],
        "15": [
            15,
            0.5973099291324615
        ],
        "16": [
            16,
            0.5916314154863358
        ],
        "17": [
            17,
            0.5959556818008422
        ],
        "18": [
            18,
            0.5880236864089966
        ],
        "19": [
            19,
            0.5703120589256286
        ],
        "20": [
            20,
            0.5725352734327316
        ],
        "21": [
            21,
            0.5508511781692504
        ],
        "22": [
            22,
            0.5677442789077759
        ],
        "23": [
            23,
            0.5334901690483094
        ],
        "24": [
            24,
            0.5345711439847947
        ],
        "25": [
            25,
            0.5538062900304794
        ],
        "26": [
            26,
            0.5250555157661438
        ],
        "27": [
            27,
            0.5335108757019043
        ],
        "28": [
            28,
            0.5166880667209626
        ],
        "29": [
            29,
            0.5259472459554673
        ],
        "30": [
            30,
            0.501378932595253
        ],
        "31": [
            31,
            0.4979205369949341
        ],
        "32": [
            32,
            0.5054487586021423
        ],
        "33": [
            33,
            0.48608756959438326
        ],
        "34": [
            34,
            0.479423987865448
        ],
        "35": [
            35,
            0.4996713548898697
        ],
        "36": [
            36,
            0.4812514245510101
        ],
        "37": [
            37,
            0.462079119682312
        ],
        "38": [
            38,
            0.45815265774726865
        ],
        "39": [
            39,
            0.4717081308364868
        ],
        "40": [
            40,
            0.45397729277610777
        ],
        "41": [
            41,
            0.44593695998191835
        ],
        "42": [
            42,
            0.4408921778202057
        ],
        "43": [
            43,
            0.44781804382801055
        ],
        "44": [
            44,
            0.4498025208711624
        ],
        "45": [
            45,
            0.44660342037677764
        ],
        "46": [
            46,
            0.43954895734786986
        ],
        "47": [
            47,
            0.4530658692121506
        ],
        "48": [
            48,
            0.437593674659729
        ],
        "49": [
            49,
            0.4494876891374588
        ],
        "50": [
            50,
            0.4156888574361801
        ]
    },
    "metrics_distributed_fit": {
        "FL_loss": [
            [
                1,
                1.234041393609891
            ],
            [
                2,
                0.8495640776123174
            ],
            [
                3,
                1.0420231110953861
            ],
            [
                4,
                0.7734764930875285
            ],
            [
                5,
                1.012073469526267
            ],
            [
                6,
                0.7976911989362003
            ],
            [
                7,
                0.7995057436141122
            ],
            [
                8,
                0.7735099147029458
            ],
            [
                9,
                0.654891870404923
            ],
            [
                10,
                0.9421615836807874
            ],
            [
                11,
                0.6247198969395453
            ],
            [
                12,
                0.860160704538206
            ],
            [
                13,
                0.6094056062698494
            ],
            [
                14,
                0.5720726649700474
            ],
            [
                15,
                0.5984915136787432
            ],
            [
                16,
                0.6078703956073491
            ],
            [
                17,
                0.5638301263033529
            ],
            [
                18,
                0.5833515034956773
            ],
            [
                19,
                0.5328537837488361
            ],
            [
                20,
                0.6329926682141949
            ],
            [
                21,
                0.6575361100555137
            ],
            [
                22,
                0.6469455365434247
            ],
            [
                23,
                0.5291736514006041
            ],
            [
                24,
                0.6174421512228232
            ],
            [
                25,
                0.506817278911188
            ],
            [
                26,
                0.5445137621006366
            ],
            [
                27,
                0.49899398098414094
            ],
            [
                28,
                0.5001516207513796
            ],
            [
                29,
                0.5317134876884173
            ],
            [
                30,
                0.47018725099730585
            ],
            [
                31,
                0.6331392184231736
            ],
            [
                32,
                0.5694655456477737
            ],
            [
                33,
                0.5074735532233972
            ],
            [
                34,
                0.686554782957068
            ],
            [
                35,
                0.5906037223596863
            ],
            [
                36,
                0.4657564724639916
            ],
            [
                37,
                0.5971986548774121
            ],
            [
                38,
                0.5124656173581651
            ],
            [
                39,
                0.4602367678191962
            ],
            [
                40,
                0.5013699487339784
            ],
            [
                41,
                0.5687932512731619
            ],
            [
                42,
                0.4156498607523197
            ],
            [
                43,
                0.48590993048432934
            ],
            [
                44,
                0.5703089503703083
            ],
            [
                45,
                0.4685352876433095
            ],
            [
                46,
                0.3826114989145585
            ],
            [
                47,
                0.46793834628198405
            ],
            [
                48,
                0.5580463166822542
            ],
            [
                49,
                0.5201801698754089
            ],
            [
                50,
                0.43724343176298175
            ]
        ],
        "FL_accuracy": [
            [
                1,
                0.5986949187419903
            ],
            [
                2,
                0.6872959560032716
            ],
            [
                3,
                0.6893370302332131
            ],
            [
                4,
                0.7161727060442538
            ],
            [
                5,
                0.6790797591307902
            ],
            [
                6,
                0.7426083456536343
            ],
            [
                7,
                0.7492737341429605
            ],
            [
                8,
                0.7455324804030651
            ],
            [
                9,
                0.7788575363647314
            ],
            [
                10,
                0.7468264811400436
            ],
            [
                11,
                0.7802196599793872
            ],
            [
                12,
                0.7502977980125105
            ],
            [
                13,
                0.7954508488400007
            ],
            [
                14,
                0.795686585448489
            ],
            [
                15,
                0.7965989499178852
            ],
            [
                16,
                0.781242007326665
            ],
            [
                17,
                0.8009720911580009
            ],
            [
                18,
                0.7966625578145778
            ],
            [
                19,
                0.8086037315694299
            ],
            [
                20,
                0.7845372994179826
            ],
            [
                21,
                0.7961515532120164
            ],
            [
                22,
                0.770605211433337
            ],
            [
                23,
                0.8081354960095828
            ],
            [
                24,
                0.7947768448394763
            ],
            [
                25,
                0.8134695368364188
            ],
            [
                26,
                0.8000930015342729
            ],
            [
                27,
                0.8278010830296623
            ],
            [
                28,
                0.8294086942887541
            ],
            [
                29,
                0.8180596578038412
            ],
            [
                30,
                0.8309542037438392
            ],
            [
                31,
                0.7953345933415832
            ],
            [
                32,
                0.7959249036727039
            ],
            [
                33,
                0.8182904733843234
            ],
            [
                34,
                0.7990380215463645
            ],
            [
                35,
                0.795862123359292
            ],
            [
                36,
                0.8327246988481976
            ],
            [
                37,
                0.8270452061440652
            ],
            [
                38,
                0.8067533971407173
            ],
            [
                39,
                0.8401876188279974
            ],
            [
                40,
                0.8433590487600838
            ],
            [
                41,
                0.8296057353830604
            ],
            [
                42,
                0.8425783519272688
            ],
            [
                43,
                0.8322628138373996
            ],
            [
                44,
                0.8204373647183507
            ],
            [
                45,
                0.8359226237166146
            ],
            [
                46,
                0.8591620157475136
            ],
            [
                47,
                0.8398334710858286
            ],
            [
                48,
                0.8098710834550893
            ],
            [
                49,
                0.8298173422251269
            ],
            [
                50,
                0.8570388604622907
            ]
        ]
    },
    "metrics_distributed": {
        "FL_accuracy": [
            [
                1,
                0.5840021659684308
            ],
            [
                2,
                0.6570791021576499
            ],
            [
                3,
                0.6826443944637899
            ],
            [
                4,
                0.7208079466091911
            ],
            [
                5,
                0.724155460072467
            ],
            [
                6,
                0.7340386377650043
            ],
            [
                7,
                0.7348312022298
            ],
            [
                8,
                0.7281966100500712
            ],
            [
                9,
                0.7502237424640612
            ],
            [
                10,
                0.762416947013142
            ],
            [
                11,
                0.7687986887347775
            ],
            [
                12,
                0.7664176748531821
            ],
            [
                13,
                0.7745929633982241
            ],
            [
                14,
                0.7730471811318758
            ],
            [
                15,
                0.7731147921784267
            ],
            [
                16,
                0.7857764567317618
            ],
            [
                17,
                0.7759850505060417
            ],
            [
                18,
                0.7845906928244161
            ],
            [
                19,
                0.7943022576297292
            ],
            [
                20,
                0.7927972687275056
            ],
            [
                21,
                0.8001306868147144
            ],
            [
                22,
                0.7940161353907772
            ],
            [
                23,
                0.8044717670363329
            ],
            [
                24,
                0.801912798512069
            ],
            [
                25,
                0.7972286750502755
            ],
            [
                26,
                0.808310294053735
            ],
            [
                27,
                0.8013802661994411
            ],
            [
                28,
                0.8078345053485192
            ],
            [
                29,
                0.7978485320242437
            ],
            [
                30,
                0.8143303721912867
            ],
            [
                31,
                0.8163456974431387
            ],
            [
                32,
                0.8185673531342463
            ],
            [
                33,
                0.8186484527965316
            ],
            [
                34,
                0.8239416558215661
            ],
            [
                35,
                0.8119765210924159
            ],
            [
                36,
                0.8212028141078112
            ],
            [
                37,
                0.8338151440585552
            ],
            [
                38,
                0.832917995415986
            ],
            [
                39,
                0.8258331967127521
            ],
            [
                40,
                0.8340844536903742
            ],
            [
                41,
                0.8371533020396489
            ],
            [
                42,
                0.8392934328199049
            ],
            [
                43,
                0.8345591194786243
            ],
            [
                44,
                0.8358647933888339
            ],
            [
                45,
                0.8344419011858759
            ],
            [
                46,
                0.8382035417126401
            ],
            [
                47,
                0.8305579166734673
            ],
            [
                48,
                0.8356427944349502
            ],
            [
                49,
                0.8319165736274347
            ],
            [
                50,
                0.8454245806089423
            ]
        ]
    },
    "FL_loss": {
        "1": 1.234041393609891,
        "2": 0.8495640776123174,
        "3": 1.0420231110953861,
        "4": 0.7734764930875285,
        "5": 1.012073469526267,
        "6": 0.7976911989362003,
        "7": 0.7995057436141122,
        "8": 0.7735099147029458,
        "9": 0.654891870404923,
        "10": 0.9421615836807874,
        "11": 0.6247198969395453,
        "12": 0.860160704538206,
        "13": 0.6094056062698494,
        "14": 0.5720726649700474,
        "15": 0.5984915136787432,
        "16": 0.6078703956073491,
        "17": 0.5638301263033529,
        "18": 0.5833515034956773,
        "19": 0.5328537837488361,
        "20": 0.6329926682141949,
        "21": 0.6575361100555137,
        "22": 0.6469455365434247,
        "23": 0.5291736514006041,
        "24": 0.6174421512228232,
        "25": 0.506817278911188,
        "26": 0.5445137621006366,
        "27": 0.49899398098414094,
        "28": 0.5001516207513796,
        "29": 0.5317134876884173,
        "30": 0.47018725099730585,
        "31": 0.6331392184231736,
        "32": 0.5694655456477737,
        "33": 0.5074735532233972,
        "34": 0.686554782957068,
        "35": 0.5906037223596863,
        "36": 0.4657564724639916,
        "37": 0.5971986548774121,
        "38": 0.5124656173581651,
        "39": 0.4602367678191962,
        "40": 0.5013699487339784,
        "41": 0.5687932512731619,
        "42": 0.4156498607523197,
        "43": 0.48590993048432934,
        "44": 0.5703089503703083,
        "45": 0.4685352876433095,
        "46": 0.3826114989145585,
        "47": 0.46793834628198405,
        "48": 0.5580463166822542,
        "49": 0.5201801698754089,
        "50": 0.43724343176298175
    },
    "FL_accuracy": {
        "1": 0.5986949187419903,
        "2": 0.6872959560032716,
        "3": 0.6893370302332131,
        "4": 0.7161727060442538,
        "5": 0.6790797591307902,
        "6": 0.7426083456536343,
        "7": 0.7492737341429605,
        "8": 0.7455324804030651,
        "9": 0.7788575363647314,
        "10": 0.7468264811400436,
        "11": 0.7802196599793872,
        "12": 0.7502977980125105,
        "13": 0.7954508488400007,
        "14": 0.795686585448489,
        "15": 0.7965989499178852,
        "16": 0.781242007326665,
        "17": 0.8009720911580009,
        "18": 0.7966625578145778,
        "19": 0.8086037315694299,
        "20": 0.7845372994179826,
        "21": 0.7961515532120164,
        "22": 0.770605211433337,
        "23": 0.8081354960095828,
        "24": 0.7947768448394763,
        "25": 0.8134695368364188,
        "26": 0.8000930015342729,
        "27": 0.8278010830296623,
        "28": 0.8294086942887541,
        "29": 0.8180596578038412,
        "30": 0.8309542037438392,
        "31": 0.7953345933415832,
        "32": 0.7959249036727039,
        "33": 0.8182904733843234,
        "34": 0.7990380215463645,
        "35": 0.795862123359292,
        "36": 0.8327246988481976,
        "37": 0.8270452061440652,
        "38": 0.8067533971407173,
        "39": 0.8401876188279974,
        "40": 0.8433590487600838,
        "41": 0.8296057353830604,
        "42": 0.8425783519272688,
        "43": 0.8322628138373996,
        "44": 0.8204373647183507,
        "45": 0.8359226237166146,
        "46": 0.8591620157475136,
        "47": 0.8398334710858286,
        "48": 0.8098710834550893,
        "49": 0.8298173422251269,
        "50": 0.8570388604622907
    }
}