{
    "losses_distributed": {
        "1": [
            1,
            1.7444574952125549
        ],
        "2": [
            2,
            0.9821385324001313
        ],
        "3": [
            3,
            0.8153626143932342
        ],
        "4": [
            4,
            0.7587351083755494
        ],
        "5": [
            5,
            0.7151809751987457
        ],
        "6": [
            6,
            0.6871294260025025
        ],
        "7": [
            7,
            0.6823291659355164
        ],
        "8": [
            8,
            0.661150473356247
        ],
        "9": [
            9,
            0.6675925254821777
        ],
        "10": [
            10,
            0.6244591861963272
        ],
        "11": [
            11,
            0.6157523810863494
        ],
        "12": [
            12,
            0.6081269025802613
        ],
        "13": [
            13,
            0.5894208371639251
        ],
        "14": [
            14,
            0.5940560698509216
        ],
        "15": [
            15,
            0.5691185295581818
        ],
        "16": [
            16,
            0.5628788590431213
        ],
        "17": [
            17,
            0.5531933277845382
        ],
        "18": [
            18,
            0.5498118370771408
        ],
        "19": [
            19,
            0.5449678897857666
        ],
        "20": [
            20,
            0.5483588874340057
        ],
        "21": [
            21,
            0.5365115851163864
        ],
        "22": [
            22,
            0.5207715958356858
        ],
        "23": [
            23,
            0.5355846881866455
        ],
        "24": [
            24,
            0.5143874704837799
        ],
        "25": [
            25,
            0.5058429509401321
        ],
        "26": [
            26,
            0.5102627635002136
        ],
        "27": [
            27,
            0.5036557644605637
        ],
        "28": [
            28,
            0.49631348848342893
        ],
        "29": [
            29,
            0.4781795561313629
        ],
        "30": [
            30,
            0.49429620504379274
        ],
        "31": [
            31,
            0.47756771445274354
        ],
        "32": [
            32,
            0.4660684376955032
        ],
        "33": [
            33,
            0.4606389760971069
        ],
        "34": [
            34,
            0.4543765276670456
        ],
        "35": [
            35,
            0.45253569781780245
        ],
        "36": [
            36,
            0.4490721136331558
        ],
        "37": [
            37,
            0.44546017944812777
        ],
        "38": [
            38,
            0.4526495039463043
        ],
        "39": [
            39,
            0.44228790104389193
        ],
        "40": [
            40,
            0.4387777507305145
        ],
        "41": [
            41,
            0.43460898399353026
        ],
        "42": [
            42,
            0.433168363571167
        ],
        "43": [
            43,
            0.4257434010505676
        ],
        "44": [
            44,
            0.4220649003982544
        ],
        "45": [
            45,
            0.42096068263053893
        ],
        "46": [
            46,
            0.42568132281303406
        ],
        "47": [
            47,
            0.4188081085681915
        ],
        "48": [
            48,
            0.4155679315328598
        ],
        "49": [
            49,
            0.4071426004171371
        ],
        "50": [
            50,
            0.40766398310661317
        ]
    },
    "metrics_distributed_fit": {
        "FL_loss": [
            [
                1,
                1.759576682482092
            ],
            [
                2,
                0.9484640700301377
            ],
            [
                3,
                0.7080069343597243
            ],
            [
                4,
                0.6381465338304529
            ],
            [
                5,
                0.5963541313051741
            ],
            [
                6,
                0.5649095917659857
            ],
            [
                7,
                0.5449701697685831
            ],
            [
                8,
                0.5316244938503555
            ],
            [
                9,
                0.5186617730329125
            ],
            [
                10,
                0.506280402642665
            ],
            [
                11,
                0.4942571272366627
            ],
            [
                12,
                0.48255614768840693
            ],
            [
                13,
                0.47447806334843295
            ],
            [
                14,
                0.4663100655355755
            ],
            [
                15,
                0.4581774496673333
            ],
            [
                16,
                0.4489980845047562
            ],
            [
                17,
                0.4451120794491411
            ],
            [
                18,
                0.4381514514248507
            ],
            [
                19,
                0.43181418054399734
            ],
            [
                20,
                0.42606739380323433
            ],
            [
                21,
                0.4201694040243007
            ],
            [
                22,
                0.41356579279353534
            ],
            [
                23,
                0.4122670165821608
            ],
            [
                24,
                0.4047448923051631
            ],
            [
                25,
                0.39940384841294463
            ],
            [
                26,
                0.39610375257946895
            ],
            [
                27,
                0.39031742149640086
            ],
            [
                28,
                0.38624196100453484
            ],
            [
                29,
                0.38348872768077635
            ],
            [
                30,
                0.3796846625111249
            ],
            [
                31,
                0.37543174928943923
            ],
            [
                32,
                0.3721147990254915
            ],
            [
                33,
                0.3680851463829753
            ],
            [
                34,
                0.3654216696696825
            ],
            [
                35,
                0.36208217990647223
            ],
            [
                36,
                0.35903563251359094
            ],
            [
                37,
                0.3567641826844628
            ],
            [
                38,
                0.3536324903660601
            ],
            [
                39,
                0.34991918152585966
            ],
            [
                40,
                0.34700063483710714
            ],
            [
                41,
                0.3421662568770588
            ],
            [
                42,
                0.34154949259932244
            ],
            [
                43,
                0.33763409050699517
            ],
            [
                44,
                0.3363426809652756
            ],
            [
                45,
                0.33266606842077245
            ],
            [
                46,
                0.331407571150199
            ],
            [
                47,
                0.32694737211196545
            ],
            [
                48,
                0.3275903833371692
            ],
            [
                49,
                0.3250610641915949
            ],
            [
                50,
                0.32110681250831963
            ]
        ],
        "FL_accuracy": [
            [
                1,
                0.41883994802576074
            ],
            [
                2,
                0.6861628459937898
            ],
            [
                3,
                0.7488371139837048
            ],
            [
                4,
                0.7711913799687085
            ],
            [
                5,
                0.7870179561004595
            ],
            [
                6,
                0.7971875298287072
            ],
            [
                7,
                0.8009449843928058
            ],
            [
                8,
                0.8082256642863515
            ],
            [
                9,
                0.810505077326791
            ],
            [
                10,
                0.8160041410693031
            ],
            [
                11,
                0.8208418328717952
            ],
            [
                12,
                0.823919570993229
            ],
            [
                13,
                0.828615169487947
            ],
            [
                14,
                0.8306470557585275
            ],
            [
                15,
                0.8331688971827662
            ],
            [
                16,
                0.8352280557658774
            ],
            [
                17,
                0.8388209561413811
            ],
            [
                18,
                0.8402229918594324
            ],
            [
                19,
                0.8428826902667741
            ],
            [
                20,
                0.8454746657023561
            ],
            [
                21,
                0.8458902801544059
            ],
            [
                22,
                0.8502592600934052
            ],
            [
                23,
                0.8488404426673638
            ],
            [
                24,
                0.8530392224309054
            ],
            [
                25,
                0.8546335572889271
            ],
            [
                26,
                0.85497672023523
            ],
            [
                27,
                0.8571935807599834
            ],
            [
                28,
                0.8609946835940642
            ],
            [
                29,
                0.8615240225916928
            ],
            [
                30,
                0.861355447689437
            ],
            [
                31,
                0.8647768318892968
            ],
            [
                32,
                0.8664967299651074
            ],
            [
                33,
                0.8650754876888526
            ],
            [
                34,
                0.8685311934461166
            ],
            [
                35,
                0.8689977150466224
            ],
            [
                36,
                0.870537716593198
            ],
            [
                37,
                0.872333084119734
            ],
            [
                38,
                0.8715513642796061
            ],
            [
                39,
                0.8735129170577025
            ],
            [
                40,
                0.8742124608375793
            ],
            [
                41,
                0.8773003234053046
            ],
            [
                42,
                0.8765798931830145
            ],
            [
                43,
                0.8783903412669556
            ],
            [
                44,
                0.8798648996905067
            ],
            [
                45,
                0.8802559488765667
            ],
            [
                46,
                0.8807986581902852
            ],
            [
                47,
                0.8822205412151398
            ],
            [
                48,
                0.8828768523251636
            ],
            [
                49,
                0.8833866447431202
            ],
            [
                50,
                0.8837911942573609
            ]
        ]
    },
    "metrics_distributed": {
        "FL_accuracy": [
            [
                1,
                0.5341178862583617
            ],
            [
                2,
                0.6961847131237061
            ],
            [
                3,
                0.7149632029964702
            ],
            [
                4,
                0.738171752552326
            ],
            [
                5,
                0.7455299283031802
            ],
            [
                6,
                0.7479436708473235
            ],
            [
                7,
                0.756188864346139
            ],
            [
                8,
                0.758974929788691
            ],
            [
                9,
                0.752668293936232
            ],
            [
                10,
                0.7742285727211926
            ],
            [
                11,
                0.7767488715929013
            ],
            [
                12,
                0.7800632301248608
            ],
            [
                13,
                0.7822044613145896
            ],
            [
                14,
                0.7738781171552838
            ],
            [
                15,
                0.7948562052339532
            ],
            [
                16,
                0.7944012397399531
            ],
            [
                17,
                0.8033964543664481
            ],
            [
                18,
                0.8000345678131235
            ],
            [
                19,
                0.8005648261012412
            ],
            [
                20,
                0.8034885864072384
            ],
            [
                21,
                0.7932740236914048
            ],
            [
                22,
                0.8079939103749462
            ],
            [
                23,
                0.8020680613306718
            ],
            [
                24,
                0.8153896635171289
            ],
            [
                25,
                0.8179319442121507
            ],
            [
                26,
                0.8134916952878625
            ],
            [
                27,
                0.8118262623422657
            ],
            [
                28,
                0.8157614436099948
            ],
            [
                29,
                0.8324346361534556
            ],
            [
                30,
                0.8192617467396446
            ],
            [
                31,
                0.8294943050595697
            ],
            [
                32,
                0.83545386102192
            ],
            [
                33,
                0.8355115402779028
            ],
            [
                34,
                0.8406496300470602
            ],
            [
                35,
                0.8402212532350191
            ],
            [
                36,
                0.8398467281901182
            ],
            [
                37,
                0.8425081575744265
            ],
            [
                38,
                0.8368507167610708
            ],
            [
                39,
                0.8429230514909047
            ],
            [
                40,
                0.8437306039771801
            ],
            [
                41,
                0.8462739045084515
            ],
            [
                42,
                0.8442715157779425
            ],
            [
                43,
                0.8463453303862283
            ],
            [
                44,
                0.8512390669719562
            ],
            [
                45,
                0.8491492494641095
            ],
            [
                46,
                0.8469192490906696
            ],
            [
                47,
                0.8500656794530542
            ],
            [
                48,
                0.8512099330960092
            ],
            [
                49,
                0.8550515061569369
            ],
            [
                50,
                0.8538256067048522
            ]
        ]
    },
    "FL_loss": {
        "1": 1.759576682482092,
        "2": 0.9484640700301377,
        "3": 0.7080069343597243,
        "4": 0.6381465338304529,
        "5": 0.5963541313051741,
        "6": 0.5649095917659857,
        "7": 0.5449701697685831,
        "8": 0.5316244938503555,
        "9": 0.5186617730329125,
        "10": 0.506280402642665,
        "11": 0.4942571272366627,
        "12": 0.48255614768840693,
        "13": 0.47447806334843295,
        "14": 0.4663100655355755,
        "15": 0.4581774496673333,
        "16": 0.4489980845047562,
        "17": 0.4451120794491411,
        "18": 0.4381514514248507,
        "19": 0.43181418054399734,
        "20": 0.42606739380323433,
        "21": 0.4201694040243007,
        "22": 0.41356579279353534,
        "23": 0.4122670165821608,
        "24": 0.4047448923051631,
        "25": 0.39940384841294463,
        "26": 0.39610375257946895,
        "27": 0.39031742149640086,
        "28": 0.38624196100453484,
        "29": 0.38348872768077635,
        "30": 0.3796846625111249,
        "31": 0.37543174928943923,
        "32": 0.3721147990254915,
        "33": 0.3680851463829753,
        "34": 0.3654216696696825,
        "35": 0.36208217990647223,
        "36": 0.35903563251359094,
        "37": 0.3567641826844628,
        "38": 0.3536324903660601,
        "39": 0.34991918152585966,
        "40": 0.34700063483710714,
        "41": 0.3421662568770588,
        "42": 0.34154949259932244,
        "43": 0.33763409050699517,
        "44": 0.3363426809652756,
        "45": 0.33266606842077245,
        "46": 0.331407571150199,
        "47": 0.32694737211196545,
        "48": 0.3275903833371692,
        "49": 0.3250610641915949,
        "50": 0.32110681250831963
    },
    "FL_accuracy": {
        "1": 0.41883994802576074,
        "2": 0.6861628459937898,
        "3": 0.7488371139837048,
        "4": 0.7711913799687085,
        "5": 0.7870179561004595,
        "6": 0.7971875298287072,
        "7": 0.8009449843928058,
        "8": 0.8082256642863515,
        "9": 0.810505077326791,
        "10": 0.8160041410693031,
        "11": 0.8208418328717952,
        "12": 0.823919570993229,
        "13": 0.828615169487947,
        "14": 0.8306470557585275,
        "15": 0.8331688971827662,
        "16": 0.8352280557658774,
        "17": 0.8388209561413811,
        "18": 0.8402229918594324,
        "19": 0.8428826902667741,
        "20": 0.8454746657023561,
        "21": 0.8458902801544059,
        "22": 0.8502592600934052,
        "23": 0.8488404426673638,
        "24": 0.8530392224309054,
        "25": 0.8546335572889271,
        "26": 0.85497672023523,
        "27": 0.8571935807599834,
        "28": 0.8609946835940642,
        "29": 0.8615240225916928,
        "30": 0.861355447689437,
        "31": 0.8647768318892968,
        "32": 0.8664967299651074,
        "33": 0.8650754876888526,
        "34": 0.8685311934461166,
        "35": 0.8689977150466224,
        "36": 0.870537716593198,
        "37": 0.872333084119734,
        "38": 0.8715513642796061,
        "39": 0.8735129170577025,
        "40": 0.8742124608375793,
        "41": 0.8773003234053046,
        "42": 0.8765798931830145,
        "43": 0.8783903412669556,
        "44": 0.8798648996905067,
        "45": 0.8802559488765667,
        "46": 0.8807986581902852,
        "47": 0.8822205412151398,
        "48": 0.8828768523251636,
        "49": 0.8833866447431202,
        "50": 0.8837911942573609
    }
}