{
    "losses_distributed": {
        "1": [
            1,
            1.9762101650238038
        ],
        "2": [
            2,
            1.0386925339698792
        ],
        "3": [
            3,
            0.8623651564121246
        ],
        "4": [
            4,
            0.7916155219078064
        ],
        "5": [
            5,
            0.7555216789245606
        ],
        "6": [
            6,
            0.7058383047580719
        ],
        "7": [
            7,
            0.6943794012069702
        ],
        "8": [
            8,
            0.7033906877040863
        ],
        "9": [
            9,
            0.7068778097629547
        ],
        "10": [
            10,
            0.6717865467071533
        ],
        "11": [
            11,
            0.6245162338018417
        ],
        "12": [
            12,
            0.6348881304264069
        ],
        "13": [
            13,
            0.6181352466344834
        ],
        "14": [
            14,
            0.6121918141841889
        ],
        "15": [
            15,
            0.5796420186758041
        ],
        "16": [
            16,
            0.6093480706214904
        ],
        "17": [
            17,
            0.5921818047761918
        ],
        "18": [
            18,
            0.5630203157663345
        ],
        "19": [
            19,
            0.5666545122861862
        ],
        "20": [
            20,
            0.5424942821264267
        ],
        "21": [
            21,
            0.5369144558906556
        ],
        "22": [
            22,
            0.5263135224580765
        ],
        "23": [
            23,
            0.5166119188070297
        ],
        "24": [
            24,
            0.515719199180603
        ],
        "25": [
            25,
            0.4956635355949402
        ],
        "26": [
            26,
            0.49772617816925047
        ],
        "27": [
            27,
            0.49591770470142366
        ],
        "28": [
            28,
            0.4882731467485428
        ],
        "29": [
            29,
            0.47999593019485476
        ],
        "30": [
            30,
            0.4902964383363724
        ],
        "31": [
            31,
            0.47544395327568056
        ],
        "32": [
            32,
            0.46222619116306307
        ],
        "33": [
            33,
            0.47773929238319396
        ],
        "34": [
            34,
            0.44999639987945556
        ],
        "35": [
            35,
            0.4419316291809082
        ],
        "36": [
            36,
            0.4417553246021271
        ],
        "37": [
            37,
            0.4323733329772949
        ],
        "38": [
            38,
            0.44847018718719484
        ],
        "39": [
            39,
            0.44202635288238523
        ],
        "40": [
            40,
            0.45171679854393004
        ],
        "41": [
            41,
            0.43483357429504393
        ],
        "42": [
            42,
            0.42818569839000703
        ],
        "43": [
            43,
            0.4180482864379883
        ],
        "44": [
            44,
            0.4167293608188629
        ],
        "45": [
            45,
            0.41430275738239286
        ],
        "46": [
            46,
            0.41819865107536314
        ],
        "47": [
            47,
            0.4073915868997574
        ],
        "48": [
            48,
            0.4135966271162033
        ],
        "49": [
            49,
            0.432716903090477
        ],
        "50": [
            50,
            0.41311453878879545
        ]
    },
    "metrics_distributed_fit": {
        "FL_loss": [
            [
                1,
                1.50220642770585
            ],
            [
                2,
                0.8728122962677312
            ],
            [
                3,
                0.9036752870942996
            ],
            [
                4,
                0.8044926710799867
            ],
            [
                5,
                0.9728608559056647
            ],
            [
                6,
                0.6269309017665096
            ],
            [
                7,
                0.6663706502941472
            ],
            [
                8,
                0.8240282828391935
            ],
            [
                9,
                0.9017112854489217
            ],
            [
                10,
                0.9447952917742457
            ],
            [
                11,
                0.6080755637440115
            ],
            [
                12,
                0.9873805371787816
            ],
            [
                13,
                0.8618568849506772
            ],
            [
                14,
                0.6168221569535771
            ],
            [
                15,
                0.5885197165859246
            ],
            [
                16,
                0.7273644941934592
            ],
            [
                17,
                0.5747367694330273
            ],
            [
                18,
                0.5378922155946178
            ],
            [
                19,
                0.5403709688735849
            ],
            [
                20,
                0.585712086305056
            ],
            [
                21,
                0.5592708965340611
            ],
            [
                22,
                0.5074781033905936
            ],
            [
                23,
                0.5089611261073059
            ],
            [
                24,
                0.4687507405545491
            ],
            [
                25,
                0.4419319194258198
            ],
            [
                26,
                0.5370854624579088
            ],
            [
                27,
                0.6363460970637831
            ],
            [
                28,
                0.5099696021041179
            ],
            [
                29,
                0.41791537252054045
            ],
            [
                30,
                0.5277919945887035
            ],
            [
                31,
                0.4626031335293508
            ],
            [
                32,
                0.4952028572880768
            ],
            [
                33,
                0.6110034914787752
            ],
            [
                34,
                0.4152670083886199
            ],
            [
                35,
                0.467701222963319
            ],
            [
                36,
                0.42405943526935685
            ],
            [
                37,
                0.4359899100492533
            ],
            [
                38,
                0.45404012152713646
            ],
            [
                39,
                0.39966830518800095
            ],
            [
                40,
                0.6472905905139115
            ],
            [
                41,
                0.38512878511561516
            ],
            [
                42,
                0.5167234063890956
            ],
            [
                43,
                0.37031868273324886
            ],
            [
                44,
                0.410904496085646
            ],
            [
                45,
                0.3935343543739404
            ],
            [
                46,
                0.39716856098176534
            ],
            [
                47,
                0.4208830961832392
            ],
            [
                48,
                0.39231097167807755
            ],
            [
                49,
                0.41597395099283646
            ],
            [
                50,
                0.4187283632146254
            ]
        ],
        "FL_accuracy": [
            [
                1,
                0.49054523917061416
            ],
            [
                2,
                0.6935238851909907
            ],
            [
                3,
                0.6627502690914409
            ],
            [
                4,
                0.695953041498807
            ],
            [
                5,
                0.6913290744161549
            ],
            [
                6,
                0.7736583798283052
            ],
            [
                7,
                0.7757795015998209
            ],
            [
                8,
                0.72291917329893
            ],
            [
                9,
                0.7541070159436863
            ],
            [
                10,
                0.7234667391098681
            ],
            [
                11,
                0.779523657327464
            ],
            [
                12,
                0.7358707550374971
            ],
            [
                13,
                0.7505115696836269
            ],
            [
                14,
                0.7908925186402875
            ],
            [
                15,
                0.7925738955782723
            ],
            [
                16,
                0.7593355839593977
            ],
            [
                17,
                0.8051091405044515
            ],
            [
                18,
                0.7971651872129588
            ],
            [
                19,
                0.8046970678490993
            ],
            [
                20,
                0.8001775502562157
            ],
            [
                21,
                0.800675936234222
            ],
            [
                22,
                0.8126769171385197
            ],
            [
                23,
                0.805021656069405
            ],
            [
                24,
                0.8314363969967393
            ],
            [
                25,
                0.8424550115665947
            ],
            [
                26,
                0.8184099282696842
            ],
            [
                27,
                0.7984954635547404
            ],
            [
                28,
                0.8225398712983754
            ],
            [
                29,
                0.8465661168928813
            ],
            [
                30,
                0.8227569255623273
            ],
            [
                31,
                0.8362814128242636
            ],
            [
                32,
                0.8368303585274625
            ],
            [
                33,
                0.8025461860513774
            ],
            [
                34,
                0.8504634130841471
            ],
            [
                35,
                0.8376537448577785
            ],
            [
                36,
                0.8486349347987467
            ],
            [
                37,
                0.8434639612631856
            ],
            [
                38,
                0.8470751240914426
            ],
            [
                39,
                0.8555513893828376
            ],
            [
                40,
                0.8071417288024436
            ],
            [
                41,
                0.8619634014193155
            ],
            [
                42,
                0.8227507643159011
            ],
            [
                43,
                0.8712090538220153
            ],
            [
                44,
                0.8559802360583131
            ],
            [
                45,
                0.8597612881076312
            ],
            [
                46,
                0.8590770385033568
            ],
            [
                47,
                0.845156060020053
            ],
            [
                48,
                0.8585519660390067
            ],
            [
                49,
                0.8535927323830796
            ],
            [
                50,
                0.8442046296135501
            ]
        ]
    },
    "metrics_distributed": {
        "FL_accuracy": [
            [
                1,
                0.36968723703674644
            ],
            [
                2,
                0.6355155976738067
            ],
            [
                3,
                0.6615039380169494
            ],
            [
                4,
                0.711320718566848
            ],
            [
                5,
                0.7306075123184074
            ],
            [
                6,
                0.7463435120255405
            ],
            [
                7,
                0.7439482189637343
            ],
            [
                8,
                0.7270789843521147
            ],
            [
                9,
                0.7280052519827229
            ],
            [
                10,
                0.758202618262685
            ],
            [
                11,
                0.768512951072591
            ],
            [
                12,
                0.7547960430056897
            ],
            [
                13,
                0.7708358560202168
            ],
            [
                14,
                0.7650897756135645
            ],
            [
                15,
                0.7851141974340163
            ],
            [
                16,
                0.7647377397463203
            ],
            [
                17,
                0.7794179416407089
            ],
            [
                18,
                0.7901782151890261
            ],
            [
                19,
                0.792385879659656
            ],
            [
                20,
                0.797907073393249
            ],
            [
                21,
                0.7972888165298709
            ],
            [
                22,
                0.8057761052158152
            ],
            [
                23,
                0.8065467100435397
            ],
            [
                24,
                0.8086962295500715
            ],
            [
                25,
                0.8227441693663413
            ],
            [
                26,
                0.8171569629570801
            ],
            [
                27,
                0.8212783599819389
            ],
            [
                28,
                0.8219310925836103
            ],
            [
                29,
                0.8266593474645478
            ],
            [
                30,
                0.8182192693214978
            ],
            [
                31,
                0.8218599423301896
            ],
            [
                32,
                0.8296931997985999
            ],
            [
                33,
                0.8225174559326686
            ],
            [
                34,
                0.8368378977134986
            ],
            [
                35,
                0.840443122641011
            ],
            [
                36,
                0.8400569210997627
            ],
            [
                37,
                0.8474870354923585
            ],
            [
                38,
                0.833898757666713
            ],
            [
                39,
                0.8382056396483526
            ],
            [
                40,
                0.833443667277319
            ],
            [
                41,
                0.8395147087004735
            ],
            [
                42,
                0.8468198360225415
            ],
            [
                43,
                0.8493757743691985
            ],
            [
                44,
                0.8481677371249658
            ],
            [
                45,
                0.849598299963028
            ],
            [
                46,
                0.846613811324012
            ],
            [
                47,
                0.8507607383054305
            ],
            [
                48,
                0.8497090895995738
            ],
            [
                49,
                0.8402958193630508
            ],
            [
                50,
                0.848991679277705
            ]
        ]
    },
    "FL_loss": {
        "1": 1.50220642770585,
        "2": 0.8728122962677312,
        "3": 0.9036752870942996,
        "4": 0.8044926710799867,
        "5": 0.9728608559056647,
        "6": 0.6269309017665096,
        "7": 0.6663706502941472,
        "8": 0.8240282828391935,
        "9": 0.9017112854489217,
        "10": 0.9447952917742457,
        "11": 0.6080755637440115,
        "12": 0.9873805371787816,
        "13": 0.8618568849506772,
        "14": 0.6168221569535771,
        "15": 0.5885197165859246,
        "16": 0.7273644941934592,
        "17": 0.5747367694330273,
        "18": 0.5378922155946178,
        "19": 0.5403709688735849,
        "20": 0.585712086305056,
        "21": 0.5592708965340611,
        "22": 0.5074781033905936,
        "23": 0.5089611261073059,
        "24": 0.4687507405545491,
        "25": 0.4419319194258198,
        "26": 0.5370854624579088,
        "27": 0.6363460970637831,
        "28": 0.5099696021041179,
        "29": 0.41791537252054045,
        "30": 0.5277919945887035,
        "31": 0.4626031335293508,
        "32": 0.4952028572880768,
        "33": 0.6110034914787752,
        "34": 0.4152670083886199,
        "35": 0.467701222963319,
        "36": 0.42405943526935685,
        "37": 0.4359899100492533,
        "38": 0.45404012152713646,
        "39": 0.39966830518800095,
        "40": 0.6472905905139115,
        "41": 0.38512878511561516,
        "42": 0.5167234063890956,
        "43": 0.37031868273324886,
        "44": 0.410904496085646,
        "45": 0.3935343543739404,
        "46": 0.39716856098176534,
        "47": 0.4208830961832392,
        "48": 0.39231097167807755,
        "49": 0.41597395099283646,
        "50": 0.4187283632146254
    },
    "FL_accuracy": {
        "1": 0.49054523917061416,
        "2": 0.6935238851909907,
        "3": 0.6627502690914409,
        "4": 0.695953041498807,
        "5": 0.6913290744161549,
        "6": 0.7736583798283052,
        "7": 0.7757795015998209,
        "8": 0.72291917329893,
        "9": 0.7541070159436863,
        "10": 0.7234667391098681,
        "11": 0.779523657327464,
        "12": 0.7358707550374971,
        "13": 0.7505115696836269,
        "14": 0.7908925186402875,
        "15": 0.7925738955782723,
        "16": 0.7593355839593977,
        "17": 0.8051091405044515,
        "18": 0.7971651872129588,
        "19": 0.8046970678490993,
        "20": 0.8001775502562157,
        "21": 0.800675936234222,
        "22": 0.8126769171385197,
        "23": 0.805021656069405,
        "24": 0.8314363969967393,
        "25": 0.8424550115665947,
        "26": 0.8184099282696842,
        "27": 0.7984954635547404,
        "28": 0.8225398712983754,
        "29": 0.8465661168928813,
        "30": 0.8227569255623273,
        "31": 0.8362814128242636,
        "32": 0.8368303585274625,
        "33": 0.8025461860513774,
        "34": 0.8504634130841471,
        "35": 0.8376537448577785,
        "36": 0.8486349347987467,
        "37": 0.8434639612631856,
        "38": 0.8470751240914426,
        "39": 0.8555513893828376,
        "40": 0.8071417288024436,
        "41": 0.8619634014193155,
        "42": 0.8227507643159011,
        "43": 0.8712090538220153,
        "44": 0.8559802360583131,
        "45": 0.8597612881076312,
        "46": 0.8590770385033568,
        "47": 0.845156060020053,
        "48": 0.8585519660390067,
        "49": 0.8535927323830796,
        "50": 0.8442046296135501
    }
}