Window training time,Source ID,Collection time,Publishing time,Preprocessing time start,Preprocessing time end,Data arrival time
3958921074,902cf9f4,1749932200.1738973,3958921071.5666637,3958921074.8378386,3958921074.966266,1749932210.4907663
3958921076,0ff69e4e,1749932203.422583,3958921074.8076386,3958921076.8048778,3958921076.9474926,1749932211.8759024
3958921078,50f9fea2,1749932205.4583445,3958921076.8368545,3958921078.7720547,3958921078.9009237,1749932212.7669837
3958921080,0ff69e4e,1749932207.3853488,3958921078.7641296,3958921080.7333617,3958921080.9004164,1749932213.017449
3958921082,c4672d96,1749932209.360608,3958921080.7399874,3958921082.831662,3958921082.9623713,1749932213.2273512
3958921084,50f9fea2,1749932211.4356308,3958921082.8179383,3958921084.767006,3958921084.905647,1749932213.5783749
3958921086,a2460651,1749932213.3722332,3958921084.752754,3958921086.759901,3958921086.9138584,1749932215.68859
3958921088,902cf9f4,1749932215.381772,3958921086.7598896,3958921088.725852,3958921088.882907,1749932217.7943225
3958921090,a2460651,1749932217.3631363,3958921088.7424154,3958921090.735752,3958921090.8710103,1749932219.5675309
3958921092,a2460651,1749932219.386316,3958921090.764954,3958921092.693059,3958921092.8388147,1749932221.520545
3958921094,c4672d96,1749932221.3194075,3958921092.6979876,3958921094.659891,3958921094.782074,1749932223.4540226
3958921096,c4672d96,1749932223.268798,3958921094.655889,3958921096.6779222,3958921096.8031187,1749932225.58337
3958921098,c4672d96,1749932225.2835982,3958921096.6640706,3958921098.5650263,3958921098.689422,1749932227.801446
3958921100,c4672d96,1749932227.2404766,3958921098.6200128,3958921100.547774,3958921100.679305,1749932229.352735
3958921102,a2460651,1749932229.1626427,3958921100.544798,3958921102.4850907,3958921102.626173,1749932231.3005645
3958921074,902cf9f4,1749932200.1738973,3958921071.5666637,3958921074.8378386,3958921074.966266,1749932234.7110076
3958921074,902cf9f4,1749932200.1738973,3958921071.5666637,3958921074.8378386,3958921074.966266,1749932234.747777
3958921076,0ff69e4e,1749932203.422583,3958921074.8076386,3958921076.8048778,3958921076.9474926,1749932235.0938132
3958921076,0ff69e4e,1749932203.422583,3958921074.8076386,3958921076.8048778,3958921076.9474926,1749932235.9207268
3958921078,50f9fea2,1749932205.4583445,3958921076.8368545,3958921078.7720547,3958921078.9009237,1749932236.1138482
3958921080,0ff69e4e,1749932207.3853488,3958921078.7641296,3958921080.7333617,3958921080.9004164,1749932236.3836367
3958921078,50f9fea2,1749932205.4583445,3958921076.8368545,3958921078.7720547,3958921078.9009237,1749932236.4194608
3958921082,c4672d96,1749932209.360608,3958921080.7399874,3958921082.831662,3958921082.9623713,1749932236.6432612
3958921080,0ff69e4e,1749932207.3853488,3958921078.7641296,3958921080.7333617,3958921080.9004164,1749932236.6395082
3958921082,c4672d96,1749932209.360608,3958921080.7399874,3958921082.831662,3958921082.9623713,1749932236.8911574
3958921084,50f9fea2,1749932211.4356308,3958921082.8179383,3958921084.767006,3958921084.905647,1749932236.9150572
3958921084,50f9fea2,1749932211.4356308,3958921082.8179383,3958921084.767006,3958921084.905647,1749932237.1534874
3958921086,a2460651,1749932213.3722332,3958921084.752754,3958921086.759901,3958921086.9138584,1749932237.1543353
3958921088,902cf9f4,1749932215.381772,3958921086.7598896,3958921088.725852,3958921088.882907,1749932237.4925423
3958921086,a2460651,1749932213.3722332,3958921084.752754,3958921086.759901,3958921086.9138584,1749932237.5343828
3958921090,a2460651,1749932217.3631363,3958921088.7424154,3958921090.735752,3958921090.8710103,1749932237.948564
3958921088,902cf9f4,1749932215.381772,3958921086.7598896,3958921088.725852,3958921088.882907,1749932237.961586
3958921092,a2460651,1749932219.386316,3958921090.764954,3958921092.693059,3958921092.8388147,1749932238.1802485
3958921090,a2460651,1749932217.3631363,3958921088.7424154,3958921090.735752,3958921090.8710103,1749932238.2308617
3958921094,c4672d96,1749932221.3194075,3958921092.6979876,3958921094.659891,3958921094.782074,1749932238.5293164
3958921092,a2460651,1749932219.386316,3958921090.764954,3958921092.693059,3958921092.8388147,1749932238.5356424
3958921094,c4672d96,1749932221.3194075,3958921092.6979876,3958921094.659891,3958921094.782074,1749932238.861585
3958921096,c4672d96,1749932223.268798,3958921094.655889,3958921096.6779222,3958921096.8031187,1749932238.9872
3958921098,c4672d96,1749932225.2835982,3958921096.6640706,3958921098.5650263,3958921098.689422,1749932240.1906538
3958921096,c4672d96,1749932223.268798,3958921094.655889,3958921096.6779222,3958921096.8031187,1749932240.3111353
3958921098,c4672d96,1749932225.2835982,3958921096.6640706,3958921098.5650263,3958921098.689422,1749932240.6664343
3958921100,c4672d96,1749932227.2404766,3958921098.6200128,3958921100.547774,3958921100.679305,1749932241.0018866
3958921102,a2460651,1749932229.1626427,3958921100.544798,3958921102.4850907,3958921102.626173,1749932241.3687642
3958921100,c4672d96,1749932227.2404766,3958921098.6200128,3958921100.547774,3958921100.679305,1749932241.571472
3958921104,50f9fea2,1749932231.0871458,3958921102.4683557,3958921104.4403944,3958921104.5907426,1749932241.7911687
3958921102,a2460651,1749932229.1626427,3958921100.544798,3958921102.4850907,3958921102.626173,1749932241.983207
3958921106,330a8659,1749932233.0762773,3958921104.458941,3958921106.446973,3958921106.585744,1749932242.0661533
3958921104,50f9fea2,1749932231.0871458,3958921102.4683557,3958921104.4403944,3958921104.5907426,1749932242.2008204
3958921108,50f9fea2,1749932235.0566654,3958921106.43647,3958921108.329645,3958921108.46414,1749932242.2978363
3958921106,330a8659,1749932233.0762773,3958921104.458941,3958921106.446973,3958921106.585744,1749932242.4307203
3958921110,902cf9f4,1749932236.9408534,3958921108.3203835,3958921110.3388963,3958921110.4760056,1749932242.5059016
3958921108,50f9fea2,1749932235.0566654,3958921106.43647,3958921108.329645,3958921108.46414,1749932242.6484087
3958921112,c4672d96,1749932238.9491012,3958921110.331863,3958921112.301252,3958921112.432698,1749932242.712472
3958921110,902cf9f4,1749932236.9408534,3958921108.3203835,3958921110.3388963,3958921110.4760056,1749932242.8482924
3958921112,c4672d96,1749932238.9491012,3958921110.331863,3958921112.301252,3958921112.432698,1749932243.0824497
3958921114,330a8659,1749932240.9117432,3958921112.2952766,3958921114.2120585,3958921114.361451,1749932243.1547017
3958921114,330a8659,1749932240.9117432,3958921112.2952766,3958921114.2120585,3958921114.361451,1749932243.4107327
3958921116,50f9fea2,1749932242.860663,3958921114.24093,3958921116.134081,3958921116.3052564,1749932244.9870203
3958921116,50f9fea2,1749932242.860663,3958921114.24093,3958921116.134081,3958921116.3052564,1749932245.1476266
3958921118,330a8659,1749932244.777504,3958921116.15992,3958921118.0814834,3958921118.235553,1749932247.025665
3958921118,330a8659,1749932244.777504,3958921116.15992,3958921118.0814834,3958921118.235553,1749932247.2453232
3958921120,a2460651,1749932246.710905,3958921118.0954733,3958921120.041161,3958921120.176473,1749932248.8397532
3958921120,a2460651,1749932246.710905,3958921118.0954733,3958921120.041161,3958921120.176473,1749932249.0202532
3958921122,a2460651,1749932248.6525679,3958921120.0368547,3958921122.042103,3958921122.1928773,1749932250.951988
3958921122,a2460651,1749932248.6525679,3958921120.0368547,3958921122.042103,3958921122.1928773,1749932251.015096
3958921123,c4672d96,1749932250.6737843,3958921122.064791,3958921123.9177685,3958921124.048909,1749932252.7303357
3958921123,c4672d96,1749932250.6737843,3958921122.064791,3958921123.9177685,3958921124.048909,1749932252.7779214
3958921125,0ff69e4e,1749932252.634076,3958921124.015615,3958921125.948446,3958921126.088341,1749932254.765338
3958921125,0ff69e4e,1749932252.634076,3958921124.015615,3958921125.948446,3958921126.088341,1749932255.392846
3958921127,0ff69e4e,1749932254.5595903,3958921125.940986,3958921127.856423,3958921128.0003805,1749932256.671274
3958921127,0ff69e4e,1749932254.5595903,3958921125.940986,3958921127.856423,3958921128.0003805,1749932256.7668324
3958921129,a2460651,1749932256.4839287,3958921127.865041,3958921129.758142,3958921129.880241,1749932258.5431337
3958921129,a2460651,1749932256.4839287,3958921127.865041,3958921129.758142,3958921129.880241,1749932258.6286945
3958921131,a2460651,1749932258.4409525,3958921129.832908,3958921131.7735963,3958921131.8915143,1749932260.566736
3958921131,a2460651,1749932258.4409525,3958921129.832908,3958921131.7735963,3958921131.8915143,1749932260.7466538
3958921133,902cf9f4,1749932260.3666387,3958921131.7600403,3958921133.711155,3958921133.856994,1749932262.5213919
3958921133,902cf9f4,1749932260.3666387,3958921131.7600403,3958921133.711155,3958921133.856994,1749932262.6694593
3958921135,50f9fea2,1749932262.3138185,3958921133.698497,3958921135.5870266,3958921135.7185693,1749932264.3842645
3958921135,50f9fea2,1749932262.3138185,3958921133.698497,3958921135.5870266,3958921135.7185693,1749932264.533536
3958921137,c4672d96,1749932264.2683187,3958921135.6521907,3958921137.6196117,3958921137.750059,1749932266.4175487
3958921137,c4672d96,1749932264.2683187,3958921135.6521907,3958921137.6196117,3958921137.750059,1749932266.6731832
3958921139,50f9fea2,1749932266.2315037,3958921137.6137147,3958921139.4878454,3958921139.6276684,1749932268.2937958
3958921139,50f9fea2,1749932266.2315037,3958921137.6137147,3958921139.4878454,3958921139.6276684,1749932268.3603063
3958921141,50f9fea2,1749932268.1460783,3958921139.527565,3958921141.4177246,3958921141.545978,1749932270.207799
3958921141,50f9fea2,1749932268.1460783,3958921139.527565,3958921141.4177246,3958921141.545978,1749932270.3873618
3958921143,330a8659,1749932270.0279787,3958921141.4112334,3958921143.3821387,3958921143.5257277,1749932272.218247
3958921143,330a8659,1749932270.0279787,3958921141.4112334,3958921143.3821387,3958921143.5257277,1749932272.3612347
3958921145,a2460651,1749932272.0082304,3958921143.3912973,3958921145.302462,3958921145.43789,1749932274.1006088
3958921145,a2460651,1749932272.0082304,3958921143.3912973,3958921145.302462,3958921145.43789,1749932274.2598255
3958921147,902cf9f4,1749932273.9118137,3958921145.2953033,3958921147.175222,3958921147.312866,1749932275.9794898
3958921147,902cf9f4,1749932273.9118137,3958921145.2953033,3958921147.175222,3958921147.312866,1749932276.154319
3958921149,330a8659,1749932275.782526,3958921147.170387,3958921149.1693964,3958921149.2883224,1749932277.9597719
3958921149,330a8659,1749932275.782526,3958921147.170387,3958921149.1693964,3958921149.2883224,1749932277.991034
3958921151,a2460651,1749932277.7653682,3958921149.154722,3958921151.206202,3958921151.335125,1749932280.0262382
3958921151,a2460651,1749932277.7653682,3958921149.154722,3958921151.206202,3958921151.335125,1749932280.140325
3958921153,902cf9f4,1749932279.8173516,3958921151.1996613,3958921153.0941076,3958921153.224093,1749932281.99868
3958921153,902cf9f4,1749932279.8173516,3958921151.1996613,3958921153.0941076,3958921153.224093,1749932282.1819043
3958921155,c4672d96,1749932281.7359946,3958921153.1176033,3958921155.08405,3958921155.2117586,1749932283.9909234
3958921155,c4672d96,1749932281.7359946,3958921153.1176033,3958921155.08405,3958921155.2117586,1749932284.0463846
3958921156,330a8659,1749932283.679234,3958921155.066116,3958921156.967196,3958921157.110043,1749932285.8829165
3958921156,330a8659,1749932283.679234,3958921155.066116,3958921156.967196,3958921157.110043,1749932286.0266576
3958921158,902cf9f4,1749932285.5755095,3958921156.9612393,3958921158.925731,3958921159.0360203,1749932287.6902447
3958921158,902cf9f4,1749932285.5755095,3958921156.9612393,3958921158.925731,3958921159.0360203,1749932288.322234
3958921160,330a8659,1749932287.5739787,3958921158.956018,3958921160.819579,3958921160.9336886,1749932289.6008306
3958921160,330a8659,1749932287.5739787,3958921158.956018,3958921160.819579,3958921160.9336886,1749932289.638255
3958921162,50f9fea2,1749932289.4264536,3958921160.810634,3958921162.7789006,3958921162.920335,1749932291.5753665
3958921162,50f9fea2,1749932289.4264536,3958921160.810634,3958921162.7789006,3958921162.920335,1749932291.651008
3958921164,0ff69e4e,1749932291.4624963,3958921162.8497386,3958921164.772637,3958921164.884995,1749932293.5518136
3958921164,0ff69e4e,1749932291.4624963,3958921162.8497386,3958921164.772637,3958921164.884995,1749932293.5828307
3958921166,a2460651,1749932293.3784473,3958921164.76445,3958921166.7252865,3958921166.842877,1749932295.5107753
3958921166,a2460651,1749932293.3784473,3958921164.76445,3958921166.7252865,3958921166.842877,1749932295.656818
3958921168,a2460651,1749932295.350269,3958921166.7360983,3958921168.6589904,3958921168.7959914,1749932297.567148
3958921168,a2460651,1749932295.350269,3958921166.7360983,3958921168.6589904,3958921168.7959914,1749932297.6264772
3958921170,0ff69e4e,1749932297.2704701,3958921168.654458,3958921170.61574,3958921170.7342844,1749932299.3914778
3958921170,0ff69e4e,1749932297.2704701,3958921168.654458,3958921170.61574,3958921170.7342844,1749932299.5236151
3958921172,330a8659,1749932299.2231996,3958921170.606244,3958921172.5540333,3958921172.689705,1749932301.3750677
3958921172,330a8659,1749932299.2231996,3958921170.606244,3958921172.5540333,3958921172.689705,1749932301.6387591
3958921174,a2460651,1749932301.220387,3958921172.606806,3958921174.5524716,3958921174.6798725,1749932303.3405862
3958921174,a2460651,1749932301.220387,3958921172.606806,3958921174.5524716,3958921174.6798725,1749932303.6256459
3958921176,50f9fea2,1749932303.1578574,3958921174.5399537,3958921176.4665546,3958921176.5998497,1749932305.2737007
3958921176,50f9fea2,1749932303.1578574,3958921174.5399537,3958921176.4665546,3958921176.5998497,1749932305.408286
3958921178,330a8659,1749932305.0769703,3958921176.464532,3958921178.436122,3958921178.5633545,1749932307.2219546
3958921178,330a8659,1749932305.0769703,3958921176.464532,3958921178.436122,3958921178.5633545,1749932307.2622771
3958921180,0ff69e4e,1749932307.0387232,3958921178.4297,3958921180.6356163,3958921180.751926,1749932309.4202526
3958921180,0ff69e4e,1749932307.0387232,3958921178.4297,3958921180.6356163,3958921180.751926,1749932309.4936454
3958921182,902cf9f4,1749932309.3266084,3958921180.711918,3958921182.9352026,3958921183.0554414,1749932311.81068
3958921182,902cf9f4,1749932309.3266084,3958921180.711918,3958921182.9352026,3958921183.0554414,1749932311.8523445
3958921185,50f9fea2,1749932311.6296117,3958921183.013723,3958921185.156737,3958921185.293233,1749932313.9557
3958921185,50f9fea2,1749932311.6296117,3958921183.013723,3958921185.156737,3958921185.293233,1749932314.1385343
3958921187,902cf9f4,1749932313.850324,3958921185.2337446,3958921187.2515616,3958921187.3852386,1749932316.0514498
3958921187,902cf9f4,1749932313.850324,3958921185.2337446,3958921187.2515616,3958921187.3852386,1749932316.897158
3958921189,50f9fea2,1749932315.8532236,3958921187.2432485,3958921189.12702,3958921189.2653346,1749932318.0440834
3958921189,50f9fea2,1749932315.8532236,3958921187.2432485,3958921189.12702,3958921189.2653346,1749932318.2094362
3958921191,a2460651,1749932317.7778928,3958921189.1618404,3958921191.1420455,3958921191.2594347,1749932319.9412484
3958921191,a2460651,1749932317.7778928,3958921189.1618404,3958921191.1420455,3958921191.2594347,1749932319.9812307
3958921193,0ff69e4e,1749932319.745821,3958921191.1351376,3958921193.0141377,3958921193.128071,1749932321.7831516
3958921193,0ff69e4e,1749932319.745821,3958921191.1351376,3958921193.0141377,3958921193.128071,1749932321.828345
3958921194,c4672d96,1749932321.6993148,3958921193.09032,3958921194.9793024,3958921195.1348352,1749932323.9086373
3958921194,c4672d96,1749932321.6993148,3958921193.09032,3958921194.9793024,3958921195.1348352,1749932324.034716
3958921196,330a8659,1749932323.5991378,3958921194.9873385,3958921196.856452,3958921196.98918,1749932325.6509893
3958921196,330a8659,1749932323.5991378,3958921194.9873385,3958921196.856452,3958921196.98918,1749932325.7084258
3958921198,902cf9f4,1749932325.4656727,3958921196.8494744,3958921198.8272476,3958921198.974338,1749932327.742902
3958921198,902cf9f4,1749932325.4656727,3958921196.8494744,3958921198.8272476,3958921198.974338,1749932327.881932
3958921200,c4672d96,1749932327.4432561,3958921198.8312716,3958921200.727148,3958921200.8557467,1749932329.5362985
3958921200,c4672d96,1749932327.4432561,3958921198.8312716,3958921200.727148,3958921200.8557467,1749932329.5712821
3958921202,902cf9f4,1749932329.3738816,3958921200.7586503,3958921202.6688485,3958921202.808369,1749932331.46948
3958921202,902cf9f4,1749932329.3738816,3958921200.7586503,3958921202.6688485,3958921202.808369,1749932331.5561466
3958921204,0ff69e4e,1749932331.2927022,3958921202.678563,3958921204.5367107,3958921204.6660156,1749932333.3313968
3958921204,0ff69e4e,1749932331.2927022,3958921202.678563,3958921204.5367107,3958921204.6660156,1749932333.387423
3958921206,0ff69e4e,1749932333.1436841,3958921204.532431,3958921206.463781,3958921206.5948205,1749932335.257862
3958921206,0ff69e4e,1749932333.1436841,3958921204.532431,3958921206.463781,3958921206.5948205,1749932335.3916345
3958921208,330a8659,1749932335.0846503,3958921206.4725313,3958921208.3569584,3958921208.485359,1749932337.1487756
3958921208,330a8659,1749932335.0846503,3958921206.4725313,3958921208.3569584,3958921208.485359,1749932337.2951941
3958921210,c4672d96,1749932336.9581738,3958921208.348148,3958921210.385525,3958921210.5095744,1749932339.1857064
3958921210,c4672d96,1749932336.9581738,3958921208.348148,3958921210.385525,3958921210.5095744,1749932339.213783
3958921212,330a8659,1749932338.9915042,3958921210.378513,3958921212.286737,3958921212.4131484,1749932341.0702097
3958921212,330a8659,1749932338.9915042,3958921210.378513,3958921212.286737,3958921212.4131484,1749932341.1240852
3958921214,50f9fea2,1749932340.8895733,3958921212.2867255,3958921214.2998843,3958921214.416771,1749932343.074179
3958921214,50f9fea2,1749932340.8895733,3958921212.2867255,3958921214.2998843,3958921214.416771,1749932343.1317418
3958921216,0ff69e4e,1749932342.904991,3958921214.2956324,3958921216.24918,3958921216.3690023,1749932345.0449858
3958921216,0ff69e4e,1749932342.904991,3958921214.2956324,3958921216.24918,3958921216.3690023,1749932345.1350594
3958921218,330a8659,1749932344.9502733,3958921216.3358674,3958921218.2421613,3958921218.370682,1749932347.0451753
3958921218,330a8659,1749932344.9502733,3958921216.3358674,3958921218.2421613,3958921218.370682,1749932347.2300727
3958921220,902cf9f4,1749932346.848797,3958921218.2382245,3958921220.216373,3958921220.338672,1749932348.999924
3958921220,902cf9f4,1749932346.848797,3958921218.2382245,3958921220.216373,3958921220.338672,1749932349.0934825
3958921222,330a8659,1749932348.8358533,3958921220.232476,3958921222.121504,3958921222.2632837,1749932350.9258702
3958921222,330a8659,1749932348.8358533,3958921220.232476,3958921222.121504,3958921222.2632837,1749932350.9647799
3958921224,a2460651,1749932350.7405488,3958921222.1270456,3958921224.0428,3958921224.169096,1749932352.8195915
3958921224,a2460651,1749932350.7405488,3958921222.1270456,3958921224.0428,3958921224.169096,1749932352.8458211
3958921225,50f9fea2,1749932352.6430712,3958921224.036152,3958921225.9798045,3958921226.101661,1749932354.9838474
3958921225,50f9fea2,1749932352.6430712,3958921224.036152,3958921225.9798045,3958921226.101661,1749932355.1228838
3958921227,0ff69e4e,1749932354.595439,3958921225.9818344,3958921227.8992996,3958921228.087845,1749932356.8551602
3958921227,0ff69e4e,1749932354.595439,3958921225.9818344,3958921227.8992996,3958921228.087845,1749932356.9990222
3958921229,330a8659,1749932356.5014915,3958921227.8859243,3958921229.842734,3958921230.004502,1749932358.6494522
3958921229,330a8659,1749932356.5014915,3958921227.8859243,3958921229.842734,3958921230.004502,1749932358.8047762
3958921231,902cf9f4,1749932358.4310896,3958921229.833735,3958921231.7556767,3958921231.9088907,1749932360.6580198
3958921231,902cf9f4,1749932358.4310896,3958921229.833735,3958921231.7556767,3958921231.9088907,1749932360.695673
3958921233,902cf9f4,1749932360.3508499,3958921231.74621,3958921233.6166434,3958921233.7452307,1749932362.395026
3958921233,902cf9f4,1749932360.3508499,3958921231.74621,3958921233.6166434,3958921233.7452307,1749932362.5510027
3958921235,330a8659,1749932362.2149556,3958921233.603033,3958921235.52703,3958921235.665454,1749932364.4156039
3958921235,330a8659,1749932362.2149556,3958921233.603033,3958921235.52703,3958921235.665454,1749932364.551584
3958921237,902cf9f4,1749932364.1478148,3958921235.533262,3958921237.405721,3958921237.542999,1749932366.1975667
3958921237,902cf9f4,1749932364.1478148,3958921235.533262,3958921237.405721,3958921237.542999,1749932366.4492075
3958921239,902cf9f4,1749932366.030787,3958921237.416449,3958921239.2745075,3958921239.4116917,1749932368.0612464
3958921239,902cf9f4,1749932366.030787,3958921237.416449,3958921239.2745075,3958921239.4116917,1749932368.1174529
3958921241,a2460651,1749932367.8828628,3958921239.2696977,3958921241.163577,3958921241.319922,1749932370.2021525
3958921241,a2460651,1749932367.8828628,3958921239.2696977,3958921241.163577,3958921241.319922,1749932370.3639996
3958921243,50f9fea2,1749932369.8174477,3958921241.2084126,3958921243.1071825,3958921243.250732,1749932372.0044
3958921243,50f9fea2,1749932369.8174477,3958921241.2084126,3958921243.1071825,3958921243.250732,1749932372.272998
3958921245,330a8659,1749932371.7381303,3958921243.125518,3958921245.092772,3958921245.218691,1749932373.8621724
3958921245,330a8659,1749932371.7381303,3958921243.125518,3958921245.092772,3958921245.218691,1749932373.9176238
3958921246,a2460651,1749932373.690514,3958921245.083875,3958921246.973138,3958921247.107518,1749932375.8538344
3958921246,a2460651,1749932373.690514,3958921245.083875,3958921246.973138,3958921247.107518,1749932375.890403
3958921248,a2460651,1749932375.6576576,3958921247.0438404,3958921248.955191,3958921249.100503,1749932377.8498793
3958921248,a2460651,1749932375.6576576,3958921247.0438404,3958921248.955191,3958921249.100503,1749932377.8757315
3958921250,902cf9f4,1749932377.5547874,3958921248.9480042,3958921250.8422256,3958921250.988112,1749932379.6341972
3958921250,902cf9f4,1749932377.5547874,3958921248.9480042,3958921250.8422256,3958921250.988112,1749932379.878724
3958921253,0ff69e4e,1749932379.5243948,3958921250.9109597,3958921253.0216775,3958921253.1435575,1749932381.7977939
3958921253,0ff69e4e,1749932379.5243948,3958921250.9109597,3958921253.0216775,3958921253.1435575,1749932381.82378
3958921254,c4672d96,1749932381.6039002,3958921253.0099516,3958921254.9353576,3958921255.078314,1749932383.7475116
3958921254,c4672d96,1749932381.6039002,3958921253.0099516,3958921254.9353576,3958921255.078314,1749932383.8898833
3958921256,0ff69e4e,1749932383.607848,3958921254.9943366,3958921256.920064,3958921257.0571227,1749932385.8155367
3958921256,0ff69e4e,1749932383.607848,3958921254.9943366,3958921256.920064,3958921257.0571227,1749932385.9559915
3958921258,902cf9f4,1749932385.5394585,3958921256.9261556,3958921258.8011994,3958921258.9307313,1749932387.5735197
3958921258,902cf9f4,1749932385.5394585,3958921256.9261556,3958921258.8011994,3958921258.9307313,1749932387.710065
3958921260,c4672d96,1749932387.4983494,3958921258.886827,3958921260.847007,3958921260.9871144,1749932389.7340114
3958921260,c4672d96,1749932387.4983494,3958921258.886827,3958921260.847007,3958921260.9871144,1749932389.8678188
3958921262,0ff69e4e,1749932389.4372752,3958921260.838146,3958921262.8187084,3958921262.959648,1749932391.712391
3958921262,0ff69e4e,1749932389.4372752,3958921260.838146,3958921262.8187084,3958921262.959648,1749932391.725968
3958921264,902cf9f4,1749932391.4121838,3958921262.8166776,3958921264.7830014,3958921264.9156737,1749932393.5731173
3958921264,902cf9f4,1749932391.4121838,3958921262.8166776,3958921264.7830014,3958921264.9156737,1749932393.8141265
3958921266,330a8659,1749932393.3898768,3958921264.783411,3958921266.687289,3958921266.8170447,1749932395.459046
3958921266,330a8659,1749932393.3898768,3958921264.783411,3958921266.687289,3958921266.8170447,1749932395.5027225
3958921268,0ff69e4e,1749932395.2904215,3958921266.6806016,3958921268.5425687,3958921268.671738,1749932397.3326113
3958921268,0ff69e4e,1749932395.2904215,3958921266.6806016,3958921268.5425687,3958921268.671738,1749932397.4819064
3958921270,c4672d96,1749932397.1531076,3958921268.5404716,3958921270.4881907,3958921270.6186028,1749932399.2672334
3958921270,c4672d96,1749932397.1531076,3958921268.5404716,3958921270.4881907,3958921270.6186028,1749932399.2856658
3958921272,902cf9f4,1749932399.177544,3958921270.565214,3958921272.5376134,3958921272.6711283,1749932401.5397365
3958921272,902cf9f4,1749932399.177544,3958921270.565214,3958921272.5376134,3958921272.6711283,1749932401.67353
3958921274,0ff69e4e,1749932401.1446905,3958921272.5331645,3958921274.4827967,3958921274.626581,1749932403.3752832
3958921274,0ff69e4e,1749932401.1446905,3958921272.5331645,3958921274.4827967,3958921274.626581,1749932403.4156592
3958921276,a2460651,1749932403.0698211,3958921274.472687,3958921276.360652,3958921276.485876,1749932405.134707
3958921276,a2460651,1749932403.0698211,3958921274.472687,3958921276.360652,3958921276.485876,1749932405.1642416
3958921278,50f9fea2,1749932404.9380662,3958921276.3606634,3958921278.4452796,3958921278.5633,1749932407.450063
3958921278,50f9fea2,1749932404.9380662,3958921276.3606634,3958921278.4452796,3958921278.5633,1749932407.5770988
3958921280,0ff69e4e,1749932407.0197825,3958921278.435133,3958921280.302869,3958921280.4508295,1749932409.1024005
3958921280,0ff69e4e,1749932407.0197825,3958921278.435133,3958921280.302869,3958921280.4508295,1749932409.1849298
3958921282,50f9fea2,1749932408.9667745,3958921280.3546658,3958921282.293837,3958921282.4324346,1749932411.110051
3958921282,50f9fea2,1749932408.9667745,3958921280.3546658,3958921282.293837,3958921282.4324346,1749932411.273352
3958921284,a2460651,1749932410.8948529,3958921282.2850633,3958921284.1849475,3958921284.324388,1749932412.9660072
3958921284,a2460651,1749932410.8948529,3958921282.2850633,3958921284.1849475,3958921284.324388,1749932413.1121454
3958921286,c4672d96,1749932412.7964935,3958921284.184936,3958921286.1830344,3958921286.3136525,1749932415.0595317
3958921286,c4672d96,1749932412.7964935,3958921284.184936,3958921286.1830344,3958921286.3136525,1749932415.1897933
3958921288,a2460651,1749932414.7641037,3958921286.1679306,3958921288.056711,3958921288.1910625,1749932416.8368237
3958921288,a2460651,1749932414.7641037,3958921286.1679306,3958921288.056711,3958921288.1910625,1749932416.982228
3958921289,50f9fea2,1749932416.7301273,3958921288.1191745,3958921289.9956403,3958921290.1351137,1749932418.8859415
3958921289,50f9fea2,1749932416.7301273,3958921288.1191745,3958921289.9956403,3958921290.1351137,1749932418.9299834
3958921291,0ff69e4e,1749932418.5937917,3958921289.990359,3958921291.9385605,3958921292.079356,1749932420.7234144
3958921291,0ff69e4e,1749932418.5937917,3958921289.990359,3958921291.9385605,3958921292.079356,1749932420.7975414
3958921293,a2460651,1749932420.5437036,3958921291.931893,3958921293.9217477,3958921294.0960197,1749932422.7381842
3958921293,a2460651,1749932420.5437036,3958921291.931893,3958921293.9217477,3958921294.0960197,1749932422.774313
3958921295,0ff69e4e,1749932422.5246925,3958921293.9198523,3958921295.9223666,3958921296.051466,1749932424.6989682
3958921295,0ff69e4e,1749932422.5246925,3958921293.9198523,3958921295.9223666,3958921296.051466,1749932424.831109
3958921297,0ff69e4e,1749932424.5332274,3958921295.922345,3958921297.797647,3958921297.9239793,1749932426.5649517
3958921297,0ff69e4e,1749932424.5332274,3958921295.922345,3958921297.797647,3958921297.9239793,1749932426.7378018
3958921299,330a8659,1749932426.4002128,3958921297.792399,3958921299.861309,3958921300.024268,1749932428.6694963
3958921299,330a8659,1749932426.4002128,3958921297.792399,3958921299.861309,3958921300.024268,1749932428.809194
3958921301,50f9fea2,1749932428.4859254,3958921299.874406,3958921301.7709107,3958921301.8910213,1749932430.5343392
3958921301,50f9fea2,1749932428.4859254,3958921299.874406,3958921301.7709107,3958921301.8910213,1749932430.5537765
3958921303,902cf9f4,1749932430.3680913,3958921301.763329,3958921303.7209363,3958921303.8606777,1749932432.6066277
3958921303,902cf9f4,1749932430.3680913,3958921301.763329,3958921303.7209363,3958921303.8606777,1749932432.646732
3958921305,50f9fea2,1749932432.3256304,3958921303.7146587,3958921305.7270603,3958921305.855271,1749932434.4948971
3958921305,50f9fea2,1749932432.3256304,3958921303.7146587,3958921305.7270603,3958921305.855271,1749932434.6421678
3958921307,902cf9f4,1749932434.3910913,3958921305.7799025,3958921307.685148,3958921307.814612,1749932436.5694761
3958921307,902cf9f4,1749932434.3910913,3958921305.7799025,3958921307.685148,3958921307.814612,1749932436.6070976
3958921309,330a8659,1749932436.280835,3958921307.6791873,3958921309.5771713,3958921309.7025466,1749932438.3452983
3958921309,330a8659,1749932436.280835,3958921307.6791873,3958921309.5771713,3958921309.7025466,1749932438.3944647
3958921311,50f9fea2,1749932438.1869628,3958921309.57716,3958921311.4322405,3958921311.55956,1749932440.1991394
3958921311,50f9fea2,1749932438.1869628,3958921309.57716,3958921311.4322405,3958921311.55956,1749932440.3456116
3958921313,50f9fea2,1749932440.0821743,3958921311.471511,3958921313.3726807,3958921313.518712,1749932442.1669648
3958921313,50f9fea2,1749932440.0821743,3958921311.471511,3958921313.3726807,3958921313.518712,1749932442.3220415
3958921315,c4672d96,1749932441.9784002,3958921313.371249,3958921315.251283,3958921315.386177,1749932444.0321114
3958921315,c4672d96,1749932441.9784002,3958921313.371249,3958921315.251283,3958921315.386177,1749932444.17781
3958921317,50f9fea2,1749932443.9493337,3958921315.340122,3958921317.1857324,3958921317.310169,1749932445.9508872
3958921317,50f9fea2,1749932443.9493337,3958921315.340122,3958921317.1857324,3958921317.310169,1749932445.9766572
3958921319,50f9fea2,1749932445.7899477,3958921317.179113,3958921319.134065,3958921319.2556458,1749932447.8969758
3958921319,50f9fea2,1749932445.7899477,3958921317.179113,3958921319.134065,3958921319.2556458,1749932447.9446912
3958921320,0ff69e4e,1749932447.7380168,3958921319.132366,3958921320.997012,3958921321.1266594,1749932449.876243
3958921320,0ff69e4e,1749932447.7380168,3958921319.132366,3958921320.997012,3958921321.1266594,1749932449.9238071
3958921322,a2460651,1749932449.5928092,3958921320.9864225,3958921322.908043,3958921323.050657,1749932451.6904483
3958921322,a2460651,1749932449.5928092,3958921320.9864225,3958921322.908043,3958921323.050657,1749932451.8382518
3958921324,50f9fea2,1749932451.5105145,3958921322.902806,3958921324.8076687,3958921324.945138,1749932453.5853744
3958921324,50f9fea2,1749932451.5105145,3958921322.902806,3958921324.8076687,3958921324.945138,1749932453.735627
3958921326,50f9fea2,1749932453.4062598,3958921324.8014493,3958921326.7148547,3958921326.8512955,1749932455.4919364
3958921326,50f9fea2,1749932453.4062598,3958921324.8014493,3958921326.7148547,3958921326.8512955,1749932455.5524342
3958921328,a2460651,1749932455.3778462,3958921326.7680244,3958921328.6729765,3958921328.804759,1749932457.5877495
3958921328,a2460651,1749932455.3778462,3958921326.7680244,3958921328.6729765,3958921328.804759,1749932457.8400111
3958921330,a2460651,1749932457.3070157,3958921328.7012157,3958921330.690769,3958921330.8272333,1749932459.4656847
3958921330,a2460651,1749932457.3070157,3958921328.7012157,3958921330.690769,3958921330.8272333,1749932459.6126482
3958921332,a2460651,1749932459.2871306,3958921330.6813984,3958921332.7233124,3958921332.8626537,1749932461.607052
3958921332,a2460651,1749932459.2871306,3958921330.6813984,3958921332.7233124,3958921332.8626537,1749932462.1736996
3958921334,330a8659,1749932461.4152157,3958921332.8054957,3958921334.7061,3958921334.847878,1749932463.710805
3958921334,330a8659,1749932461.4152157,3958921332.8054957,3958921334.7061,3958921334.847878,1749932463.9568686
3958921336,902cf9f4,1749932463.304449,3958921334.6999927,3958921336.613486,3958921336.747078,1749932465.3881278
3958921336,902cf9f4,1749932463.304449,3958921334.6999927,3958921336.613486,3958921336.747078,1749932465.5326889
3958921338,330a8659,1749932465.2141557,3958921336.605159,3958921338.5527105,3958921338.697116,1749932467.4510849
3958921338,330a8659,1749932465.2141557,3958921336.605159,3958921338.5527105,3958921338.697116,1749932467.6009526
3958921340,0ff69e4e,1749932467.1558852,3958921338.547537,3958921340.4504075,3958921340.5767846,1749932469.2206683
3958921340,0ff69e4e,1749932467.1558852,3958921338.547537,3958921340.4504075,3958921340.5767846,1749932469.3752973
3958921342,902cf9f4,1749932469.0478344,3958921340.4430413,3958921342.4112797,3958921342.6339035,1749932471.3874009
3958921342,902cf9f4,1749932469.0478344,3958921340.4430413,3958921342.4112797,3958921342.6339035,1749932471.4871318
3958921344,c4672d96,1749932471.060249,3958921342.4531746,3958921344.3556805,3958921344.546184,1749932473.4412377
3958921344,c4672d96,1749932471.060249,3958921342.4531746,3958921344.3556805,3958921344.546184,1749932473.5216203
3958921346,902cf9f4,1749932472.9511755,3958921344.353235,3958921346.3719883,3958921346.502853,1749932475.150212
3958921346,902cf9f4,1749932472.9511755,3958921344.353235,3958921346.3719883,3958921346.502853,1749932475.2916443
3958921348,902cf9f4,1749932474.9473855,3958921346.3438487,3958921348.4271955,3958921348.555337,1749932477.3042028
3958921348,902cf9f4,1749932474.9473855,3958921346.3438487,3958921348.4271955,3958921348.555337,1749932477.4315174
3958921350,c4672d96,1749932477.0154705,3958921348.4084306,3958921350.4650054,3958921350.5875688,1749932479.225927
3958921350,c4672d96,1749932477.0154705,3958921348.4084306,3958921350.4650054,3958921350.5875688,1749932479.2675018
3958921352,a2460651,1749932479.1083963,3958921350.4997654,3958921352.412913,3958921352.649632,1749932481.3058574
3958921352,a2460651,1749932479.1083963,3958921350.4997654,3958921352.412913,3958921352.649632,1749932481.4434764
3958921354,0ff69e4e,1749932481.05995,3958921352.451067,3958921354.425769,3958921354.5705957,1749932483.213761
3958921354,0ff69e4e,1749932481.05995,3958921352.451067,3958921354.425769,3958921354.5705957,1749932483.3470132
3958921356,a2460651,1749932483.0359297,3958921354.4281445,3958921356.3176928,3958921356.515914,1749932485.164012
3958921356,a2460651,1749932483.0359297,3958921354.4281445,3958921356.3176928,3958921356.515914,1749932485.3361363
3958921358,0ff69e4e,1749932484.8960564,3958921356.292271,3958921358.236877,3958921358.390315,1749932487.0538502
3958921358,0ff69e4e,1749932484.8960564,3958921356.292271,3958921358.236877,3958921358.390315,1749932487.2485645
3958921360,0ff69e4e,1749932486.8243163,3958921358.221285,3958921360.2038393,3958921360.3480844,1749932489.0972285
3958921360,0ff69e4e,1749932486.8243163,3958921358.221285,3958921360.2038393,3958921360.3480844,1749932489.2380018
3958921362,0ff69e4e,1749932488.8876102,3958921360.279491,3958921362.249923,3958921362.3987794,1749932491.1585608
3958921362,0ff69e4e,1749932488.8876102,3958921360.279491,3958921362.249923,3958921362.3987794,1749932491.4208832
3958921364,50f9fea2,1749932490.9053915,3958921362.304174,3958921364.2376237,3958921364.404024,1749932493.0498314
3958921364,50f9fea2,1749932490.9053915,3958921362.304174,3958921364.2376237,3958921364.404024,1749932493.2235525
3958921366,902cf9f4,1749932492.836129,3958921364.230269,3958921366.2030735,3958921366.326128,1749932495.085755
3958921366,902cf9f4,1749932492.836129,3958921364.230269,3958921366.2030735,3958921366.326128,1749932495.2440746
3958921368,c4672d96,1749932494.91113,3958921366.303561,3958921368.198204,3958921368.370694,1749932497.113558
3958921368,c4672d96,1749932494.91113,3958921366.303561,3958921368.198204,3958921368.370694,1749932497.3676813
3958921370,a2460651,1749932496.837603,3958921368.2299,3958921370.063863,3958921370.199255,1749932498.8369067
3958921370,a2460651,1749932496.837603,3958921368.2299,3958921370.063863,3958921370.199255,1749932498.872832
3958921371,902cf9f4,1749932498.671511,3958921370.063779,3958921371.9806542,3958921372.118941,1749932500.7584927
3958921371,902cf9f4,1749932498.671511,3958921370.063779,3958921371.9806542,3958921372.118941,1749932500.8999693
3958921373,a2460651,1749932500.5764916,3958921371.9696403,3958921373.9493537,3958921374.1028857,1749932502.8426716
3958921373,a2460651,1749932500.5764916,3958921371.9696403,3958921373.9493537,3958921374.1028857,1749932503.0129142
3958921375,c4672d96,1749932502.4882762,3958921373.918106,3958921375.853137,3958921376.05291,1749932504.8138726
3958921375,c4672d96,1749932502.4882762,3958921373.918106,3958921375.853137,3958921376.05291,1749932505.0806937
3958921377,330a8659,1749932504.4606092,3958921375.854884,3958921377.764608,3958921377.9730964,1749932506.6457052
3958921377,330a8659,1749932504.4606092,3958921375.854884,3958921377.764608,3958921377.9730964,1749932506.696376
3958921379,c4672d96,1749932506.3700917,3958921377.762608,3958921379.775221,3958921379.9123406,1749932508.5539181
3958921379,c4672d96,1749932506.3700917,3958921377.762608,3958921379.775221,3958921379.9123406,1749932508.850468
3958921381,50f9fea2,1749932508.3656964,3958921379.766813,3958921381.733984,3958921381.8839035,1749932510.6570516
3958921381,50f9fea2,1749932508.3656964,3958921379.766813,3958921381.733984,3958921381.8839035,1749932510.8122787
3958921383,50f9fea2,1749932510.3299806,3958921381.723613,3958921383.6793604,3958921383.8358917,1749932512.4924474
3958921383,50f9fea2,1749932510.3299806,3958921381.723613,3958921383.6793604,3958921383.8358917,1749932512.5168207
3958921385,330a8659,1749932512.273795,3958921383.6730967,3958921385.551851,3958921385.6928782,1749932514.440645
3958921385,330a8659,1749932512.273795,3958921383.6730967,3958921385.551851,3958921385.6928782,1749932514.6969593
3958921387,a2460651,1749932514.1519341,3958921385.544473,3958921387.4990797,3958921387.659337,1749932516.308213
3958921387,a2460651,1749932514.1519341,3958921385.544473,3958921387.4990797,3958921387.659337,1749932516.3789926
3958921389,a2460651,1749932516.0990462,3958921387.494566,3958921389.772821,3958921389.9067087,1749932518.541359
3958921389,a2460651,1749932516.0990462,3958921387.494566,3958921389.772821,3958921389.9067087,1749932518.5773122
3958921392,a2460651,1749932518.372734,3958921389.766687,3958921392.597552,3958921392.7336745,1749932521.3703592
3958921392,a2460651,1749932518.372734,3958921389.766687,3958921392.597552,3958921392.7336745,1749932521.401592
3958921395,c4672d96,1749932521.1927245,3958921392.589163,3958921395.18814,3958921395.338039,1749932524.0787385
3958921395,c4672d96,1749932521.1927245,3958921392.589163,3958921395.18814,3958921395.338039,1749932524.2098677
3958921397,a2460651,1749932523.7772095,3958921395.1747923,3958921397.297941,3958921397.43041,1749932526.1766136
3958921397,a2460651,1749932523.7772095,3958921395.1747923,3958921397.297941,3958921397.43041,1749932526.320771
3958921399,c4672d96,1749932525.8850377,3958921397.289679,3958921399.197428,3958921399.345967,1749932528.1102388
3958921399,c4672d96,1749932525.8850377,3958921397.289679,3958921399.197428,3958921399.345967,1749932528.1569765
3958921401,a2460651,1749932527.7671173,3958921399.1899,3958921401.1012616,3958921401.2544045,1749932530.0254931
3958921401,a2460651,1749932527.7671173,3958921399.1899,3958921401.1012616,3958921401.2544045,1749932530.1707602
3958921403,0ff69e4e,1749932529.7450285,3958921401.1397057,3958921403.110524,3958921403.2991138,1749932531.95048
3958921403,0ff69e4e,1749932529.7450285,3958921401.1397057,3958921403.110524,3958921403.2991138,1749932532.0967913
3958921405,a2460651,1749932531.7107937,3958921403.105216,3958921405.0401497,3958921405.162201,1749932533.9139597
3958921405,a2460651,1749932531.7107937,3958921403.105216,3958921405.0401497,3958921405.162201,1749932533.970258
3958921407,902cf9f4,1749932533.6329794,3958921405.0344105,3958921407.0075827,3958921407.132959,1749932535.773858
3958921407,902cf9f4,1749932533.6329794,3958921405.0344105,3958921407.0075827,3958921407.132959,1749932535.9073765
3958921408,c4672d96,1749932535.5965047,3958921406.9985027,3958921408.983728,3958921409.1185355,1749932537.8643818
3958921408,c4672d96,1749932535.5965047,3958921406.9985027,3958921408.983728,3958921409.1185355,1749932537.9430084
3958921411,a2460651,1749932537.6180959,3958921409.018849,3958921411.085226,3958921411.251582,1749932540.0116313
3958921411,a2460651,1749932537.6180959,3958921409.018849,3958921411.085226,3958921411.251582,1749932540.1817682
3958921413,330a8659,1749932539.669791,3958921411.0756965,3958921413.10263,3958921413.3626432,1749932542.122087
3958921413,330a8659,1749932539.669791,3958921411.0756965,3958921413.10263,3958921413.3626432,1749932542.3011513
3958921415,330a8659,1749932541.6938095,3958921413.096736,3958921415.0553036,3958921415.267705,1749932544.0228572
3958921415,330a8659,1749932541.6938095,3958921413.096736,3958921415.0553036,3958921415.267705,1749932544.1947267
3958921416,50f9fea2,1749932543.6543427,3958921415.049276,3958921416.979067,3958921417.2203283,1749932545.9710379
3958921416,50f9fea2,1749932543.6543427,3958921415.049276,3958921416.979067,3958921417.2203283,1749932546.1109655
3958921418,330a8659,1749932545.6050904,3958921417.0003014,3958921418.86098,3958921419.1553173,1749932547.9043508
3958921418,330a8659,1749932545.6050904,3958921417.0003014,3958921418.86098,3958921419.1553173,1749932548.1687899
3959098078,37f483c2,1750109195.6678343,3959098075.567456,3959098078.094053,3959098078.2316685,1750109204.8341835
3959098080,37f483c2,1750109198.1890738,3959098078.09251,3959098080.0409956,3959098080.1639137,1750109205.958838
3959098081,50931061,1750109200.1266348,3959098080.0336227,3959098081.961186,3959098082.1073565,1750109206.8196995
3959098083,50931061,1750109202.160199,3959098082.0658307,3959098083.988608,3959098084.173403,1750109207.1065059
3959098086,73cc0ebb,1750109204.0879862,3959098083.9824996,3959098086.023574,3959098086.1743693,1750109207.4365482
3959098087,50931061,1750109206.1159937,3959098086.011831,3959098087.9478884,3959098088.067395,1750109208.217392
3959098090,73cc0ebb,1750109208.0272322,3959098087.9381013,3959098090.0284724,3959098090.16824,1750109210.4352782
3959098091,406fed66,1750109210.1113465,3959098090.017759,3959098091.9203525,3959098092.0597577,1750109212.2318828
3959098093,31166487,1750109212.0625958,3959098091.9604764,3959098093.89131,3959098094.0512285,1750109214.2387207
3959098095,50931061,1750109213.9660308,3959098093.8689,3959098095.8567896,3959098096.0166397,1750109216.173587
3959098097,37f483c2,1750109215.9580784,3959098095.86153,3959098097.8263383,3959098097.964706,1750109218.1240451
3959098099,406fed66,1750109217.9251325,3959098097.821198,3959098099.794248,3959098099.9346585,1750109220.2011025
3959098101,ce1630f2,1750109219.9007633,3959098099.805282,3959098101.737418,3959098101.876382,1750109222.2943525
3959098103,50931061,1750109221.83047,3959098101.7284045,3959098103.601965,3959098103.7256026,1750109223.8732831
3959098105,50931061,1750109223.801439,3959098103.7047296,3959098105.627195,3959098105.790532,1750109225.934204
3959098107,406fed66,1750109225.7166388,3959098105.6140146,3959098107.532787,3959098107.6616755,1750109227.8088923
3959098109,50931061,1750109227.620732,3959098107.5260825,3959098109.512112,3959098109.6397195,1750109229.8024318
3959098111,31166487,1750109229.6039913,3959098109.505613,3959098111.4473634,3959098111.5786943,1750109231.7250435
3959098113,37f483c2,1750109231.53992,3959098111.441946,3959098113.447076,3959098113.5551763,1750109233.922149
3959098115,31166487,1750109233.5340722,3959098113.437816,3959098115.4131656,3959098115.5378838,1750109235.7917347
3959098117,31166487,1750109235.5572157,3959098115.455228,3959098117.363648,3959098117.487271,1750109237.654509
3959098078,37f483c2,1750109195.6678343,3959098075.567456,3959098078.094053,3959098078.2316685,1750109241.2721076
3959098078,37f483c2,1750109195.6678343,3959098075.567456,3959098078.094053,3959098078.2316685,1750109241.327832
3959098080,37f483c2,1750109198.1890738,3959098078.09251,3959098080.0409956,3959098080.1639137,1750109241.6818147
3959098080,37f483c2,1750109198.1890738,3959098078.09251,3959098080.0409956,3959098080.1639137,1750109242.4801488
3959098081,50931061,1750109200.1266348,3959098080.0336227,3959098081.961186,3959098082.1073565,1750109242.770778
3959098083,50931061,1750109202.160199,3959098082.0658307,3959098083.988608,3959098084.173403,1750109243.0173187
3959098081,50931061,1750109200.1266348,3959098080.0336227,3959098081.961186,3959098082.1073565,1750109243.1258378
3959098086,73cc0ebb,1750109204.0879862,3959098083.9824996,3959098086.023574,3959098086.1743693,1750109243.210424
3959098083,50931061,1750109202.160199,3959098082.0658307,3959098083.988608,3959098084.173403,1750109243.3807023
3959098087,50931061,1750109206.1159937,3959098086.011831,3959098087.9478884,3959098088.067395,1750109243.4092073
3959098086,73cc0ebb,1750109204.0879862,3959098083.9824996,3959098086.023574,3959098086.1743693,1750109243.6119473
3959098090,73cc0ebb,1750109208.0272322,3959098087.9381013,3959098090.0284724,3959098090.16824,1750109243.6348217
3959098087,50931061,1750109206.1159937,3959098086.011831,3959098087.9478884,3959098088.067395,1750109243.8668377
3959098091,406fed66,1750109210.1113465,3959098090.017759,3959098091.9203525,3959098092.0597577,1750109243.889595
3959098093,31166487,1750109212.0625958,3959098091.9604764,3959098093.89131,3959098094.0512285,1750109244.1727705
3959098090,73cc0ebb,1750109208.0272322,3959098087.9381013,3959098090.0284724,3959098090.16824,1750109244.2167287
3959098091,406fed66,1750109210.1113465,3959098090.017759,3959098091.9203525,3959098092.0597577,1750109244.507636
3959098095,50931061,1750109213.9660308,3959098093.8689,3959098095.8567896,3959098096.0166397,1750109244.5257864
3959098097,37f483c2,1750109215.9580784,3959098095.86153,3959098097.8263383,3959098097.964706,1750109244.7755997
3959098093,31166487,1750109212.0625958,3959098091.9604764,3959098093.89131,3959098094.0512285,1750109244.7886357
3959098099,406fed66,1750109217.9251325,3959098097.821198,3959098099.794248,3959098099.9346585,1750109245.1151512
3959098095,50931061,1750109213.9660308,3959098093.8689,3959098095.8567896,3959098096.0166397,1750109245.1098237
3959098097,37f483c2,1750109215.9580784,3959098095.86153,3959098097.8263383,3959098097.964706,1750109245.4638724
3959098101,ce1630f2,1750109219.9007633,3959098099.805282,3959098101.737418,3959098101.876382,1750109245.5819137
3959098103,50931061,1750109221.83047,3959098101.7284045,3959098103.601965,3959098103.7256026,1750109247.1685421
3959098099,406fed66,1750109217.9251325,3959098097.821198,3959098099.794248,3959098099.9346585,1750109247.560752
3959098105,50931061,1750109223.801439,3959098103.7047296,3959098105.627195,3959098105.790532,1750109248.1268387
3959098101,ce1630f2,1750109219.9007633,3959098099.805282,3959098101.737418,3959098101.876382,1750109248.4653683
3959098107,406fed66,1750109225.7166388,3959098105.6140146,3959098107.532787,3959098107.6616755,1750109248.4691663
3959098103,50931061,1750109221.83047,3959098101.7284045,3959098103.601965,3959098103.7256026,1750109248.6888506
3959098109,50931061,1750109227.620732,3959098107.5260825,3959098109.512112,3959098109.6397195,1750109248.6984694
3959098111,31166487,1750109229.6039913,3959098109.505613,3959098111.4473634,3959098111.5786943,1750109248.8854063
3959098105,50931061,1750109223.801439,3959098103.7047296,3959098105.627195,3959098105.790532,1750109248.9283993
3959098113,37f483c2,1750109231.53992,3959098111.441946,3959098113.447076,3959098113.5551763,1750109249.127264
3959098107,406fed66,1750109225.7166388,3959098105.6140146,3959098107.532787,3959098107.6616755,1750109249.169842
3959098115,31166487,1750109233.5340722,3959098113.437816,3959098115.4131656,3959098115.5378838,1750109249.393776
3959098109,50931061,1750109227.620732,3959098107.5260825,3959098109.512112,3959098109.6397195,1750109249.408101
3959098117,31166487,1750109235.5572157,3959098115.455228,3959098117.363648,3959098117.487271,1750109249.7068202
3959098111,31166487,1750109229.6039913,3959098109.505613,3959098111.4473634,3959098111.5786943,1750109249.711495
3959098119,73cc0ebb,1750109237.461819,3959098117.3610144,3959098119.2999244,3959098119.4253573,1750109249.9435625
3959098113,37f483c2,1750109231.53992,3959098111.441946,3959098113.447076,3959098113.5551763,1750109250.0972047
3959098121,73cc0ebb,1750109239.4174278,3959098119.3146057,3959098121.198598,3959098121.3458447,1750109250.1707866
3959098115,31166487,1750109233.5340722,3959098113.437816,3959098115.4131656,3959098115.5378838,1750109250.3487775
3959098123,ce1630f2,1750109241.3525991,3959098121.2485805,3959098123.195139,3959098123.3569927,1750109250.4196575
3959098117,31166487,1750109235.5572157,3959098115.455228,3959098117.363648,3959098117.487271,1750109250.6454735
3959098125,ce1630f2,1750109243.2885847,3959098123.1841836,3959098125.0629506,3959098125.204018,1750109250.6868918
3959098126,73cc0ebb,1750109245.2028182,3959098125.099401,3959098126.966532,3959098127.120288,1750109251.0429218
3959098119,73cc0ebb,1750109237.461819,3959098117.3610144,3959098119.2999244,3959098119.4253573,1750109251.156668
3959098128,37f483c2,1750109247.0796561,3959098126.97537,3959098128.893874,3959098129.054849,1750109252.315327
3959098121,73cc0ebb,1750109239.4174278,3959098119.3146057,3959098121.198598,3959098121.3458447,1750109252.632042
3959098130,37f483c2,1750109249.007485,3959098128.904798,3959098130.823924,3959098131.013004,1750109253.6611407
3959098123,ce1630f2,1750109241.3525991,3959098121.2485805,3959098123.195139,3959098123.3569927,1750109253.7983522
3959098132,73cc0ebb,1750109250.9105666,3959098130.814676,3959098132.7899513,3959098132.940011,1750109254.4754908
3959098125,ce1630f2,1750109243.2885847,3959098123.1841836,3959098125.0629506,3959098125.204018,1750109254.8070505
3959098134,ce1630f2,1750109252.8975372,3959098132.7939243,3959098134.6872644,3959098134.837417,1750109255.0308738
3959098126,73cc0ebb,1750109245.2028182,3959098125.099401,3959098126.966532,3959098127.120288,1750109255.0419154
3959098128,37f483c2,1750109247.0796561,3959098126.97537,3959098128.893874,3959098129.054849,1750109255.3198082
3959098130,37f483c2,1750109249.007485,3959098128.904798,3959098130.823924,3959098131.013004,1750109255.5541873
3959098132,73cc0ebb,1750109250.9105666,3959098130.814676,3959098132.7899513,3959098132.940011,1750109255.8057656
3959098134,ce1630f2,1750109252.8975372,3959098132.7939243,3959098134.6872644,3959098134.837417,1750109256.045537
3959098136,50931061,1750109254.7829673,3959098134.6829987,3959098136.6106095,3959098136.752555,1750109257.0124753
3959098136,50931061,1750109254.7829673,3959098134.6829987,3959098136.6106095,3959098136.752555,1750109257.05772
3959098138,50931061,1750109256.7297926,3959098136.6306434,3959098138.5145793,3959098138.6531315,1750109258.8010318
3959098138,50931061,1750109256.7297926,3959098136.6306434,3959098138.5145793,3959098138.6531315,1750109258.898005
3959098140,31166487,1750109258.6038563,3959098138.5084867,3959098140.4707437,3959098140.627328,1750109260.8721764
3959098140,31166487,1750109258.6038563,3959098138.5084867,3959098140.4707437,3959098140.627328,1750109261.1337593
3959098142,73cc0ebb,1750109260.552234,3959098140.456951,3959098142.4736037,3959098142.5999064,1750109262.7482944
3959098142,73cc0ebb,1750109260.552234,3959098140.456951,3959098142.4736037,3959098142.5999064,1750109262.8214467
3959098144,406fed66,1750109262.5692997,3959098142.4713964,3959098144.415287,3959098144.5551124,1750109264.6949937
3959098144,406fed66,1750109262.5692997,3959098142.4713964,3959098144.415287,3959098144.5551124,1750109264.7612624
3959098146,31166487,1750109264.509877,3959098144.407373,3959098146.328352,3959098146.46918,1750109266.6272478
3959098146,31166487,1750109264.509877,3959098144.407373,3959098146.328352,3959098146.46918,1750109266.867593
3959098148,406fed66,1750109266.420741,3959098146.3213763,3959098148.211136,3959098148.354446,1750109268.702537
3959098148,406fed66,1750109266.420741,3959098146.3213763,3959098148.211136,3959098148.354446,1750109268.877685
3959098150,ce1630f2,1750109268.3295503,3959098148.226693,3959098150.142113,3959098150.280162,1750109270.4428394
3959098150,ce1630f2,1750109268.3295503,3959098148.226693,3959098150.142113,3959098150.280162,1750109270.6054053
3959098152,31166487,1750109270.2293377,3959098150.134053,3959098152.023833,3959098152.163079,1750109272.3173296
3959098152,31166487,1750109270.2293377,3959098150.134053,3959098152.023833,3959098152.163079,1750109272.5542853
3959098154,31166487,1750109272.146155,3959098152.0436497,3959098154.0648527,3959098154.1885147,1750109274.3422008
3959098154,31166487,1750109272.146155,3959098152.0436497,3959098154.0648527,3959098154.1885147,1750109274.3792582
3959098155,50931061,1750109274.1515343,3959098154.050746,3959098155.9767075,3959098156.10832,1750109276.2550175
3959098155,50931061,1750109274.1515343,3959098154.050746,3959098155.9767075,3959098156.10832,1750109276.5338209
3959098157,31166487,1750109276.0658796,3959098155.9691014,3959098157.880627,3959098158.0119534,1750109278.1699154
3959098157,31166487,1750109276.0658796,3959098155.9691014,3959098157.880627,3959098158.0119534,1750109278.2971494
3959098159,31166487,1750109277.9775777,3959098157.8753576,3959098159.832684,3959098160.012423,1750109280.17505
3959098159,31166487,1750109277.9775777,3959098157.8753576,3959098159.832684,3959098160.012423,1750109280.3379474
3959098161,73cc0ebb,1750109279.9278119,3959098159.8285317,3959098161.69913,3959098161.832709,1750109281.9939973
3959098161,73cc0ebb,1750109279.9278119,3959098159.8285317,3959098161.69913,3959098161.832709,1750109282.1810489
3959098163,37f483c2,1750109281.7922912,3959098161.692779,3959098163.6737556,3959098163.8089075,1750109283.9670827
3959098163,37f483c2,1750109281.7922912,3959098161.692779,3959098163.6737556,3959098163.8089075,1750109284.1003199
3959098165,50931061,1750109283.7879913,3959098163.6893387,3959098165.5587425,3959098165.6926813,1750109285.8313444
3959098165,50931061,1750109283.7879913,3959098163.6893387,3959098165.5587425,3959098165.6926813,1750109285.9721618
3959098167,73cc0ebb,1750109285.6504393,3959098165.551738,3959098167.459774,3959098167.5917454,1750109287.849663
3959098167,73cc0ebb,1750109285.6504393,3959098165.551738,3959098167.459774,3959098167.5917454,1750109288.000864
3959098169,37f483c2,1750109287.6038437,3959098167.5026407,3959098169.438915,3959098169.583471,1750109289.7363431
3959098169,37f483c2,1750109287.6038437,3959098167.5026407,3959098169.438915,3959098169.583471,1750109289.8694036
3959098171,31166487,1750109289.5208662,3959098169.428315,3959098171.3657665,3959098171.496675,1750109291.7210865
3959098171,31166487,1750109289.5208662,3959098169.428315,3959098171.3657665,3959098171.496675,1750109291.850205
3959098173,50931061,1750109291.4723768,3959098171.3705597,3959098173.3041396,3959098173.4511385,1750109293.8014152
3959098173,50931061,1750109291.4723768,3959098171.3705597,3959098173.3041396,3959098173.4511385,1750109293.9433503
3959098175,ce1630f2,1750109293.422204,3959098173.32502,3959098175.143932,3959098175.2806683,1750109295.5442796
3959098175,ce1630f2,1750109293.422204,3959098173.32502,3959098175.143932,3959098175.2806683,1750109295.6924849
3959098177,31166487,1750109295.2976313,3959098175.1964483,3959098177.0954447,3959098177.24317,1750109297.3910832
3959098177,31166487,1750109295.2976313,3959098175.1964483,3959098177.0954447,3959098177.24317,1750109297.5476675
3959098178,ce1630f2,1750109297.2050538,3959098177.1049385,3959098178.9434333,3959098179.0866947,1750109299.3340611
3959098178,ce1630f2,1750109297.2050538,3959098177.1049385,3959098178.9434333,3959098179.0866947,1750109299.5016613
3959098180,50931061,1750109299.0569243,3959098178.963187,3959098180.918377,3959098181.0486746,1750109301.2065816
3959098180,50931061,1750109299.0569243,3959098178.963187,3959098180.918377,3959098181.0486746,1750109301.2670655
3959098182,31166487,1750109301.0294075,3959098180.9328904,3959098182.8352156,3959098182.9666147,1750109303.3267925
3959098182,31166487,1750109301.0294075,3959098180.9328904,3959098182.8352156,3959098182.9666147,1750109303.4728968
3959098184,31166487,1750109302.9161346,3959098182.8169103,3959098184.7915144,3959098184.9522038,1750109305.0989587
3959098184,31166487,1750109302.9161346,3959098182.8169103,3959098184.7915144,3959098184.9522038,1750109305.1726959
3959098186,ce1630f2,1750109304.9252245,3959098184.8230643,3959098186.6670547,3959098186.798491,1750109306.9540844
3959098186,ce1630f2,1750109304.9252245,3959098184.8230643,3959098186.6670547,3959098186.798491,1750109307.0967932
3959098188,50931061,1750109306.7621486,3959098186.6616044,3959098188.5448413,3959098188.6712036,1750109308.934513
3959098188,50931061,1750109306.7621486,3959098186.6616044,3959098188.5448413,3959098188.6712036,1750109309.066747
3959098190,31166487,1750109308.7210767,3959098188.620092,3959098190.471967,3959098190.5957003,1750109310.753271
3959098190,31166487,1750109308.7210767,3959098188.620092,3959098190.471967,3959098190.5957003,1750109310.920216
3959098192,ce1630f2,1750109310.5629504,3959098190.461334,3959098192.392247,3959098192.5141177,1750109312.6631694
3959098192,ce1630f2,1750109310.5629504,3959098190.461334,3959098192.392247,3959098192.5141177,1750109312.816456
3959098194,31166487,1750109312.4911165,3959098192.392236,3959098194.297664,3959098194.4216013,1750109314.5729992
3959098194,31166487,1750109312.4911165,3959098192.392236,3959098194.297664,3959098194.4216013,1750109314.7194285
3959098196,406fed66,1750109314.3872342,3959098194.2927814,3959098196.309735,3959098196.4553757,1750109316.6026337
3959098196,406fed66,1750109314.3872342,3959098194.2927814,3959098196.309735,3959098196.4553757,1750109316.6688085
3959098198,406fed66,1750109316.4022627,3959098196.3042808,3959098198.1713448,3959098198.3118906,1750109318.4523885
3959098198,406fed66,1750109316.4022627,3959098196.3042808,3959098198.1713448,3959098198.3118906,1750109318.688444
3959098200,50931061,1750109318.301878,3959098198.201814,3959098200.1043863,3959098200.2520375,1750109320.3939683
3959098200,50931061,1750109318.301878,3959098198.201814,3959098200.1043863,3959098200.2520375,1750109320.8669415
3959098202,31166487,1750109320.2240407,3959098200.124197,3959098202.0139723,3959098202.161501,1750109322.3101995
3959098202,31166487,1750109320.2240407,3959098200.124197,3959098202.0139723,3959098202.161501,1750109322.5727363
3959098203,406fed66,1750109322.1488612,3959098202.050744,3959098203.9856133,3959098204.1242275,1750109324.264281
3959098203,406fed66,1750109322.1488612,3959098202.050744,3959098203.9856133,3959098204.1242275,1750109324.291047
3959098205,ce1630f2,1750109324.0766828,3959098203.9825473,3959098205.9331274,3959098206.0831084,1750109326.229918
3959098205,ce1630f2,1750109324.0766828,3959098203.9825473,3959098205.9331274,3959098206.0831084,1750109326.3759377
3959098207,50931061,1750109326.0211663,3959098205.927579,3959098207.9189467,3959098208.0550857,1750109328.200681
3959098207,50931061,1750109326.0211663,3959098205.927579,3959098207.9189467,3959098208.0550857,1750109328.3357778
3959098209,ce1630f2,1750109328.003991,3959098207.9086995,3959098209.8015366,3959098209.925078,1750109330.0909944
3959098209,ce1630f2,1750109328.003991,3959098207.9086995,3959098209.8015366,3959098209.925078,1750109330.3492675
3959098211,50931061,1750109329.8885493,3959098209.797518,3959098211.7133775,3959098211.8853564,1750109332.0338712
3959098211,50931061,1750109329.8885493,3959098209.797518,3959098211.7133775,3959098211.8853564,1750109332.177929
3959098213,37f483c2,1750109331.8155453,3959098211.7157435,3959098213.6739426,3959098213.8023696,1750109333.9379454
3959098213,37f483c2,1750109331.8155453,3959098211.7157435,3959098213.6739426,3959098213.8023696,1750109334.016657
3959098215,73cc0ebb,1750109333.7703803,3959098213.670087,3959098215.5578766,3959098215.6937046,1750109335.861634
3959098215,73cc0ebb,1750109333.7703803,3959098213.670087,3959098215.5578766,3959098215.6937046,1750109335.9923968
3959098217,31166487,1750109335.6523063,3959098215.5544047,3959098217.5348396,3959098217.673098,1750109337.8179598
3959098217,31166487,1750109335.6523063,3959098215.5544047,3959098217.5348396,3959098217.673098,1750109337.8513644
3959098219,50931061,1750109337.6301985,3959098217.5348506,3959098219.409051,3959098219.551619,1750109339.6953187
3959098219,50931061,1750109337.6301985,3959098217.5348506,3959098219.409051,3959098219.551619,1750109339.7448106
3959098221,73cc0ebb,1750109339.5746949,3959098219.4752703,3959098221.3401475,3959098221.4692345,1750109341.6192932
3959098221,73cc0ebb,1750109339.5746949,3959098219.4752703,3959098221.3401475,3959098221.4692345,1750109341.7652066
3959098223,50931061,1750109341.4317713,3959098221.332456,3959098223.312628,3959098223.441014,1750109343.6846194
3959098223,50931061,1750109341.4317713,3959098221.332456,3959098223.312628,3959098223.441014,1750109343.8341436
3959098225,ce1630f2,1750109343.4014742,3959098223.306141,3959098225.1919494,3959098225.3466573,1750109345.5881343
3959098225,ce1630f2,1750109343.4014742,3959098223.306141,3959098225.1919494,3959098225.3466573,1750109346.1085749
3959098227,73cc0ebb,1750109345.2753663,3959098225.1836877,3959098227.1682796,3959098227.2993793,1750109347.443291
3959098227,73cc0ebb,1750109345.2753663,3959098225.1836877,3959098227.1682796,3959098227.2993793,1750109347.6457775
3959098229,73cc0ebb,1750109347.2490518,3959098227.1605215,3959098229.050498,3959098229.194157,1750109349.325381
3959098229,73cc0ebb,1750109347.2490518,3959098227.1605215,3959098229.050498,3959098229.194157,1750109349.4783893
3959098230,37f483c2,1750109349.1872735,3959098229.0872326,3959098230.944672,3959098231.13291,1750109351.3906524
3959098230,37f483c2,1750109349.1872735,3959098229.0872326,3959098230.944672,3959098231.13291,1750109351.624136
3959098232,50931061,1750109351.0381668,3959098230.938416,3959098232.826202,3959098232.9620657,1750109353.2058544
3959098232,50931061,1750109351.0381668,3959098230.938416,3959098232.826202,3959098232.9620657,1750109353.34604
3959098234,50931061,1750109352.9326746,3959098232.8350863,3959098234.6867547,3959098234.8441486,1750109354.9756305
3959098234,50931061,1750109352.9326746,3959098232.8350863,3959098234.6867547,3959098234.8441486,1750109355.1550794
3959098236,50931061,1750109354.7739906,3959098234.6773243,3959098236.6532173,3959098236.7971067,1750109356.9406807
3959098236,50931061,1750109354.7739906,3959098234.6773243,3959098236.6532173,3959098236.7971067,1750109357.1135194
3959098238,73cc0ebb,1750109356.7299383,3959098236.6374764,3959098238.5790863,3959098238.705104,1750109358.9367728
3959098238,73cc0ebb,1750109356.7299383,3959098236.6374764,3959098238.5790863,3959098238.705104,1750109359.0890841
3959098240,37f483c2,1750109358.7106798,3959098238.611621,3959098240.5094094,3959098240.6559563,1750109360.89915
3959098240,37f483c2,1750109358.7106798,3959098238.611621,3959098240.5094094,3959098240.6559563,1750109360.9484184
3959098242,50931061,1750109360.6050444,3959098240.511356,3959098242.4181542,3959098242.542844,1750109362.779632
3959098242,50931061,1750109360.6050444,3959098240.511356,3959098242.4181542,3959098242.542844,1750109362.9299333
3959098244,37f483c2,1750109362.496035,3959098242.410805,3959098244.3811865,3959098244.5339894,1750109364.7798269
3959098244,37f483c2,1750109362.496035,3959098242.410805,3959098244.3811865,3959098244.5339894,1750109364.9383185
3959098246,406fed66,1750109364.4605658,3959098244.371446,3959098246.3127165,3959098246.4669895,1750109366.6116114
3959098246,406fed66,1750109364.4605658,3959098244.371446,3959098246.3127165,3959098246.4669895,1750109366.7571776
3959098248,73cc0ebb,1750109366.435632,3959098246.3364654,3959098248.2216115,3959098248.361891,1750109368.4970748
3959098248,73cc0ebb,1750109366.435632,3959098246.3364654,3959098248.2216115,3959098248.361891,1750109368.6394684
3959098250,ce1630f2,1750109368.3256953,3959098248.2268457,3959098250.1528497,3959098250.2908387,1750109370.4209385
3959098250,ce1630f2,1750109368.3256953,3959098248.2268457,3959098250.1528497,3959098250.2908387,1750109370.4516802
3959098252,50931061,1750109370.2323449,3959098250.1476126,3959098252.117945,3959098252.2793612,1750109372.6370993
3959098252,50931061,1750109370.2323449,3959098250.1476126,3959098252.117945,3959098252.2793612,1750109372.759381
3959098254,50931061,1750109372.1992712,3959098252.1066737,3959098254.07005,3959098254.2077923,1750109374.337706
3959098254,50931061,1750109372.1992712,3959098252.1066737,3959098254.07005,3959098254.2077923,1750109374.4871056
3959098256,37f483c2,1750109374.2337542,3959098254.135265,3959098256.067919,3959098256.207493,1750109376.343288
3959098256,37f483c2,1750109374.2337542,3959098254.135265,3959098256.067919,3959098256.207493,1750109376.502517
3959098257,ce1630f2,1750109376.1458237,3959098256.05476,3959098257.9923453,3959098258.129973,1750109378.3047638
3959098257,ce1630f2,1750109376.1458237,3959098256.05476,3959098257.9923453,3959098258.129973,1750109378.6748316
3959098259,73cc0ebb,1750109378.0656466,3959098257.974889,3959098259.880213,3959098260.0181985,1750109380.2682137
3959098259,73cc0ebb,1750109378.0656466,3959098257.974889,3959098259.880213,3959098260.0181985,1750109380.3026896
3959098261,73cc0ebb,1750109379.9896452,3959098259.89181,3959098261.8324757,3959098261.965741,1750109382.2011588
3959098261,73cc0ebb,1750109379.9896452,3959098259.89181,3959098261.8324757,3959098261.965741,1750109382.359135
3959098263,ce1630f2,1750109381.9327862,3959098261.846406,3959098263.73789,3959098263.8641357,1750109384.002126
3959098263,ce1630f2,1750109381.9327862,3959098261.846406,3959098263.73789,3959098263.8641357,1750109384.0443513
3959098265,31166487,1750109383.825142,3959098263.7320313,3959098265.6424785,3959098265.778563,1750109386.0240376
3959098265,31166487,1750109383.825142,3959098263.7320313,3959098265.6424785,3959098265.778563,1750109386.061338
3959098267,31166487,1750109385.7261217,3959098265.6327395,3959098267.6335335,3959098267.787836,1750109387.9183533
3959098267,31166487,1750109385.7261217,3959098265.6327395,3959098267.6335335,3959098267.787836,1750109387.978407
3959098269,ce1630f2,1750109387.740639,3959098267.6432686,3959098269.465398,3959098269.59608,1750109389.7310047
3959098269,ce1630f2,1750109387.740639,3959098267.6432686,3959098269.465398,3959098269.59608,1750109389.8667262
3959098271,50931061,1750109389.5708442,3959098269.4725075,3959098271.446251,3959098271.597523,1750109391.729855
3959098271,50931061,1750109389.5708442,3959098269.4725075,3959098271.446251,3959098271.597523,1750109391.8604958
3959098273,406fed66,1750109391.528444,3959098271.4398127,3959098273.3213973,3959098273.4646187,1750109393.702139
3959098273,406fed66,1750109391.528444,3959098271.4398127,3959098273.3213973,3959098273.4646187,1750109393.8657134
3959098275,73cc0ebb,1750109393.3987575,3959098273.310888,3959098275.3104863,3959098275.4691358,1750109395.7070308
3959098275,73cc0ebb,1750109393.3987575,3959098273.310888,3959098275.3104863,3959098275.4691358,1750109395.7597928
3959098277,31166487,1750109395.409731,3959098275.322678,3959098277.178601,3959098277.3161435,1750109397.5489278
3959098277,31166487,1750109395.409731,3959098275.322678,3959098277.178601,3959098277.3161435,1750109397.5886695
3959098279,37f483c2,1750109397.271526,3959098277.174638,3959098279.078998,3959098279.208524,1750109399.3327236
3959098279,37f483c2,1750109397.271526,3959098277.174638,3959098279.078998,3959098279.208524,1750109399.4774756
3959098280,50931061,1750109399.1596508,3959098279.069189,3959098280.9537582,3959098281.072116,1750109401.21314
3959098280,50931061,1750109399.1596508,3959098279.069189,3959098280.9537582,3959098281.072116,1750109401.3606925
3959098282,50931061,1750109401.047681,3959098280.9520273,3959098282.902287,3959098283.0609555,1750109403.189728
3959098282,50931061,1750109401.047681,3959098280.9520273,3959098282.902287,3959098283.0609555,1750109403.3228774
3959098284,ce1630f2,1750109402.9876525,3959098282.8951893,3959098284.9796,3959098285.1052275,1750109405.233594
3959098284,ce1630f2,1750109402.9876525,3959098282.8951893,3959098284.9796,3959098285.1052275,1750109405.3731604
3959098286,ce1630f2,1750109405.0587118,3959098284.9682407,3959098286.97991,3959098287.111044,1750109407.2383833
3959098286,ce1630f2,1750109405.0587118,3959098284.9682407,3959098286.97991,3959098287.111044,1750109407.273293
3959098288,ce1630f2,1750109407.0560462,3959098286.9732757,3959098288.8933206,3959098289.034508,1750109409.1607854
3959098288,ce1630f2,1750109407.0560462,3959098286.9732757,3959098288.8933206,3959098289.034508,1750109409.2054129
3959098290,50931061,1750109409.0528677,3959098288.9578476,3959098290.891011,3959098291.0348773,1750109411.2709422
3959098290,50931061,1750109409.0528677,3959098288.9578476,3959098290.891011,3959098291.0348773,1750109411.397307
3959098292,50931061,1750109410.9657822,3959098290.877328,3959098292.7613006,3959098292.8950577,1750109413.0212424
3959098292,50931061,1750109410.9657822,3959098290.877328,3959098292.7613006,3959098292.8950577,1750109413.188197
3959098294,50931061,1750109412.873097,3959098292.7760305,3959098294.737263,3959098294.8803816,1750109415.0072584
3959098294,50931061,1750109412.873097,3959098292.7760305,3959098294.737263,3959098294.8803816,1750109415.1739728
3959098296,37f483c2,1750109414.9034746,3959098294.807366,3959098296.7765584,3959098296.9053297,1750109417.0324566
3959098296,37f483c2,1750109414.9034746,3959098294.807366,3959098296.7765584,3959098296.9053297,1750109417.173105
3959098298,406fed66,1750109416.849538,3959098296.7638702,3959098298.736897,3959098298.860716,1750109419.1108527
3959098298,406fed66,1750109416.849538,3959098296.7638702,3959098298.736897,3959098298.860716,1750109419.252014
3959098300,50931061,1750109418.8228893,3959098298.734704,3959098300.649686,3959098300.7813134,1750109420.9060426
3959098300,50931061,1750109418.8228893,3959098298.734704,3959098300.649686,3959098300.7813134,1750109420.9499395
3959098302,73cc0ebb,1750109420.751356,3959098300.656352,3959098302.586714,3959098302.747698,1750109422.9811378
3959098302,73cc0ebb,1750109420.751356,3959098300.656352,3959098302.586714,3959098302.747698,1750109423.117178
3959098304,ce1630f2,1750109422.703737,3959098302.6078753,3959098304.512262,3959098304.6967735,1750109424.9487083
3959098304,ce1630f2,1750109422.703737,3959098302.6078753,3959098304.512262,3959098304.6967735,1750109425.0950043
3959098306,37f483c2,1750109424.561878,3959098304.468795,3959098306.507869,3959098306.654366,1750109426.786765
3959098306,37f483c2,1750109424.561878,3959098304.468795,3959098306.507869,3959098306.654366,1750109426.8350217
3959098308,50931061,1750109426.587328,3959098306.491818,3959098308.4261007,3959098308.5800366,1750109428.8091125
3959098308,50931061,1750109426.587328,3959098306.491818,3959098308.4261007,3959098308.5800366,1750109428.9624164
3959098310,37f483c2,1750109428.515491,3959098308.4260674,3959098310.3031282,3959098310.4348555,1750109430.5627506
3959098310,37f483c2,1750109428.515491,3959098308.4260674,3959098310.3031282,3959098310.4348555,1750109430.6992166
3959098312,406fed66,1750109430.3879561,3959098310.295516,3959098312.200832,3959098312.4247327,1750109432.567188
3959098312,406fed66,1750109430.3879561,3959098310.295516,3959098312.200832,3959098312.4247327,1750109432.6907208
3959098314,73cc0ebb,1750109432.3303387,3959098312.248497,3959098314.1794076,3959098314.335524,1750109434.4660747
3959098314,73cc0ebb,1750109432.3303387,3959098312.248497,3959098314.1794076,3959098314.335524,1750109434.6422465
3959098316,50931061,1750109434.3285863,3959098314.239368,3959098316.183227,3959098316.332302,1750109436.4598083
3959098316,50931061,1750109434.3285863,3959098314.239368,3959098316.183227,3959098316.332302,1750109436.512985
3959098318,31166487,1750109436.265927,3959098316.1778855,3959098318.168661,3959098318.3013406,1750109438.4261422
3959098318,31166487,1750109436.265927,3959098316.1778855,3959098318.168661,3959098318.3013406,1750109438.4638681
3959098320,ce1630f2,1750109438.2444117,3959098318.1619844,3959098320.089111,3959098320.229869,1750109440.365953
3959098320,ce1630f2,1750109438.2444117,3959098318.1619844,3959098320.089111,3959098320.229869,1750109440.4049454
3959098322,406fed66,1750109440.2409165,3959098320.1468143,3959098322.151724,3959098322.2821875,1750109442.4109762
3959098322,406fed66,1750109440.2409165,3959098320.1468143,3959098322.151724,3959098322.2821875,1750109442.5428522
3959098324,73cc0ebb,1750109442.2890584,3959098322.1940355,3959098324.139376,3959098324.2953725,1750109444.4240553
3959098324,73cc0ebb,1750109442.2890584,3959098322.1940355,3959098324.139376,3959098324.2953725,1750109444.5670657
3959098326,37f483c2,1750109444.2580354,3959098324.162993,3959098326.1464696,3959098326.306327,1750109446.433493
3959098326,37f483c2,1750109444.2580354,3959098324.162993,3959098326.1464696,3959098326.306327,1750109446.570432
3959098328,50931061,1750109446.2192426,3959098326.138904,3959098328.306624,3959098328.4590507,1750109448.5854037
3959098328,50931061,1750109446.2192426,3959098326.138904,3959098328.306624,3959098328.4590507,1750109448.648853
3959098330,31166487,1750109448.3783147,3959098328.2975616,3959098330.2580295,3959098330.4492664,1750109450.5906563
3959098330,31166487,1750109448.3783147,3959098328.2975616,3959098330.2580295,3959098330.4492664,1750109450.7268963
3959098332,50931061,1750109450.3425503,3959098330.2492733,3959098332.1905937,3959098332.329688,1750109452.4576037
3959098332,50931061,1750109450.3425503,3959098330.2492733,3959098332.1905937,3959098332.329688,1750109452.6186082
3959098334,406fed66,1750109452.2769818,3959098332.185633,3959098334.1095843,3959098334.2767982,1750109454.4014013
3959098334,406fed66,1750109452.2769818,3959098332.185633,3959098334.1095843,3959098334.2767982,1750109454.4537423
3959098336,406fed66,1750109454.1904652,3959098334.102598,3959098336.0895386,3959098336.237742,1750109456.467588
3959098336,406fed66,1750109454.1904652,3959098334.102598,3959098336.0895386,3959098336.237742,1750109456.6854222
3959098338,50931061,1750109456.1674166,3959098336.085657,3959098338.2713366,3959098338.435038,1750109458.5613155
3959098338,50931061,1750109456.1674166,3959098336.085657,3959098338.2713366,3959098338.435038,1750109458.734698
3959098340,ce1630f2,1750109458.346889,3959098338.2618265,3959098340.4173284,3959098340.5601892,1750109460.6941676
3959098340,ce1630f2,1750109458.346889,3959098338.2618265,3959098340.4173284,3959098340.5601892,1750109460.7401772
3959098342,406fed66,1750109460.488316,3959098340.409526,3959098342.5264907,3959098342.687261,1750109462.814483
3959098342,406fed66,1750109460.488316,3959098340.409526,3959098342.5264907,3959098342.687261,1750109462.9708009
3959098344,31166487,1750109462.6344655,3959098342.5446177,3959098344.5836844,3959098344.769825,1750109464.898149
3959098344,31166487,1750109462.6344655,3959098342.5446177,3959098344.5836844,3959098344.769825,1750109465.097607
3959098346,406fed66,1750109464.6477394,3959098344.5634937,3959098346.7262964,3959098346.8739824,1750109466.9997904
3959098346,406fed66,1750109464.6477394,3959098344.5634937,3959098346.7262964,3959098346.8739824,1750109467.1399403
3959098348,50931061,1750109466.9084578,3959098346.815879,3959098348.806318,3959098348.9496803,1750109469.151185
3959098348,50931061,1750109466.9084578,3959098346.815879,3959098348.806318,3959098348.9496803,1750109469.2770457
3959098350,31166487,1750109468.8739343,3959098348.7829804,3959098350.6598988,3959098350.7928147,1750109470.917862
3959098350,31166487,1750109468.8739343,3959098348.7829804,3959098350.6598988,3959098350.7928147,1750109471.0893645
3959098352,31166487,1750109470.778495,3959098350.684613,3959098352.6522427,3959098352.9176364,1750109473.1939046
3959098352,31166487,1750109470.778495,3959098350.684613,3959098352.6522427,3959098352.9176364,1750109473.443543
3959098354,37f483c2,1750109472.7352796,3959098352.646611,3959098354.5945625,3959098354.866628,1750109475.1094725
3959098354,37f483c2,1750109472.7352796,3959098352.646611,3959098354.5945625,3959098354.866628,1750109475.2563987
3959098356,37f483c2,1750109474.7074947,3959098354.6148124,3959098356.581253,3959098356.787074,1750109477.050674
3959098356,37f483c2,1750109474.7074947,3959098354.6148124,3959098356.581253,3959098356.787074,1750109477.0981185
3959098358,50931061,1750109476.7221584,3959098356.62855,3959098358.577889,3959098358.7894874,1750109479.0897956
3959098358,50931061,1750109476.7221584,3959098356.62855,3959098358.577889,3959098358.7894874,1750109479.235896
3959098360,37f483c2,1750109478.6577573,3959098358.5694385,3959098360.5071683,3959098360.7694535,1750109481.05398
3959098360,37f483c2,1750109478.6577573,3959098358.5694385,3959098360.5071683,3959098360.7694535,1750109481.116911
3959098362,50931061,1750109480.6036508,3959098360.511024,3959098362.4238644,3959098362.611388,1750109482.9738228
3959098362,50931061,1750109480.6036508,3959098360.511024,3959098362.4238644,3959098362.611388,1750109483.2333395
