[
    {
        "client_id": 2,
        "round_no": 1,
        "training_time (secs)": "0:00:00.294311",
        "incremental_MSE_Min": 0.33524463661509035,
        "incremental_MSE_Median": 0.35569177246198636,
        "incremental_MSE_Max": 0.37804328840748447,
        "average_MSE": 0.35770463680872777,
        "round_threshold": 0.3780413273931129,
        "threshold": 0.35770463680872777,
        "model_round_trip": 1.267188549041748
    },
    {
        "client_id": 2,
        "round_no": 2,
        "training_time (secs)": "0:00:00.734907",
        "incremental_MSE_Min": 0.33524463661509035,
        "incremental_MSE_Median": 0.38170168339868144,
        "incremental_MSE_Max": 0.4063232148111848,
        "average_MSE": 0.3936627470942533,
        "round_threshold": 0.4062389023757043,
        "threshold": 0.37568369195149043,
        "model_round_trip": 2.713494300842285
    },
    {
        "client_id": 2,
        "round_no": 3,
        "training_time (secs)": "0:00:00.311525",
        "incremental_MSE_Min": 0.33524463661509035,
        "incremental_MSE_Median": 0.39231108580741514,
        "incremental_MSE_Max": 0.4153877655875438,
        "average_MSE": 0.4080990700613499,
        "round_threshold": 0.4153754688453068,
        "threshold": 0.38648881798811036,
        "model_round_trip": 0.22710895538330078
    },
    {
        "client_id": 2,
        "round_no": 4,
        "training_time (secs)": "0:00:00.429935",
        "incremental_MSE_Min": 0.33524463661509035,
        "incremental_MSE_Median": 0.3909552244420784,
        "incremental_MSE_Max": 0.4153877655875438,
        "average_MSE": 0.3913055878468662,
        "round_threshold": 0.3994873100806327,
        "threshold": 0.38769301045279925,
        "model_round_trip": 0.7677581310272217
    },
    {
        "client_id": 2,
        "round_no": 5,
        "training_time (secs)": "0:00:00.386739",
        "incremental_MSE_Min": 0.3096237288818967,
        "incremental_MSE_Median": 0.38914963840924877,
        "incremental_MSE_Max": 0.4153877655875438,
        "average_MSE": 0.31897818801464045,
        "round_threshold": 0.3241173544027037,
        "threshold": 0.3739500459651675,
        "model_round_trip": 0.17856216430664062
    },
    {
        "client_id": 2,
        "round_no": 6,
        "training_time (secs)": "0:00:00.713132",
        "incremental_MSE_Min": 0.24299540542111686,
        "incremental_MSE_Median": 0.38029655803910933,
        "incremental_MSE_Max": 0.4153877655875438,
        "average_MSE": 0.2462140606094978,
        "round_threshold": 0.24997384416840787,
        "threshold": 0.3526607150725559,
        "model_round_trip": 0.032445430755615234
    },
    {
        "client_id": 2,
        "round_no": 7,
        "training_time (secs)": "0:00:00.533921",
        "incremental_MSE_Min": 0.24299540542111686,
        "incremental_MSE_Median": 0.35569177246198636,
        "incremental_MSE_Max": 0.4153877655875438,
        "average_MSE": 0.27514555086477804,
        "round_threshold": 0.2772150348541931,
        "threshold": 0.3415871201857305,
        "model_round_trip": 0.29244399070739746
    },
    {
        "client_id": 2,
        "round_no": 8,
        "training_time (secs)": "0:00:00.387208",
        "incremental_MSE_Min": 0.22126562120357562,
        "incremental_MSE_Median": 0.32969780299653206,
        "incremental_MSE_Max": 0.4153877655875438,
        "average_MSE": 0.22384683985063486,
        "round_threshold": 0.2249737369823652,
        "threshold": 0.32686958514384357,
        "model_round_trip": 0.2811918258666992
    },
    {
        "client_id": 2,
        "round_no": 9,
        "training_time (secs)": "0:00:00.670900",
        "incremental_MSE_Min": 0.2084246690060491,
        "incremental_MSE_Median": 0.31955012393555493,
        "incremental_MSE_Max": 0.4153877655875438,
        "average_MSE": 0.21103491400787275,
        "round_threshold": 0.21677650179466645,
        "threshold": 0.3139990661287357,
        "model_round_trip": 0.2829456329345703
    },
    {
        "client_id": 2,
        "round_no": 10,
        "training_time (secs)": "0:00:00.716647",
        "incremental_MSE_Min": 0.2084246690060491,
        "incremental_MSE_Median": 0.2934210819792765,
        "incremental_MSE_Max": 0.4153877655875438,
        "average_MSE": 0.22622799695267742,
        "round_threshold": 0.2311260225496071,
        "threshold": 0.3052219592111299,
        "model_round_trip": 0.08212590217590332
    },
    {
        "client_id": 2,
        "round_no": 11,
        "training_time (secs)": "0:00:00.862917",
        "incremental_MSE_Min": 0.18803182411043176,
        "incremental_MSE_Median": 0.27485297251202195,
        "incremental_MSE_Max": 0.4153877655875438,
        "average_MSE": 0.19330690164754255,
        "round_threshold": 0.19832741483348465,
        "threshold": 0.29504786306898556,
        "model_round_trip": 0.054833173751831055
    },
    {
        "client_id": 2,
        "round_no": 12,
        "training_time (secs)": "0:00:00.693211",
        "incremental_MSE_Min": 0.1457990809513283,
        "incremental_MSE_Median": 0.2613634896222098,
        "incremental_MSE_Max": 0.4153877655875438,
        "average_MSE": 0.15016636964938435,
        "round_threshold": 0.15278868182506597,
        "threshold": 0.2829744052840188,
        "model_round_trip": 0.09268808364868164
    },
    {
        "client_id": 2,
        "round_no": 13,
        "training_time (secs)": "0:00:00.542228",
        "incremental_MSE_Min": 0.08432188774308666,
        "incremental_MSE_Median": 0.2460229098468708,
        "incremental_MSE_Max": 0.4153877655875438,
        "average_MSE": 0.0850415023749999,
        "round_threshold": 0.08548628519902964,
        "threshold": 0.2677487973679404,
        "model_round_trip": 0.39081811904907227
    },
    {
        "client_id": 2,
        "round_no": 14,
        "training_time (secs)": "0:00:00.829743",
        "incremental_MSE_Min": 0.03486305570796275,
        "incremental_MSE_Median": 0.23711211305197205,
        "incremental_MSE_Max": 0.4153877655875438,
        "average_MSE": 0.038923190405691525,
        "round_threshold": 0.04093483887237399,
        "threshold": 0.25140411115635125,
        "model_round_trip": 0.18329405784606934
    },
    {
        "client_id": 2,
        "round_no": 15,
        "training_time (secs)": "0:00:00.698649",
        "incremental_MSE_Min": 0.02913326029505368,
        "incremental_MSE_Median": 0.22644459177965848,
        "incremental_MSE_Max": 0.4153877655875438,
        "average_MSE": 0.032223324752658905,
        "round_threshold": 0.034221277722656346,
        "threshold": 0.23679205872943837,
        "model_round_trip": 0.22568440437316895
    },
    {
        "client_id": 2,
        "round_no": 16,
        "training_time (secs)": "0:00:00.651747",
        "incremental_MSE_Min": 0.017188365565596938,
        "incremental_MSE_Median": 0.22488790503868272,
        "incremental_MSE_Max": 0.4153877655875438,
        "average_MSE": 0.019599913449890864,
        "round_threshold": 0.020468164379323386,
        "threshold": 0.22321754964946666,
        "model_round_trip": 0.39276957511901855
    },
    {
        "client_id": 2,
        "round_no": 17,
        "training_time (secs)": "0:00:00.702569",
        "incremental_MSE_Min": 0.008605952939147198,
        "incremental_MSE_Median": 0.2238177460195549,
        "incremental_MSE_Max": 0.4153877655875438,
        "average_MSE": 0.010814633754413302,
        "round_threshold": 0.011318348173895898,
        "threshold": 0.21072326047916942,
        "model_round_trip": 0.07271003723144531
    },
    {
        "client_id": 2,
        "round_no": 18,
        "training_time (secs)": "0:00:00.720693",
        "incremental_MSE_Min": 0.003584947144126204,
        "incremental_MSE_Median": 0.21866552952554902,
        "incremental_MSE_Max": 0.4153877655875438,
        "average_MSE": 0.0047528885817740086,
        "round_threshold": 0.005633064191138386,
        "threshold": 0.19928046204042524,
        "model_round_trip": 0.2092905044555664
    },
    {
        "client_id": 2,
        "round_no": 19,
        "training_time (secs)": "0:00:00.758022",
        "incremental_MSE_Min": 0.002130260108382109,
        "incremental_MSE_Median": 0.21007265983515072,
        "incremental_MSE_Max": 0.4153877655875438,
        "average_MSE": 0.0032877706779792515,
        "round_threshold": 0.003974045864617618,
        "threshold": 0.18896505723187543,
        "model_round_trip": 0.10916781425476074
    },
    {
        "client_id": 2,
        "round_no": 20,
        "training_time (secs)": "0:00:00.633175",
        "incremental_MSE_Min": 0.0019582415316979056,
        "incremental_MSE_Median": 0.2034186720078006,
        "incremental_MSE_Max": 0.4153877655875438,
        "average_MSE": 0.003407064823943071,
        "round_threshold": 0.004381036075531472,
        "threshold": 0.1796871576114788,
        "model_round_trip": 0.3794422149658203
    },
    {
        "client_id": 2,
        "round_no": 21,
        "training_time (secs)": "0:00:00.631904",
        "incremental_MSE_Min": 0.0005981065446973602,
        "incremental_MSE_Median": 0.1936633059557239,
        "incremental_MSE_Max": 0.4153877655875438,
        "average_MSE": 0.0023733440775075046,
        "round_threshold": 0.004188709038576745,
        "threshold": 0.1712436426812897,
        "model_round_trip": 0.22754192352294922
    },
    {
        "client_id": 2,
        "round_no": 22,
        "training_time (secs)": "0:00:00.538959",
        "incremental_MSE_Min": 0.0005981065446973602,
        "incremental_MSE_Median": 0.17042629501589363,
        "incremental_MSE_Max": 0.4153877655875438,
        "average_MSE": 0.004138838799517567,
        "round_threshold": 0.00538205094041606,
        "threshold": 0.1636479697775728,
        "model_round_trip": 0.19336652755737305
    },
    {
        "client_id": 2,
        "round_no": 23,
        "training_time (secs)": "0:00:00.585252",
        "incremental_MSE_Min": 0.0005981065446973602,
        "incremental_MSE_Median": 0.15026875545042878,
        "incremental_MSE_Max": 0.4153877655875438,
        "average_MSE": 0.002832945118311044,
        "round_threshold": 0.004431493547031881,
        "threshold": 0.15665601218369182,
        "model_round_trip": 0.09632992744445801
    },
    {
        "client_id": 2,
        "round_no": 24,
        "training_time (secs)": "0:00:00.812207",
        "incremental_MSE_Min": 0.0005981065446973602,
        "incremental_MSE_Median": 0.1156465534228423,
        "incremental_MSE_Max": 0.4153877655875438,
        "average_MSE": 0.002910770908476458,
        "round_threshold": 0.004372680203579509,
        "threshold": 0.1502499604638912,
        "model_round_trip": 0.047213077545166016
    },
    {
        "client_id": 2,
        "round_no": 25,
        "training_time (secs)": "0:00:00.404110",
        "incremental_MSE_Min": 0.0005981065446973602,
        "incremental_MSE_Median": 0.0850835896209319,
        "incremental_MSE_Max": 0.4153877655875438,
        "average_MSE": 0.003932493979029939,
        "round_threshold": 0.008429427636591874,
        "threshold": 0.14439726180449675,
        "model_round_trip": 0.4518554210662842
    }
]