[
    {
        "client_id": 1,
        "round_no": 1,
        "training_time (secs)": "0:00:00.450916",
        "incremental_MSE_Min": 0.31606106891472496,
        "incremental_MSE_Median": 0.3226634376131932,
        "incremental_MSE_Max": 0.33527773386974474,
        "average_MSE": 0.3243368867107464,
        "round_threshold": 0.3352412571892341,
        "threshold": 0.3243368867107464,
        "model_round_trip": 1.5026261806488037
    },
    {
        "client_id": 1,
        "round_no": 2,
        "training_time (secs)": "0:00:00.616507",
        "incremental_MSE_Min": 0.31606106891472496,
        "incremental_MSE_Median": 0.3535818042515513,
        "incremental_MSE_Max": 0.3841423313759348,
        "average_MSE": 0.3790377362721541,
        "round_threshold": 0.3841315254959275,
        "threshold": 0.3516873114914503,
        "model_round_trip": 2.9072258472442627
    },
    {
        "client_id": 1,
        "round_no": 3,
        "training_time (secs)": "0:00:00.402218",
        "incremental_MSE_Min": 0.31606106891472496,
        "incremental_MSE_Median": 0.3779999341385124,
        "incremental_MSE_Max": 0.3946011646020236,
        "average_MSE": 0.3832307056733262,
        "round_threshold": 0.3945951532268566,
        "threshold": 0.3622017762187423,
        "model_round_trip": 0.44533753395080566
    },
    {
        "client_id": 1,
        "round_no": 4,
        "training_time (secs)": "0:00:00.564112",
        "incremental_MSE_Min": 0.31606106891472496,
        "incremental_MSE_Median": 0.37793314186956684,
        "incremental_MSE_Max": 0.3946011646020236,
        "average_MSE": 0.37767372274185584,
        "round_threshold": 0.3843506288735309,
        "threshold": 0.3660697628495206,
        "model_round_trip": 0.8698084354400635
    },
    {
        "client_id": 1,
        "round_no": 5,
        "training_time (secs)": "0:00:00.377597",
        "incremental_MSE_Min": 0.3089038617275566,
        "incremental_MSE_Median": 0.375398778041241,
        "incremental_MSE_Max": 0.3946011646020236,
        "average_MSE": 0.3123685994573077,
        "round_threshold": 0.314947321295737,
        "threshold": 0.35532953017107805,
        "model_round_trip": 0.3312408924102783
    },
    {
        "client_id": 1,
        "round_no": 6,
        "training_time (secs)": "0:00:00.587228",
        "incremental_MSE_Min": 0.2352141270507686,
        "incremental_MSE_Median": 0.3535818042515513,
        "incremental_MSE_Max": 0.3946011646020236,
        "average_MSE": 0.2404741725249563,
        "round_threshold": 0.24406821641293044,
        "threshold": 0.33618697056339114,
        "model_round_trip": 0.17052555084228516
    },
    {
        "client_id": 1,
        "round_no": 7,
        "training_time (secs)": "0:00:00.355563",
        "incremental_MSE_Min": 0.2352141270507686,
        "incremental_MSE_Median": 0.3226634376131932,
        "incremental_MSE_Max": 0.3946011646020236,
        "average_MSE": 0.2713686185512644,
        "round_threshold": 0.2730798475801803,
        "threshold": 0.32692720599023006,
        "model_round_trip": 0.5276594161987305
    },
    {
        "client_id": 1,
        "round_no": 8,
        "training_time (secs)": "0:00:00.604476",
        "incremental_MSE_Min": 0.21084126150348675,
        "incremental_MSE_Median": 0.31550619269173835,
        "incremental_MSE_Max": 0.3946011646020236,
        "average_MSE": 0.2196404655474132,
        "round_threshold": 0.22219029913690505,
        "threshold": 0.313516363434878,
        "model_round_trip": 0.09972620010375977
    },
    {
        "client_id": 1,
        "round_no": 9,
        "training_time (secs)": "0:00:00.682176",
        "incremental_MSE_Min": 0.20315142940857842,
        "incremental_MSE_Median": 0.3132792290322427,
        "incremental_MSE_Max": 0.3946011646020236,
        "average_MSE": 0.20760693780522277,
        "round_threshold": 0.20972890605511332,
        "threshold": 0.3017486494760274,
        "model_round_trip": 0.35495781898498535
    },
    {
        "client_id": 1,
        "round_no": 10,
        "training_time (secs)": "0:00:00.578076",
        "incremental_MSE_Min": 0.20315142940857842,
        "incremental_MSE_Median": 0.2909922940297134,
        "incremental_MSE_Max": 0.3946011646020236,
        "average_MSE": 0.2266161736262107,
        "round_threshold": 0.23546178663485867,
        "threshold": 0.29423540189104574,
        "model_round_trip": 0.2856299877166748
    },
    {
        "client_id": 1,
        "round_no": 11,
        "training_time (secs)": "0:00:00.593726",
        "incremental_MSE_Min": 0.19051702211504581,
        "incremental_MSE_Median": 0.2716795497132185,
        "incremental_MSE_Max": 0.3946011646020236,
        "average_MSE": 0.19293854030978985,
        "round_threshold": 0.19812880827505858,
        "threshold": 0.28502659629274973,
        "model_round_trip": 0.44115686416625977
    },
    {
        "client_id": 1,
        "round_no": 12,
        "training_time (secs)": "0:00:00.471385",
        "incremental_MSE_Min": 0.14708080311180136,
        "incremental_MSE_Median": 0.2559913877320703,
        "incremental_MSE_Max": 0.3946011646020236,
        "average_MSE": 0.15689238515382853,
        "round_threshold": 0.17386517494410922,
        "threshold": 0.2743487453645063,
        "model_round_trip": 0.39592909812927246
    },
    {
        "client_id": 1,
        "round_no": 13,
        "training_time (secs)": "0:00:00.404843",
        "incremental_MSE_Min": 0.08091647800399991,
        "incremental_MSE_Median": 0.24043088805494583,
        "incremental_MSE_Max": 0.3946011646020236,
        "average_MSE": 0.08505271462476924,
        "round_threshold": 0.09476917025350842,
        "threshold": 0.2597875122306805,
        "model_round_trip": 0.6358218193054199
    },
    {
        "client_id": 1,
        "round_no": 14,
        "training_time (secs)": "0:00:00.528737",
        "incremental_MSE_Min": 0.03457309120873619,
        "incremental_MSE_Median": 0.23535732985517757,
        "incremental_MSE_Max": 0.3946011646020236,
        "average_MSE": 0.037764307399497855,
        "round_threshold": 0.04104230510383874,
        "threshold": 0.24392871188559595,
        "model_round_trip": 0.4770059585571289
    },
    {
        "client_id": 1,
        "round_no": 15,
        "training_time (secs)": "0:00:00.715391",
        "incremental_MSE_Min": 0.028021640205829167,
        "incremental_MSE_Median": 0.22484284243507613,
        "incremental_MSE_Max": 0.3946011646020236,
        "average_MSE": 0.031651843357596944,
        "round_threshold": 0.03610423333505019,
        "threshold": 0.22977692065039598,
        "model_round_trip": 0.27278852462768555
    },
    {
        "client_id": 1,
        "round_no": 16,
        "training_time (secs)": "0:00:00.591846",
        "incremental_MSE_Min": 0.016228646885247226,
        "incremental_MSE_Median": 0.22248066066382696,
        "incremental_MSE_Max": 0.3946011646020236,
        "average_MSE": 0.018648526633393253,
        "round_threshold": 0.022784205419677215,
        "threshold": 0.2165813960243333,
        "model_round_trip": 0.5203714370727539
    },
    {
        "client_id": 1,
        "round_no": 17,
        "training_time (secs)": "0:00:00.736813",
        "incremental_MSE_Min": 0.00841256466413638,
        "incremental_MSE_Median": 0.22046279517720327,
        "incremental_MSE_Max": 0.3946011646020236,
        "average_MSE": 0.014132693788610933,
        "round_threshold": 0.02142012836052528,
        "threshold": 0.20467264883399672,
        "model_round_trip": 0.12100052833557129
    },
    {
        "client_id": 1,
        "round_no": 18,
        "training_time (secs)": "0:00:00.717952",
        "incremental_MSE_Min": 0.003831915516948977,
        "incremental_MSE_Median": 0.21028577658793385,
        "incremental_MSE_Max": 0.3946011646020236,
        "average_MSE": 0.006774320498602681,
        "round_threshold": 0.011144130712523166,
        "threshold": 0.19367829725980815,
        "model_round_trip": 0.2240428924560547
    },
    {
        "client_id": 1,
        "round_no": 19,
        "training_time (secs)": "0:00:00.840994",
        "incremental_MSE_Min": 0.001829331266513354,
        "incremental_MSE_Median": 0.2085289271926838,
        "incremental_MSE_Max": 0.3946011646020236,
        "average_MSE": 0.005690947420790759,
        "round_threshold": 0.016790001080758725,
        "threshold": 0.18378422621564935,
        "model_round_trip": 0.046842336654663086
    },
    {
        "client_id": 1,
        "round_no": 20,
        "training_time (secs)": "0:00:00.777185",
        "incremental_MSE_Min": 0.0017465369173711221,
        "incremental_MSE_Median": 0.20065468514857182,
        "incremental_MSE_Max": 0.3946011646020236,
        "average_MSE": 0.0036515937890966225,
        "round_threshold": 0.008205809973038516,
        "threshold": 0.1747775945943217,
        "model_round_trip": 0.26237916946411133
    },
    {
        "client_id": 1,
        "round_no": 21,
        "training_time (secs)": "0:00:00.751220",
        "incremental_MSE_Min": 0.00043670059688856667,
        "incremental_MSE_Median": 0.19179137233565705,
        "incremental_MSE_Max": 0.3946011646020236,
        "average_MSE": 0.0019361721140168562,
        "round_threshold": 0.0029541500533472086,
        "threshold": 0.16654705066668812,
        "model_round_trip": 0.20268034934997559
    },
    {
        "client_id": 1,
        "round_no": 22,
        "training_time (secs)": "0:00:00.566212",
        "incremental_MSE_Min": 0.00043670059688856667,
        "incremental_MSE_Median": 0.18219357475420794,
        "incremental_MSE_Max": 0.3946011646020236,
        "average_MSE": 0.005214321429893639,
        "round_threshold": 0.014211119705534998,
        "threshold": 0.1592137447922884,
        "model_round_trip": 0.3295600414276123
    },
    {
        "client_id": 1,
        "round_no": 23,
        "training_time (secs)": "0:00:00.495399",
        "incremental_MSE_Min": 0.00043670059688856667,
        "incremental_MSE_Median": 0.15625877586470793,
        "incremental_MSE_Max": 0.3946011646020236,
        "average_MSE": 0.0026725891372005907,
        "round_threshold": 0.008810718014714194,
        "threshold": 0.15240760758989327,
        "model_round_trip": 0.20544672012329102
    },
    {
        "client_id": 1,
        "round_no": 24,
        "training_time (secs)": "0:00:00.674975",
        "incremental_MSE_Min": 0.00043670059688856667,
        "incremental_MSE_Median": 0.12098034766213592,
        "incremental_MSE_Max": 0.3946011646020236,
        "average_MSE": 0.0018308489343105293,
        "round_threshold": 0.0034956817615504105,
        "threshold": 0.14613357597924398,
        "model_round_trip": 0.2341628074645996
    },
    {
        "client_id": 1,
        "round_no": 25,
        "training_time (secs)": "0:00:00.607765",
        "incremental_MSE_Min": 0.00043670059688856667,
        "incremental_MSE_Median": 0.084248362934916,
        "incremental_MSE_Max": 0.3946011646020236,
        "average_MSE": 0.0025268609587747516,
        "round_threshold": 0.004980956504588184,
        "threshold": 0.14038930737842523,
        "model_round_trip": 0.3106846809387207
    }
]