{
    "losses_distributed": {
        "1": [
            1,
            1.8705272555351258
        ],
        "2": [
            2,
            0.9861963272094727
        ],
        "3": [
            3,
            0.8410347461700439
        ],
        "4": [
            4,
            0.7572286903858185
        ],
        "5": [
            5,
            0.7414652228355407
        ],
        "6": [
            6,
            0.7056735396385193
        ],
        "7": [
            7,
            0.693656712770462
        ],
        "8": [
            8,
            0.678618061542511
        ],
        "9": [
            9,
            0.6538936376571656
        ],
        "10": [
            10,
            0.6689401686191558
        ],
        "11": [
            11,
            0.6290312945842743
        ],
        "12": [
            12,
            0.6161443680524826
        ],
        "13": [
            13,
            0.6067997336387634
        ],
        "14": [
            14,
            0.5982093185186386
        ],
        "15": [
            15,
            0.5861472159624099
        ]
    },
    "metrics_distributed_fit": {
        "FL_loss": [
            [
                1,
                1.8188162044787344
            ],
            [
                2,
                0.9979908874858936
            ],
            [
                3,
                0.7170125500768603
            ],
            [
                4,
                0.639936515877463
            ],
            [
                5,
                0.6039833296180623
            ],
            [
                6,
                0.5763899292730585
            ],
            [
                7,
                0.5569523445035454
            ],
            [
                8,
                0.5390420725905345
            ],
            [
                9,
                0.5269448708470736
            ],
            [
                10,
                0.5152341390302333
            ],
            [
                11,
                0.5015348465144644
            ],
            [
                12,
                0.4938204195035817
            ],
            [
                13,
                0.4842500602436949
            ],
            [
                14,
                0.4752432197549564
            ],
            [
                15,
                0.46734694111907127
            ]
        ],
        "FL_accuracy": [
            [
                1,
                0.39100374600493354
            ],
            [
                2,
                0.6749854004376853
            ],
            [
                3,
                0.7471206822751304
            ],
            [
                4,
                0.7715929283687996
            ],
            [
                5,
                0.7847438801056452
            ],
            [
                6,
                0.7923236840227263
            ],
            [
                7,
                0.7976776921380347
            ],
            [
                8,
                0.8062526477512899
            ],
            [
                9,
                0.8080123555836801
            ],
            [
                10,
                0.8123578422105131
            ],
            [
                11,
                0.8194584178974141
            ],
            [
                12,
                0.8214193664090855
            ],
            [
                13,
                0.8235534481577551
            ],
            [
                14,
                0.8283747206297057
            ],
            [
                15,
                0.8311912275442193
            ]
        ]
    },
    "metrics_distributed": {
        "FL_accuracy": [
            [
                1,
                0.0
            ],
            [
                2,
                0.0
            ],
            [
                3,
                0.0
            ],
            [
                4,
                0.0
            ],
            [
                5,
                0.0
            ],
            [
                6,
                0.0
            ],
            [
                7,
                0.0
            ],
            [
                8,
                0.0
            ],
            [
                9,
                0.0
            ],
            [
                10,
                0.0
            ],
            [
                11,
                0.0
            ],
            [
                12,
                0.0
            ],
            [
                13,
                0.0
            ],
            [
                14,
                0.0
            ],
            [
                15,
                0.0
            ]
        ]
    },
    "FL_loss": {
        "1": 1.8188162044787344,
        "2": 0.9979908874858936,
        "3": 0.7170125500768603,
        "4": 0.639936515877463,
        "5": 0.6039833296180623,
        "6": 0.5763899292730585,
        "7": 0.5569523445035454,
        "8": 0.5390420725905345,
        "9": 0.5269448708470736,
        "10": 0.5152341390302333,
        "11": 0.5015348465144644,
        "12": 0.4938204195035817,
        "13": 0.4842500602436949,
        "14": 0.4752432197549564,
        "15": 0.46734694111907127
    },
    "FL_accuracy": {
        "1": 0.39100374600493354,
        "2": 0.6749854004376853,
        "3": 0.7471206822751304,
        "4": 0.7715929283687996,
        "5": 0.7847438801056452,
        "6": 0.7923236840227263,
        "7": 0.7976776921380347,
        "8": 0.8062526477512899,
        "9": 0.8080123555836801,
        "10": 0.8123578422105131,
        "11": 0.8194584178974141,
        "12": 0.8214193664090855,
        "13": 0.8235534481577551,
        "14": 0.8283747206297057,
        "15": 0.8311912275442193
    }
}