{
    "losses_distributed": {
        "1": [
            1,
            1.8705272436141969
        ],
        "2": [
            2,
            0.986195546388626
        ],
        "3": [
            3,
            0.8404174625873566
        ],
        "4": [
            4,
            0.7573245346546174
        ],
        "5": [
            5,
            0.7420497596263885
        ],
        "6": [
            6,
            0.7059833586215973
        ],
        "7": [
            7,
            0.6937512397766114
        ],
        "8": [
            8,
            0.6793012201786042
        ],
        "9": [
            9,
            0.6549526572227478
        ],
        "10": [
            10,
            0.6734644055366517
        ],
        "11": [
            11,
            0.6286311209201813
        ],
        "12": [
            12,
            0.6162238627672195
        ],
        "13": [
            13,
            0.6059604227542877
        ],
        "14": [
            14,
            0.5992618024349212
        ],
        "15": [
            15,
            0.585381481051445
        ]
    },
    "metrics_distributed_fit": {
        "FL_loss": [
            [
                1,
                1.8188162044787344
            ],
            [
                2,
                0.9979908352112824
            ],
            [
                3,
                0.7170144659723519
            ],
            [
                4,
                0.6399208174844074
            ],
            [
                5,
                0.604181619793408
            ],
            [
                6,
                0.5763355360231985
            ],
            [
                7,
                0.5572842981084463
            ],
            [
                8,
                0.5389588070194592
            ],
            [
                9,
                0.527111501750894
            ],
            [
                10,
                0.515225591627912
            ],
            [
                11,
                0.5016080394452034
            ],
            [
                12,
                0.4937923689718306
            ],
            [
                13,
                0.4841517907897404
            ],
            [
                14,
                0.4754137811261181
            ],
            [
                15,
                0.46735718482702315
            ]
        ],
        "FL_accuracy": [
            [
                1,
                0.39100374600493365
            ],
            [
                2,
                0.6749854004376853
            ],
            [
                3,
                0.7468962800057495
            ],
            [
                4,
                0.771661330411221
            ],
            [
                5,
                0.7846222074074433
            ],
            [
                6,
                0.79225429602921
            ],
            [
                7,
                0.7978378531097503
            ],
            [
                8,
                0.8064709165829044
            ],
            [
                9,
                0.807658354232357
            ],
            [
                10,
                0.8126016984512848
            ],
            [
                11,
                0.8194735723984785
            ],
            [
                12,
                0.821659613234252
            ],
            [
                13,
                0.8236610496558869
            ],
            [
                14,
                0.828708648237399
            ],
            [
                15,
                0.8314427425230677
            ]
        ]
    },
    "metrics_distributed": {
        "FL_accuracy": [
            [
                1,
                0.0
            ],
            [
                2,
                0.0
            ],
            [
                3,
                0.0
            ],
            [
                4,
                0.0
            ],
            [
                5,
                0.0
            ],
            [
                6,
                0.0
            ],
            [
                7,
                0.0
            ],
            [
                8,
                0.0
            ],
            [
                9,
                0.0
            ],
            [
                10,
                0.0
            ],
            [
                11,
                0.0
            ],
            [
                12,
                0.0
            ],
            [
                13,
                0.0
            ],
            [
                14,
                0.0
            ],
            [
                15,
                0.0
            ]
        ]
    },
    "FL_loss": {
        "1": 1.8188162044787344,
        "2": 0.9979908352112824,
        "3": 0.7170144659723519,
        "4": 0.6399208174844074,
        "5": 0.604181619793408,
        "6": 0.5763355360231985,
        "7": 0.5572842981084463,
        "8": 0.5389588070194592,
        "9": 0.527111501750894,
        "10": 0.515225591627912,
        "11": 0.5016080394452034,
        "12": 0.4937923689718306,
        "13": 0.4841517907897404,
        "14": 0.4754137811261181,
        "15": 0.46735718482702315
    },
    "FL_accuracy": {
        "1": 0.39100374600493365,
        "2": 0.6749854004376853,
        "3": 0.7468962800057495,
        "4": 0.771661330411221,
        "5": 0.7846222074074433,
        "6": 0.79225429602921,
        "7": 0.7978378531097503,
        "8": 0.8064709165829044,
        "9": 0.807658354232357,
        "10": 0.8126016984512848,
        "11": 0.8194735723984785,
        "12": 0.821659613234252,
        "13": 0.8236610496558869,
        "14": 0.828708648237399,
        "15": 0.8314427425230677
    }
}