{
    "losses_distributed": {
        "1": [
            1,
            1.8705272316932677
        ],
        "2": [
            2,
            0.986195731163025
        ],
        "3": [
            3,
            0.8401582300662994
        ],
        "4": [
            4,
            0.7571851670742035
        ],
        "5": [
            5,
            0.7420244097709656
        ],
        "6": [
            6,
            0.7058243334293366
        ],
        "7": [
            7,
            0.6943203926086425
        ],
        "8": [
            8,
            0.6796580791473389
        ],
        "9": [
            9,
            0.6541560351848602
        ],
        "10": [
            10,
            0.6718972504138947
        ],
        "11": [
            11,
            0.6281321942806244
        ],
        "12": [
            12,
            0.6160166978836059
        ],
        "13": [
            13,
            0.6066542387008667
        ],
        "14": [
            14,
            0.5995629638433456
        ],
        "15": [
            15,
            0.584537923336029
        ]
    },
    "metrics_distributed_fit": {
        "FL_loss": [
            [
                1,
                1.8188162044787348
            ],
            [
                2,
                0.9979908245404758
            ],
            [
                3,
                0.716986967945136
            ],
            [
                4,
                0.6399787463704845
            ],
            [
                5,
                0.6040912354675028
            ],
            [
                6,
                0.5763674618478538
            ],
            [
                7,
                0.5572524686190087
            ],
            [
                8,
                0.5388445072373356
            ],
            [
                9,
                0.527261666667906
            ],
            [
                10,
                0.5150908774759869
            ],
            [
                11,
                0.5015733147396813
            ],
            [
                12,
                0.49383718904619756
            ],
            [
                13,
                0.4842365467077453
            ],
            [
                14,
                0.47542224660433624
            ],
            [
                15,
                0.467166580400537
            ]
        ],
        "FL_accuracy": [
            [
                1,
                0.3910037460049336
            ],
            [
                2,
                0.6749854004376854
            ],
            [
                3,
                0.7469177319387049
            ],
            [
                4,
                0.7712563949334061
            ],
            [
                5,
                0.7844583875558254
            ],
            [
                6,
                0.7919493192605767
            ],
            [
                7,
                0.7973215409991252
            ],
            [
                8,
                0.8063534344304208
            ],
            [
                9,
                0.8079126717774094
            ],
            [
                10,
                0.8126581239812468
            ],
            [
                11,
                0.8189482726482649
            ],
            [
                12,
                0.8214660730423422
            ],
            [
                13,
                0.8236031761974842
            ],
            [
                14,
                0.828955754835069
            ],
            [
                15,
                0.8319015086076618
            ]
        ]
    },
    "metrics_distributed": {
        "FL_accuracy": [
            [
                1,
                0.0
            ],
            [
                2,
                0.0
            ],
            [
                3,
                0.0
            ],
            [
                4,
                0.0
            ],
            [
                5,
                0.0
            ],
            [
                6,
                0.0
            ],
            [
                7,
                0.0
            ],
            [
                8,
                0.0
            ],
            [
                9,
                0.0
            ],
            [
                10,
                0.0
            ],
            [
                11,
                0.0
            ],
            [
                12,
                0.0
            ],
            [
                13,
                0.0
            ],
            [
                14,
                0.0
            ],
            [
                15,
                0.0
            ]
        ]
    },
    "FL_loss": {
        "1": 1.8188162044787348,
        "2": 0.9979908245404758,
        "3": 0.716986967945136,
        "4": 0.6399787463704845,
        "5": 0.6040912354675028,
        "6": 0.5763674618478538,
        "7": 0.5572524686190087,
        "8": 0.5388445072373356,
        "9": 0.527261666667906,
        "10": 0.5150908774759869,
        "11": 0.5015733147396813,
        "12": 0.49383718904619756,
        "13": 0.4842365467077453,
        "14": 0.47542224660433624,
        "15": 0.467166580400537
    },
    "FL_accuracy": {
        "1": 0.3910037460049336,
        "2": 0.6749854004376854,
        "3": 0.7469177319387049,
        "4": 0.7712563949334061,
        "5": 0.7844583875558254,
        "6": 0.7919493192605767,
        "7": 0.7973215409991252,
        "8": 0.8063534344304208,
        "9": 0.8079126717774094,
        "10": 0.8126581239812468,
        "11": 0.8189482726482649,
        "12": 0.8214660730423422,
        "13": 0.8236031761974842,
        "14": 0.828955754835069,
        "15": 0.8319015086076618
    }
}