{
    "losses_distributed": {
        "1": [
            1,
            1.675656223297119
        ],
        "2": [
            2,
            0.9406267523765564
        ],
        "3": [
            3,
            0.7475987076759338
        ],
        "4": [
            4,
            0.6936792254447937
        ],
        "5": [
            5,
            0.6453281998634338
        ],
        "6": [
            6,
            0.6209188222885131
        ],
        "7": [
            7,
            0.6271430969238281
        ],
        "8": [
            8,
            0.5790005326271057
        ],
        "9": [
            9,
            0.5710177898406983
        ],
        "10": [
            10,
            0.5907954573631287
        ],
        "11": [
            11,
            0.5364836573600769
        ],
        "12": [
            12,
            0.5334777355194091
        ],
        "13": [
            13,
            0.5227154612541198
        ],
        "14": [
            14,
            0.5197819709777832
        ],
        "15": [
            15,
            0.4855551838874817
        ]
    },
    "metrics_distributed_fit": {
        "FL_loss": [
            [
                1,
                1.718959951811868
            ],
            [
                2,
                0.8325939121470135
            ],
            [
                3,
                0.6139284519022823
            ],
            [
                4,
                0.5497064225868687
            ],
            [
                5,
                0.5143597096137984
            ],
            [
                6,
                0.4935141536708311
            ],
            [
                7,
                0.47210755611783234
            ],
            [
                8,
                0.4566556931190292
            ],
            [
                9,
                0.44415831942031525
            ],
            [
                10,
                0.43495644219177276
            ],
            [
                11,
                0.42347198393932717
            ],
            [
                12,
                0.4160703016577858
            ],
            [
                13,
                0.40488457983690396
            ],
            [
                14,
                0.3958776790515134
            ],
            [
                15,
                0.38831678323960583
            ]
        ],
        "FL_accuracy": [
            [
                1,
                0.4395210725378306
            ],
            [
                2,
                0.7354617861400317
            ],
            [
                3,
                0.7893225880958934
            ],
            [
                4,
                0.8099695041610031
            ],
            [
                5,
                0.8206381963644832
            ],
            [
                6,
                0.8274360418919144
            ],
            [
                7,
                0.8341646799695098
            ],
            [
                8,
                0.839993370379837
            ],
            [
                9,
                0.8437138477600339
            ],
            [
                10,
                0.8458855228742308
            ],
            [
                11,
                0.8513764671127646
            ],
            [
                12,
                0.8537642898078313
            ],
            [
                13,
                0.8582506793631918
            ],
            [
                14,
                0.861275444624732
            ],
            [
                15,
                0.8642905253058764
            ]
        ]
    },
    "metrics_distributed": {
        "FL_accuracy": [
            [
                1,
                0.0
            ],
            [
                2,
                0.0
            ],
            [
                3,
                0.0
            ],
            [
                4,
                0.0
            ],
            [
                5,
                0.0
            ],
            [
                6,
                0.0
            ],
            [
                7,
                0.0
            ],
            [
                8,
                0.0
            ],
            [
                9,
                0.0
            ],
            [
                10,
                0.0
            ],
            [
                11,
                0.0
            ],
            [
                12,
                0.0
            ],
            [
                13,
                0.0
            ],
            [
                14,
                0.0
            ],
            [
                15,
                0.0
            ]
        ]
    },
    "FL_loss": {
        "1": 1.718959951811868,
        "2": 0.8325939121470135,
        "3": 0.6139284519022823,
        "4": 0.5497064225868687,
        "5": 0.5143597096137984,
        "6": 0.4935141536708311,
        "7": 0.47210755611783234,
        "8": 0.4566556931190292,
        "9": 0.44415831942031525,
        "10": 0.43495644219177276,
        "11": 0.42347198393932717,
        "12": 0.4160703016577858,
        "13": 0.40488457983690396,
        "14": 0.3958776790515134,
        "15": 0.38831678323960583
    },
    "FL_accuracy": {
        "1": 0.4395210725378306,
        "2": 0.7354617861400317,
        "3": 0.7893225880958934,
        "4": 0.8099695041610031,
        "5": 0.8206381963644832,
        "6": 0.8274360418919144,
        "7": 0.8341646799695098,
        "8": 0.839993370379837,
        "9": 0.8437138477600339,
        "10": 0.8458855228742308,
        "11": 0.8513764671127646,
        "12": 0.8537642898078313,
        "13": 0.8582506793631918,
        "14": 0.861275444624732,
        "15": 0.8642905253058764
    }
}