{
    "losses_distributed": {
        "1": [
            1,
            1.8705272793769836
        ],
        "2": [
            2,
            0.9862600147724152
        ],
        "3": [
            3,
            0.8401905596256256
        ],
        "4": [
            4,
            0.7570498645305633
        ],
        "5": [
            5,
            0.7422908425331116
        ],
        "6": [
            6,
            0.7058998286724091
        ],
        "7": [
            7,
            0.6935823738574982
        ],
        "8": [
            8,
            0.6789597630500793
        ],
        "9": [
            9,
            0.6539815843105317
        ],
        "10": [
            10,
            0.6724876463413239
        ],
        "11": [
            11,
            0.6282742559909821
        ],
        "12": [
            12,
            0.6154481470584869
        ],
        "13": [
            13,
            0.6062182307243347
        ],
        "14": [
            14,
            0.598647728562355
        ],
        "15": [
            15,
            0.5867233663797379
        ]
    },
    "metrics_distributed_fit": {
        "FL_loss": [
            [
                1,
                1.8188162044787348
            ],
            [
                2,
                0.9979809740374688
            ],
            [
                3,
                0.7169610353672422
            ],
            [
                4,
                0.63985963256099
            ],
            [
                5,
                0.6039822598008928
            ],
            [
                6,
                0.5763122683040126
            ],
            [
                7,
                0.5572093388750832
            ],
            [
                8,
                0.5388344766503156
            ],
            [
                9,
                0.527144239445365
            ],
            [
                10,
                0.5151545848942968
            ],
            [
                11,
                0.5014736666212142
            ],
            [
                12,
                0.49377658128585733
            ],
            [
                13,
                0.4841497341683114
            ],
            [
                14,
                0.47519195536848524
            ],
            [
                15,
                0.46719961592369846
            ]
        ],
        "FL_accuracy": [
            [
                1,
                0.39100374600493365
            ],
            [
                2,
                0.6749699157675086
            ],
            [
                3,
                0.746906219960797
            ],
            [
                4,
                0.771448095285438
            ],
            [
                5,
                0.7846640191043073
            ],
            [
                6,
                0.7926830155142384
            ],
            [
                7,
                0.7972310840920405
            ],
            [
                8,
                0.8062338093979176
            ],
            [
                9,
                0.8081421629633724
            ],
            [
                10,
                0.8129105019707807
            ],
            [
                11,
                0.8190096134080337
            ],
            [
                12,
                0.821391335241999
            ],
            [
                13,
                0.8234595138885306
            ],
            [
                14,
                0.8287496429887173
            ],
            [
                15,
                0.8316261044913708
            ]
        ]
    },
    "metrics_distributed": {
        "FL_accuracy": [
            [
                1,
                0.0
            ],
            [
                2,
                0.0
            ],
            [
                3,
                0.0
            ],
            [
                4,
                0.0
            ],
            [
                5,
                0.0
            ],
            [
                6,
                0.0
            ],
            [
                7,
                0.0
            ],
            [
                8,
                0.0
            ],
            [
                9,
                0.0
            ],
            [
                10,
                0.0
            ],
            [
                11,
                0.0
            ],
            [
                12,
                0.0
            ],
            [
                13,
                0.0
            ],
            [
                14,
                0.0
            ],
            [
                15,
                0.0
            ]
        ]
    },
    "FL_loss": {
        "1": 1.8188162044787348,
        "2": 0.9979809740374688,
        "3": 0.7169610353672422,
        "4": 0.63985963256099,
        "5": 0.6039822598008928,
        "6": 0.5763122683040126,
        "7": 0.5572093388750832,
        "8": 0.5388344766503156,
        "9": 0.527144239445365,
        "10": 0.5151545848942968,
        "11": 0.5014736666212142,
        "12": 0.49377658128585733,
        "13": 0.4841497341683114,
        "14": 0.47519195536848524,
        "15": 0.46719961592369846
    },
    "FL_accuracy": {
        "1": 0.39100374600493365,
        "2": 0.6749699157675086,
        "3": 0.746906219960797,
        "4": 0.771448095285438,
        "5": 0.7846640191043073,
        "6": 0.7926830155142384,
        "7": 0.7972310840920405,
        "8": 0.8062338093979176,
        "9": 0.8081421629633724,
        "10": 0.8129105019707807,
        "11": 0.8190096134080337,
        "12": 0.821391335241999,
        "13": 0.8234595138885306,
        "14": 0.8287496429887173,
        "15": 0.8316261044913708
    }
}