{
    "losses_distributed": {
        "1": [
            1,
            1.8705272555351258
        ],
        "2": [
            2,
            0.9862582564353943
        ],
        "3": [
            3,
            0.8408776819705963
        ],
        "4": [
            4,
            0.757467794418335
        ],
        "5": [
            5,
            0.7422425031661988
        ],
        "6": [
            6,
            0.7058472752571106
        ],
        "7": [
            7,
            0.6935426533222199
        ],
        "8": [
            8,
            0.6789037644863128
        ],
        "9": [
            9,
            0.6541092276573182
        ],
        "10": [
            10,
            0.6721055984497071
        ],
        "11": [
            11,
            0.6287368834018707
        ],
        "12": [
            12,
            0.6163399875164032
        ],
        "13": [
            13,
            0.6062495291233063
        ],
        "14": [
            14,
            0.5987627357244492
        ],
        "15": [
            15,
            0.5852602958679199
        ]
    },
    "metrics_distributed_fit": {
        "FL_loss": [
            [
                1,
                1.8188162044787344
            ],
            [
                2,
                0.9979809281419868
            ],
            [
                3,
                0.7169720952870311
            ],
            [
                4,
                0.6398894801496363
            ],
            [
                5,
                0.6040486946722289
            ],
            [
                6,
                0.5764496292922028
            ],
            [
                7,
                0.5572480968009553
            ],
            [
                8,
                0.5388980218268143
            ],
            [
                9,
                0.5271173132796202
            ],
            [
                10,
                0.5151583286469338
            ],
            [
                11,
                0.5014961853445541
            ],
            [
                12,
                0.4938131191647363
            ],
            [
                13,
                0.48408437088343675
            ],
            [
                14,
                0.47527477636054877
            ],
            [
                15,
                0.4671569814246645
            ]
        ],
        "FL_accuracy": [
            [
                1,
                0.39100374600493354
            ],
            [
                2,
                0.6749699157675088
            ],
            [
                3,
                0.7470176326204838
            ],
            [
                4,
                0.7716102764303605
            ],
            [
                5,
                0.7846080638401427
            ],
            [
                6,
                0.7921363187538649
            ],
            [
                7,
                0.7974167569904761
            ],
            [
                8,
                0.8064333600248597
            ],
            [
                9,
                0.8082465809171293
            ],
            [
                10,
                0.8125421371596735
            ],
            [
                11,
                0.8188751617252713
            ],
            [
                12,
                0.8216758694036516
            ],
            [
                13,
                0.823646231055051
            ],
            [
                14,
                0.8288289512234673
            ],
            [
                15,
                0.83157423267657
            ]
        ]
    },
    "metrics_distributed": {
        "FL_accuracy": [
            [
                1,
                0.0
            ],
            [
                2,
                0.0
            ],
            [
                3,
                0.0
            ],
            [
                4,
                0.0
            ],
            [
                5,
                0.0
            ],
            [
                6,
                0.0
            ],
            [
                7,
                0.0
            ],
            [
                8,
                0.0
            ],
            [
                9,
                0.0
            ],
            [
                10,
                0.0
            ],
            [
                11,
                0.0
            ],
            [
                12,
                0.0
            ],
            [
                13,
                0.0
            ],
            [
                14,
                0.0
            ],
            [
                15,
                0.0
            ]
        ]
    },
    "FL_loss": {
        "1": 1.8188162044787344,
        "2": 0.9979809281419868,
        "3": 0.7169720952870311,
        "4": 0.6398894801496363,
        "5": 0.6040486946722289,
        "6": 0.5764496292922028,
        "7": 0.5572480968009553,
        "8": 0.5388980218268143,
        "9": 0.5271173132796202,
        "10": 0.5151583286469338,
        "11": 0.5014961853445541,
        "12": 0.4938131191647363,
        "13": 0.48408437088343675,
        "14": 0.47527477636054877,
        "15": 0.4671569814246645
    },
    "FL_accuracy": {
        "1": 0.39100374600493354,
        "2": 0.6749699157675088,
        "3": 0.7470176326204838,
        "4": 0.7716102764303605,
        "5": 0.7846080638401427,
        "6": 0.7921363187538649,
        "7": 0.7974167569904761,
        "8": 0.8064333600248597,
        "9": 0.8082465809171293,
        "10": 0.8125421371596735,
        "11": 0.8188751617252713,
        "12": 0.8216758694036516,
        "13": 0.823646231055051,
        "14": 0.8288289512234673,
        "15": 0.83157423267657
    }
}