{
    "losses_distributed": {
        "1": [
            1,
            1.8705272674560547
        ],
        "2": [
            2,
            0.986196106672287
        ],
        "3": [
            3,
            0.8411869049072266
        ],
        "4": [
            4,
            0.7576265931129456
        ],
        "5": [
            5,
            0.7426836967468262
        ],
        "6": [
            6,
            0.7058513045310975
        ],
        "7": [
            7,
            0.6939402222633362
        ],
        "8": [
            8,
            0.6788548350334167
        ],
        "9": [
            9,
            0.654707384109497
        ],
        "10": [
            10,
            0.6719518661499023
        ],
        "11": [
            11,
            0.6287274360656738
        ],
        "12": [
            12,
            0.6155296385288238
        ],
        "13": [
            13,
            0.6060074537992477
        ],
        "14": [
            14,
            0.5987462311983108
        ],
        "15": [
            15,
            0.5852714061737061
        ]
    },
    "metrics_distributed_fit": {
        "FL_loss": [
            [
                1,
                1.8188162044787344
            ],
            [
                2,
                0.9979909301941632
            ],
            [
                3,
                0.7169963843667765
            ],
            [
                4,
                0.6397883452858586
            ],
            [
                5,
                0.6041115652158958
            ],
            [
                6,
                0.5762605135122911
            ],
            [
                7,
                0.5571722490910576
            ],
            [
                8,
                0.5388903345152442
            ],
            [
                9,
                0.5271053319619287
            ],
            [
                10,
                0.5152350072326944
            ],
            [
                11,
                0.501557579211214
            ],
            [
                12,
                0.4938780998111298
            ],
            [
                13,
                0.48411571700017486
            ],
            [
                14,
                0.47505724092359847
            ],
            [
                15,
                0.4670373135664089
            ]
        ],
        "FL_accuracy": [
            [
                1,
                0.3910037460049336
            ],
            [
                2,
                0.6749854004376853
            ],
            [
                3,
                0.7471974395898404
            ],
            [
                4,
                0.77124765848619
            ],
            [
                5,
                0.7846002826394756
            ],
            [
                6,
                0.7925916691269188
            ],
            [
                7,
                0.7978915536305146
            ],
            [
                8,
                0.8062057538630196
            ],
            [
                9,
                0.8079186344602544
            ],
            [
                10,
                0.8123642586991924
            ],
            [
                11,
                0.8194573931912276
            ],
            [
                12,
                0.8216225587179095
            ],
            [
                13,
                0.8234909793563086
            ],
            [
                14,
                0.8285433588622299
            ],
            [
                15,
                0.8313495389403684
            ]
        ]
    },
    "metrics_distributed": {
        "FL_accuracy": [
            [
                1,
                0.0
            ],
            [
                2,
                0.0
            ],
            [
                3,
                0.0
            ],
            [
                4,
                0.0
            ],
            [
                5,
                0.0
            ],
            [
                6,
                0.0
            ],
            [
                7,
                0.0
            ],
            [
                8,
                0.0
            ],
            [
                9,
                0.0
            ],
            [
                10,
                0.0
            ],
            [
                11,
                0.0
            ],
            [
                12,
                0.0
            ],
            [
                13,
                0.0
            ],
            [
                14,
                0.0
            ],
            [
                15,
                0.0
            ]
        ]
    },
    "FL_loss": {
        "1": 1.8188162044787344,
        "2": 0.9979909301941632,
        "3": 0.7169963843667765,
        "4": 0.6397883452858586,
        "5": 0.6041115652158958,
        "6": 0.5762605135122911,
        "7": 0.5571722490910576,
        "8": 0.5388903345152442,
        "9": 0.5271053319619287,
        "10": 0.5152350072326944,
        "11": 0.501557579211214,
        "12": 0.4938780998111298,
        "13": 0.48411571700017486,
        "14": 0.47505724092359847,
        "15": 0.4670373135664089
    },
    "FL_accuracy": {
        "1": 0.3910037460049336,
        "2": 0.6749854004376853,
        "3": 0.7471974395898404,
        "4": 0.77124765848619,
        "5": 0.7846002826394756,
        "6": 0.7925916691269188,
        "7": 0.7978915536305146,
        "8": 0.8062057538630196,
        "9": 0.8079186344602544,
        "10": 0.8123642586991924,
        "11": 0.8194573931912276,
        "12": 0.8216225587179095,
        "13": 0.8234909793563086,
        "14": 0.8285433588622299,
        "15": 0.8313495389403684
    }
}