{
    "losses_distributed": {
        "1": [
            1,
            1.8705272436141969
        ],
        "2": [
            2,
            0.9861966490745544
        ],
        "3": [
            3,
            0.8408940076828003
        ],
        "4": [
            4,
            0.757677960395813
        ],
        "5": [
            5,
            0.7419009864330292
        ],
        "6": [
            6,
            0.7057068586349488
        ],
        "7": [
            7,
            0.6943585991859436
        ],
        "8": [
            8,
            0.6790692567825317
        ],
        "9": [
            9,
            0.6542175054550171
        ],
        "10": [
            10,
            0.6726313710212708
        ],
        "11": [
            11,
            0.6281419277191163
        ],
        "12": [
            12,
            0.615860179066658
        ],
        "13": [
            13,
            0.6059952735900879
        ],
        "14": [
            14,
            0.5978380829095841
        ],
        "15": [
            15,
            0.5863913029432297
        ]
    },
    "metrics_distributed_fit": {
        "FL_loss": [
            [
                1,
                1.8188162044787344
            ],
            [
                2,
                0.9979909027530324
            ],
            [
                3,
                0.7169983212291665
            ],
            [
                4,
                0.6398602733417385
            ],
            [
                5,
                0.6039547161312311
            ],
            [
                6,
                0.5764084711496464
            ],
            [
                7,
                0.5574099703041288
            ],
            [
                8,
                0.5388693939277023
            ],
            [
                9,
                0.5269372715243802
            ],
            [
                10,
                0.5150140444789512
            ],
            [
                11,
                0.5013812288483688
            ],
            [
                12,
                0.49372045075111404
            ],
            [
                13,
                0.48418317105800057
            ],
            [
                14,
                0.47504744250716807
            ],
            [
                15,
                0.46710273598982655
            ]
        ],
        "FL_accuracy": [
            [
                1,
                0.39100374600493354
            ],
            [
                2,
                0.6749854004376853
            ],
            [
                3,
                0.7470433831323116
            ],
            [
                4,
                0.7712270341042494
            ],
            [
                5,
                0.7845778743882569
            ],
            [
                6,
                0.7925139854141791
            ],
            [
                7,
                0.7975976355005253
            ],
            [
                8,
                0.8061252419838102
            ],
            [
                9,
                0.8079058475187081
            ],
            [
                10,
                0.8125146917263759
            ],
            [
                11,
                0.819074565344548
            ],
            [
                12,
                0.8217857375065604
            ],
            [
                13,
                0.8237184563938589
            ],
            [
                14,
                0.8290220776117282
            ],
            [
                15,
                0.83153881713095
            ]
        ]
    },
    "metrics_distributed": {
        "FL_accuracy": [
            [
                1,
                0.0
            ],
            [
                2,
                0.0
            ],
            [
                3,
                0.0
            ],
            [
                4,
                0.0
            ],
            [
                5,
                0.0
            ],
            [
                6,
                0.0
            ],
            [
                7,
                0.0
            ],
            [
                8,
                0.0
            ],
            [
                9,
                0.0
            ],
            [
                10,
                0.0
            ],
            [
                11,
                0.0
            ],
            [
                12,
                0.0
            ],
            [
                13,
                0.0
            ],
            [
                14,
                0.0
            ],
            [
                15,
                0.0
            ]
        ]
    },
    "FL_loss": {
        "1": 1.8188162044787344,
        "2": 0.9979909027530324,
        "3": 0.7169983212291665,
        "4": 0.6398602733417385,
        "5": 0.6039547161312311,
        "6": 0.5764084711496464,
        "7": 0.5574099703041288,
        "8": 0.5388693939277023,
        "9": 0.5269372715243802,
        "10": 0.5150140444789512,
        "11": 0.5013812288483688,
        "12": 0.49372045075111404,
        "13": 0.48418317105800057,
        "14": 0.47504744250716807,
        "15": 0.46710273598982655
    },
    "FL_accuracy": {
        "1": 0.39100374600493354,
        "2": 0.6749854004376853,
        "3": 0.7470433831323116,
        "4": 0.7712270341042494,
        "5": 0.7845778743882569,
        "6": 0.7925139854141791,
        "7": 0.7975976355005253,
        "8": 0.8061252419838102,
        "9": 0.8079058475187081,
        "10": 0.8125146917263759,
        "11": 0.819074565344548,
        "12": 0.8217857375065604,
        "13": 0.8237184563938589,
        "14": 0.8290220776117282,
        "15": 0.83153881713095
    }
}