{
    "losses_distributed": {
        "1": [
            1,
            1.8705272436141969
        ],
        "2": [
            2,
            0.9862603425979615
        ],
        "3": [
            3,
            0.8400036633014679
        ],
        "4": [
            4,
            0.7570424258708954
        ],
        "5": [
            5,
            0.7424899935722351
        ],
        "6": [
            6,
            0.7057962894439698
        ],
        "7": [
            7,
            0.6937046110630035
        ],
        "8": [
            8,
            0.678250652551651
        ],
        "9": [
            9,
            0.6541901290416717
        ],
        "10": [
            10,
            0.6715586364269257
        ],
        "11": [
            11,
            0.6281463742256165
        ],
        "12": [
            12,
            0.6157450973987579
        ],
        "13": [
            13,
            0.6057412981986999
        ],
        "14": [
            14,
            0.5983396679162979
        ],
        "15": [
            15,
            0.5856626778841019
        ],
        "16": [
            16,
            0.5870482057332993
        ],
        "17": [
            17,
            0.5665905833244324
        ],
        "18": [
            18,
            0.5628937512636185
        ],
        "19": [
            19,
            0.578237634897232
        ],
        "20": [
            20,
            0.549731558561325
        ],
        "21": [
            21,
            0.535227182507515
        ],
        "22": [
            22,
            0.5309633195400238
        ],
        "23": [
            23,
            0.5205466419458389
        ],
        "24": [
            24,
            0.5195895493030548
        ],
        "25": [
            25,
            0.5079816579818726
        ],
        "26": [
            26,
            0.5031274259090424
        ],
        "27": [
            27,
            0.5058166116476059
        ],
        "28": [
            28,
            0.49938503801822665
        ],
        "29": [
            29,
            0.4853487640619278
        ],
        "30": [
            30,
            0.49613759815692904
        ]
    },
    "metrics_distributed_fit": {
        "FL_loss": [
            [
                1,
                1.8188162044787344
            ],
            [
                2,
                0.9979809969744574
            ],
            [
                3,
                0.7169654044652519
            ],
            [
                4,
                0.6398424063640834
            ],
            [
                5,
                0.6039451714551212
            ],
            [
                6,
                0.5762826967521123
            ],
            [
                7,
                0.5571701475212343
            ],
            [
                8,
                0.5388075358012265
            ],
            [
                9,
                0.5268165988228944
            ],
            [
                10,
                0.5151670517817716
            ],
            [
                11,
                0.5014175177448552
            ],
            [
                12,
                0.493769525062875
            ],
            [
                13,
                0.4840850268837772
            ],
            [
                14,
                0.4751219555828146
            ],
            [
                15,
                0.4670833750305626
            ],
            [
                16,
                0.458538919812148
            ],
            [
                17,
                0.4526658066122094
            ],
            [
                18,
                0.44683042771410175
            ],
            [
                19,
                0.4393953460818267
            ],
            [
                20,
                0.43402990135943603
            ],
            [
                21,
                0.4287733157116024
            ],
            [
                22,
                0.42346918000334266
            ],
            [
                23,
                0.4179528036251054
            ],
            [
                24,
                0.4113321458454268
            ],
            [
                25,
                0.407288825645115
            ],
            [
                26,
                0.4016711627705322
            ],
            [
                27,
                0.4010422859014481
            ],
            [
                28,
                0.3944326517920366
            ],
            [
                29,
                0.3904405428173913
            ],
            [
                30,
                0.3867727154989598
            ]
        ],
        "FL_accuracy": [
            [
                1,
                0.39100374600493365
            ],
            [
                2,
                0.6749699157675088
            ],
            [
                3,
                0.746905063919398
            ],
            [
                4,
                0.7716266762166717
            ],
            [
                5,
                0.784460570414349
            ],
            [
                6,
                0.7922833566651596
            ],
            [
                7,
                0.7977947581615934
            ],
            [
                8,
                0.806186070676999
            ],
            [
                9,
                0.807940922753224
            ],
            [
                10,
                0.812215371692041
            ],
            [
                11,
                0.8192083579000394
            ],
            [
                12,
                0.8217788849714405
            ],
            [
                13,
                0.8233674355367337
            ],
            [
                14,
                0.8287745201628216
            ],
            [
                15,
                0.8314205073092467
            ],
            [
                16,
                0.8337571102726635
            ],
            [
                17,
                0.8370709231894095
            ],
            [
                18,
                0.8382783317086993
            ],
            [
                19,
                0.8399210574702674
            ],
            [
                20,
                0.843895405582321
            ],
            [
                21,
                0.8431252041023789
            ],
            [
                22,
                0.8480144571298517
            ],
            [
                23,
                0.8469561662344993
            ],
            [
                24,
                0.8500782109423133
            ],
            [
                25,
                0.85032046348944
            ],
            [
                26,
                0.8540079051746859
            ],
            [
                27,
                0.8543808676344554
            ],
            [
                28,
                0.8561987971028442
            ],
            [
                29,
                0.8581653192904592
            ],
            [
                30,
                0.8604181191427193
            ]
        ]
    },
    "metrics_distributed": {
        "FL_accuracy": [
            [
                1,
                0.0
            ],
            [
                2,
                0.0
            ],
            [
                3,
                0.0
            ],
            [
                4,
                0.0
            ],
            [
                5,
                0.0
            ],
            [
                6,
                0.0
            ],
            [
                7,
                0.0
            ],
            [
                8,
                0.0
            ],
            [
                9,
                0.0
            ],
            [
                10,
                0.0
            ],
            [
                11,
                0.0
            ],
            [
                12,
                0.0
            ],
            [
                13,
                0.0
            ],
            [
                14,
                0.0
            ],
            [
                15,
                0.0
            ],
            [
                16,
                0.0
            ],
            [
                17,
                0.0
            ],
            [
                18,
                0.0
            ],
            [
                19,
                0.0
            ],
            [
                20,
                0.0
            ],
            [
                21,
                0.0
            ],
            [
                22,
                0.0
            ],
            [
                23,
                0.0
            ],
            [
                24,
                0.0
            ],
            [
                25,
                0.0
            ],
            [
                26,
                0.0
            ],
            [
                27,
                0.0
            ],
            [
                28,
                0.0
            ],
            [
                29,
                0.0
            ],
            [
                30,
                0.0
            ]
        ]
    },
    "FL_loss": {
        "1": 1.8188162044787344,
        "2": 0.9979809969744574,
        "3": 0.7169654044652519,
        "4": 0.6398424063640834,
        "5": 0.6039451714551212,
        "6": 0.5762826967521123,
        "7": 0.5571701475212343,
        "8": 0.5388075358012265,
        "9": 0.5268165988228944,
        "10": 0.5151670517817716,
        "11": 0.5014175177448552,
        "12": 0.493769525062875,
        "13": 0.4840850268837772,
        "14": 0.4751219555828146,
        "15": 0.4670833750305626,
        "16": 0.458538919812148,
        "17": 0.4526658066122094,
        "18": 0.44683042771410175,
        "19": 0.4393953460818267,
        "20": 0.43402990135943603,
        "21": 0.4287733157116024,
        "22": 0.42346918000334266,
        "23": 0.4179528036251054,
        "24": 0.4113321458454268,
        "25": 0.407288825645115,
        "26": 0.4016711627705322,
        "27": 0.4010422859014481,
        "28": 0.3944326517920366,
        "29": 0.3904405428173913,
        "30": 0.3867727154989598
    },
    "FL_accuracy": {
        "1": 0.39100374600493365,
        "2": 0.6749699157675088,
        "3": 0.746905063919398,
        "4": 0.7716266762166717,
        "5": 0.784460570414349,
        "6": 0.7922833566651596,
        "7": 0.7977947581615934,
        "8": 0.806186070676999,
        "9": 0.807940922753224,
        "10": 0.812215371692041,
        "11": 0.8192083579000394,
        "12": 0.8217788849714405,
        "13": 0.8233674355367337,
        "14": 0.8287745201628216,
        "15": 0.8314205073092467,
        "16": 0.8337571102726635,
        "17": 0.8370709231894095,
        "18": 0.8382783317086993,
        "19": 0.8399210574702674,
        "20": 0.843895405582321,
        "21": 0.8431252041023789,
        "22": 0.8480144571298517,
        "23": 0.8469561662344993,
        "24": 0.8500782109423133,
        "25": 0.85032046348944,
        "26": 0.8540079051746859,
        "27": 0.8543808676344554,
        "28": 0.8561987971028442,
        "29": 0.8581653192904592,
        "30": 0.8604181191427193
    }
}