{
    "losses_distributed": {
        "1": [
            1,
            1.8705272793769836
        ],
        "2": [
            2,
            0.9862161457538605
        ],
        "3": [
            3,
            0.8399669766426087
        ],
        "4": [
            4,
            0.7573213398456573
        ],
        "5": [
            5,
            0.741847938299179
        ],
        "6": [
            6,
            0.7062224745750427
        ],
        "7": [
            7,
            0.6940934360027313
        ],
        "8": [
            8,
            0.6784626424312592
        ],
        "9": [
            9,
            0.6543589115142823
        ],
        "10": [
            10,
            0.6716536104679107
        ],
        "11": [
            11,
            0.6285549819469451
        ],
        "12": [
            12,
            0.6153472661972046
        ],
        "13": [
            13,
            0.6058984786272049
        ],
        "14": [
            14,
            0.598746907711029
        ],
        "15": [
            15,
            0.5855571240186691
        ]
    },
    "metrics_distributed_fit": {
        "FL_loss": [
            [
                1,
                1.8188162044787344
            ],
            [
                2,
                0.9979796735705356
            ],
            [
                3,
                0.7168521415810207
            ],
            [
                4,
                0.6398687817886113
            ],
            [
                5,
                0.6039552902665444
            ],
            [
                6,
                0.5763138239362593
            ],
            [
                7,
                0.5571062790165652
            ],
            [
                8,
                0.5385797818394422
            ],
            [
                9,
                0.5270105145840025
            ],
            [
                10,
                0.5150859934506762
            ],
            [
                11,
                0.5012341653655146
            ],
            [
                12,
                0.493866218591496
            ],
            [
                13,
                0.48417082505678194
            ],
            [
                14,
                0.4751213016861785
            ],
            [
                15,
                0.4672547217209858
            ]
        ],
        "FL_accuracy": [
            [
                1,
                0.3910037460049336
            ],
            [
                2,
                0.6750104004376853
            ],
            [
                3,
                0.7471564171297234
            ],
            [
                4,
                0.7716533967920174
            ],
            [
                5,
                0.7845771803034305
            ],
            [
                6,
                0.792230505450544
            ],
            [
                7,
                0.7978282307590722
            ],
            [
                8,
                0.8065838332352613
            ],
            [
                9,
                0.8078814720778503
            ],
            [
                10,
                0.8125017768348352
            ],
            [
                11,
                0.8195026990934503
            ],
            [
                12,
                0.8212943756727048
            ],
            [
                13,
                0.8233097467675157
            ],
            [
                14,
                0.8285923185671296
            ],
            [
                15,
                0.831137355412503
            ]
        ]
    },
    "metrics_distributed": {
        "FL_accuracy": [
            [
                1,
                0.0
            ],
            [
                2,
                0.0
            ],
            [
                3,
                0.0
            ],
            [
                4,
                0.0
            ],
            [
                5,
                0.0
            ],
            [
                6,
                0.0
            ],
            [
                7,
                0.0
            ],
            [
                8,
                0.0
            ],
            [
                9,
                0.0
            ],
            [
                10,
                0.0
            ],
            [
                11,
                0.0
            ],
            [
                12,
                0.0
            ],
            [
                13,
                0.0
            ],
            [
                14,
                0.0
            ],
            [
                15,
                0.0
            ]
        ]
    },
    "FL_loss": {
        "1": 1.8188162044787344,
        "2": 0.9979796735705356,
        "3": 0.7168521415810207,
        "4": 0.6398687817886113,
        "5": 0.6039552902665444,
        "6": 0.5763138239362593,
        "7": 0.5571062790165652,
        "8": 0.5385797818394422,
        "9": 0.5270105145840025,
        "10": 0.5150859934506762,
        "11": 0.5012341653655146,
        "12": 0.493866218591496,
        "13": 0.48417082505678194,
        "14": 0.4751213016861785,
        "15": 0.4672547217209858
    },
    "FL_accuracy": {
        "1": 0.3910037460049336,
        "2": 0.6750104004376853,
        "3": 0.7471564171297234,
        "4": 0.7716533967920174,
        "5": 0.7845771803034305,
        "6": 0.792230505450544,
        "7": 0.7978282307590722,
        "8": 0.8065838332352613,
        "9": 0.8078814720778503,
        "10": 0.8125017768348352,
        "11": 0.8195026990934503,
        "12": 0.8212943756727048,
        "13": 0.8233097467675157,
        "14": 0.8285923185671296,
        "15": 0.831137355412503
    }
}