{
    "losses_distributed": {
        "1": [
            1,
            1.8705272555351258
        ],
        "2": [
            2,
            0.9861976265907287
        ],
        "3": [
            3,
            0.840613740682602
        ],
        "4": [
            4,
            0.757359755039215
        ],
        "5": [
            5,
            0.7422266006469727
        ],
        "6": [
            6,
            0.7064638912677765
        ],
        "7": [
            7,
            0.6943123579025269
        ],
        "8": [
            8,
            0.6790780544281005
        ],
        "9": [
            9,
            0.6539771139621735
        ],
        "10": [
            10,
            0.6698513031005859
        ],
        "11": [
            11,
            0.6286071181297302
        ],
        "12": [
            12,
            0.6162778437137604
        ],
        "13": [
            13,
            0.6056953966617584
        ],
        "14": [
            14,
            0.59884694814682
        ],
        "15": [
            15,
            0.5858344167470932
        ]
    },
    "metrics_distributed_fit": {
        "FL_loss": [
            [
                1,
                1.8188162044787344
            ],
            [
                2,
                0.9979795803398275
            ],
            [
                3,
                0.7169211144384595
            ],
            [
                4,
                0.6396621697154281
            ],
            [
                5,
                0.6039512849164994
            ],
            [
                6,
                0.5764605536486734
            ],
            [
                7,
                0.5573629215136082
            ],
            [
                8,
                0.5388838469473799
            ],
            [
                9,
                0.5269699199370834
            ],
            [
                10,
                0.5151622460378913
            ],
            [
                11,
                0.5012833481834627
            ],
            [
                12,
                0.49377205553764825
            ],
            [
                13,
                0.48407270351050996
            ],
            [
                14,
                0.475015896511065
            ],
            [
                15,
                0.4671921315333636
            ]
        ],
        "FL_accuracy": [
            [
                1,
                0.39100374600493365
            ],
            [
                2,
                0.6749854004376853
            ],
            [
                3,
                0.7469277790479671
            ],
            [
                4,
                0.771796150069484
            ],
            [
                5,
                0.7847096364443091
            ],
            [
                6,
                0.7924929733830822
            ],
            [
                7,
                0.7973104922643999
            ],
            [
                8,
                0.8064876291917816
            ],
            [
                9,
                0.8081959358581331
            ],
            [
                10,
                0.812519199716753
            ],
            [
                11,
                0.8189982640100155
            ],
            [
                12,
                0.8217388277510311
            ],
            [
                13,
                0.8236405052657098
            ],
            [
                14,
                0.828891034086579
            ],
            [
                15,
                0.8314145658434358
            ]
        ]
    },
    "metrics_distributed": {
        "FL_accuracy": [
            [
                1,
                0.0
            ],
            [
                2,
                0.0
            ],
            [
                3,
                0.0
            ],
            [
                4,
                0.0
            ],
            [
                5,
                0.0
            ],
            [
                6,
                0.0
            ],
            [
                7,
                0.0
            ],
            [
                8,
                0.0
            ],
            [
                9,
                0.0
            ],
            [
                10,
                0.0
            ],
            [
                11,
                0.0
            ],
            [
                12,
                0.0
            ],
            [
                13,
                0.0
            ],
            [
                14,
                0.0
            ],
            [
                15,
                0.0
            ]
        ]
    },
    "FL_loss": {
        "1": 1.8188162044787344,
        "2": 0.9979795803398275,
        "3": 0.7169211144384595,
        "4": 0.6396621697154281,
        "5": 0.6039512849164994,
        "6": 0.5764605536486734,
        "7": 0.5573629215136082,
        "8": 0.5388838469473799,
        "9": 0.5269699199370834,
        "10": 0.5151622460378913,
        "11": 0.5012833481834627,
        "12": 0.49377205553764825,
        "13": 0.48407270351050996,
        "14": 0.475015896511065,
        "15": 0.4671921315333636
    },
    "FL_accuracy": {
        "1": 0.39100374600493365,
        "2": 0.6749854004376853,
        "3": 0.7469277790479671,
        "4": 0.771796150069484,
        "5": 0.7847096364443091,
        "6": 0.7924929733830822,
        "7": 0.7973104922643999,
        "8": 0.8064876291917816,
        "9": 0.8081959358581331,
        "10": 0.812519199716753,
        "11": 0.8189982640100155,
        "12": 0.8217388277510311,
        "13": 0.8236405052657098,
        "14": 0.828891034086579,
        "15": 0.8314145658434358
    }
}