{
    "losses_distributed": {
        "1": [
            1,
            1.8705272436141969
        ],
        "2": [
            2,
            0.9861983597278595
        ],
        "3": [
            3,
            0.8390717327594757
        ],
        "4": [
            4,
            0.7571567118167877
        ],
        "5": [
            5,
            0.7419235289096833
        ],
        "6": [
            6,
            0.7060813248157501
        ],
        "7": [
            7,
            0.6937529623508454
        ],
        "8": [
            8,
            0.6790193736553192
        ],
        "9": [
            9,
            0.654720151424408
        ],
        "10": [
            10,
            0.6671426355838775
        ],
        "11": [
            11,
            0.6280449509620667
        ],
        "12": [
            12,
            0.6159486711025238
        ],
        "13": [
            13,
            0.6057651162147522
        ],
        "14": [
            14,
            0.5991795241832734
        ],
        "15": [
            15,
            0.5852948755025864
        ]
    },
    "metrics_distributed_fit": {
        "FL_loss": [
            [
                1,
                1.8188162044787348
            ],
            [
                2,
                0.9979797625640007
            ],
            [
                3,
                0.7169647499980528
            ],
            [
                4,
                0.6398641702822547
            ],
            [
                5,
                0.6041486636873514
            ],
            [
                6,
                0.5764772676694075
            ],
            [
                7,
                0.557228205579209
            ],
            [
                8,
                0.5389743294243708
            ],
            [
                9,
                0.5269274651595806
            ],
            [
                10,
                0.5150910011478027
            ],
            [
                11,
                0.5014625725421806
            ],
            [
                12,
                0.4939674878343968
            ],
            [
                13,
                0.48419655436693676
            ],
            [
                14,
                0.47522398580551933
            ],
            [
                15,
                0.46723860100184
            ]
        ],
        "FL_accuracy": [
            [
                1,
                0.3910037460049336
            ],
            [
                2,
                0.6749854004376853
            ],
            [
                3,
                0.746965018093951
            ],
            [
                4,
                0.7714965656946211
            ],
            [
                5,
                0.7846637486115581
            ],
            [
                6,
                0.7924598387545785
            ],
            [
                7,
                0.7977949150482123
            ],
            [
                8,
                0.8063410348490381
            ],
            [
                9,
                0.808220389530173
            ],
            [
                10,
                0.8128264344230441
            ],
            [
                11,
                0.8189190733218353
            ],
            [
                12,
                0.821701822718482
            ],
            [
                13,
                0.8238951687394588
            ],
            [
                14,
                0.8286771770922273
            ],
            [
                15,
                0.8317282362765017
            ]
        ]
    },
    "metrics_distributed": {
        "FL_accuracy": [
            [
                1,
                0.0
            ],
            [
                2,
                0.0
            ],
            [
                3,
                0.0
            ],
            [
                4,
                0.0
            ],
            [
                5,
                0.0
            ],
            [
                6,
                0.0
            ],
            [
                7,
                0.0
            ],
            [
                8,
                0.0
            ],
            [
                9,
                0.0
            ],
            [
                10,
                0.0
            ],
            [
                11,
                0.0
            ],
            [
                12,
                0.0
            ],
            [
                13,
                0.0
            ],
            [
                14,
                0.0
            ],
            [
                15,
                0.0
            ]
        ]
    },
    "FL_loss": {
        "1": 1.8188162044787348,
        "2": 0.9979797625640007,
        "3": 0.7169647499980528,
        "4": 0.6398641702822547,
        "5": 0.6041486636873514,
        "6": 0.5764772676694075,
        "7": 0.557228205579209,
        "8": 0.5389743294243708,
        "9": 0.5269274651595806,
        "10": 0.5150910011478027,
        "11": 0.5014625725421806,
        "12": 0.4939674878343968,
        "13": 0.48419655436693676,
        "14": 0.47522398580551933,
        "15": 0.46723860100184
    },
    "FL_accuracy": {
        "1": 0.3910037460049336,
        "2": 0.6749854004376853,
        "3": 0.746965018093951,
        "4": 0.7714965656946211,
        "5": 0.7846637486115581,
        "6": 0.7924598387545785,
        "7": 0.7977949150482123,
        "8": 0.8063410348490381,
        "9": 0.808220389530173,
        "10": 0.8128264344230441,
        "11": 0.8189190733218353,
        "12": 0.821701822718482,
        "13": 0.8238951687394588,
        "14": 0.8286771770922273,
        "15": 0.8317282362765017
    }
}