{
    "losses_distributed": {
        "1": [
            1,
            1.8705272316932677
        ],
        "2": [
            2,
            0.9862188518047332
        ],
        "3": [
            3,
            0.839554351568222
        ],
        "4": [
            4,
            0.7573477387428283
        ],
        "5": [
            5,
            0.7420485198497773
        ],
        "6": [
            6,
            0.7061433911323547
        ],
        "7": [
            7,
            0.6936578154563904
        ],
        "8": [
            8,
            0.6787155389785766
        ],
        "9": [
            9,
            0.6538346827030181
        ],
        "10": [
            10,
            0.6728340744972229
        ],
        "11": [
            11,
            0.629069858789444
        ],
        "12": [
            12,
            0.616392320394516
        ],
        "13": [
            13,
            0.6061701953411103
        ],
        "14": [
            14,
            0.598315852880478
        ],
        "15": [
            15,
            0.5848086565732956
        ]
    },
    "metrics_distributed_fit": {
        "FL_loss": [
            [
                1,
                1.8188162044787344
            ],
            [
                2,
                0.9979926756614361
            ],
            [
                3,
                0.7169192471529657
            ],
            [
                4,
                0.6399237576860707
            ],
            [
                5,
                0.6041317120284612
            ],
            [
                6,
                0.5763013162117069
            ],
            [
                7,
                0.5573166604335202
            ],
            [
                8,
                0.5389217556848396
            ],
            [
                9,
                0.5269604662264119
            ],
            [
                10,
                0.515171771539189
            ],
            [
                11,
                0.5014643804180599
            ],
            [
                12,
                0.4935412576477626
            ],
            [
                13,
                0.48407761335564
            ],
            [
                14,
                0.47495623181274943
            ],
            [
                15,
                0.4670975317650127
            ]
        ],
        "FL_accuracy": [
            [
                1,
                0.3910037460049336
            ],
            [
                2,
                0.6749544310973322
            ],
            [
                3,
                0.7469917937521285
            ],
            [
                4,
                0.771532437930743
            ],
            [
                5,
                0.7845117610240588
            ],
            [
                6,
                0.7924266950551149
            ],
            [
                7,
                0.7983030374109075
            ],
            [
                8,
                0.8066678141554819
            ],
            [
                9,
                0.80800831507923
            ],
            [
                10,
                0.8125170915252738
            ],
            [
                11,
                0.8195264799844283
            ],
            [
                12,
                0.8218931840298802
            ],
            [
                13,
                0.8232900264310541
            ],
            [
                14,
                0.8289344954883899
            ],
            [
                15,
                0.8313677769951437
            ]
        ]
    },
    "metrics_distributed": {
        "FL_accuracy": [
            [
                1,
                0.0
            ],
            [
                2,
                0.0
            ],
            [
                3,
                0.0
            ],
            [
                4,
                0.0
            ],
            [
                5,
                0.0
            ],
            [
                6,
                0.0
            ],
            [
                7,
                0.0
            ],
            [
                8,
                0.0
            ],
            [
                9,
                0.0
            ],
            [
                10,
                0.0
            ],
            [
                11,
                0.0
            ],
            [
                12,
                0.0
            ],
            [
                13,
                0.0
            ],
            [
                14,
                0.0
            ],
            [
                15,
                0.0
            ]
        ]
    },
    "FL_loss": {
        "1": 1.8188162044787344,
        "2": 0.9979926756614361,
        "3": 0.7169192471529657,
        "4": 0.6399237576860707,
        "5": 0.6041317120284612,
        "6": 0.5763013162117069,
        "7": 0.5573166604335202,
        "8": 0.5389217556848396,
        "9": 0.5269604662264119,
        "10": 0.515171771539189,
        "11": 0.5014643804180599,
        "12": 0.4935412576477626,
        "13": 0.48407761335564,
        "14": 0.47495623181274943,
        "15": 0.4670975317650127
    },
    "FL_accuracy": {
        "1": 0.3910037460049336,
        "2": 0.6749544310973322,
        "3": 0.7469917937521285,
        "4": 0.771532437930743,
        "5": 0.7845117610240588,
        "6": 0.7924266950551149,
        "7": 0.7983030374109075,
        "8": 0.8066678141554819,
        "9": 0.80800831507923,
        "10": 0.8125170915252738,
        "11": 0.8195264799844283,
        "12": 0.8218931840298802,
        "13": 0.8232900264310541,
        "14": 0.8289344954883899,
        "15": 0.8313677769951437
    }
}