{
    "losses_distributed": {
        "1": [
            1,
            1.8705272555351258
        ],
        "2": [
            2,
            0.9861981391906738
        ],
        "3": [
            3,
            0.8406507253646851
        ],
        "4": [
            4,
            0.7574104189872741
        ],
        "5": [
            5,
            0.7424942791461945
        ],
        "6": [
            6,
            0.7060628056526184
        ],
        "7": [
            7,
            0.6937069952487945
        ],
        "8": [
            8,
            0.6786451399326324
        ],
        "9": [
            9,
            0.6543314099311829
        ],
        "10": [
            10,
            0.6710397481918335
        ],
        "11": [
            11,
            0.6287846505641937
        ],
        "12": [
            12,
            0.6159992486238479
        ],
        "13": [
            13,
            0.6057544469833374
        ],
        "14": [
            14,
            0.598835563659668
        ],
        "15": [
            15,
            0.5852582484483719
        ]
    },
    "metrics_distributed_fit": {
        "FL_loss": [
            [
                1,
                1.818816204478734
            ],
            [
                2,
                0.9979797372897277
            ],
            [
                3,
                0.7169240249019764
            ],
            [
                4,
                0.6399044576175774
            ],
            [
                5,
                0.6041623370333838
            ],
            [
                6,
                0.5761515820972587
            ],
            [
                7,
                0.5572012998649385
            ],
            [
                8,
                0.5387703750502977
            ],
            [
                9,
                0.5268546793924607
            ],
            [
                10,
                0.5152026611881931
            ],
            [
                11,
                0.5015768220703144
            ],
            [
                12,
                0.49375047181080023
            ],
            [
                13,
                0.48411169106371466
            ],
            [
                14,
                0.4752872111918264
            ],
            [
                15,
                0.46729974919120476
            ]
        ],
        "FL_accuracy": [
            [
                1,
                0.39100374600493365
            ],
            [
                2,
                0.6749854004376854
            ],
            [
                3,
                0.7470386651168295
            ],
            [
                4,
                0.7713429359249991
            ],
            [
                5,
                0.7845487207201316
            ],
            [
                6,
                0.7923453534715718
            ],
            [
                7,
                0.7979259452141247
            ],
            [
                8,
                0.8062652074026424
            ],
            [
                9,
                0.8079494994479118
            ],
            [
                10,
                0.8125830270942401
            ],
            [
                11,
                0.8192505488942281
            ],
            [
                12,
                0.8213949055129536
            ],
            [
                13,
                0.8240195081472462
            ],
            [
                14,
                0.8285119191878373
            ],
            [
                15,
                0.831392167655556
            ]
        ]
    },
    "metrics_distributed": {
        "FL_accuracy": [
            [
                1,
                0.0
            ],
            [
                2,
                0.0
            ],
            [
                3,
                0.0
            ],
            [
                4,
                0.0
            ],
            [
                5,
                0.0
            ],
            [
                6,
                0.0
            ],
            [
                7,
                0.0
            ],
            [
                8,
                0.0
            ],
            [
                9,
                0.0
            ],
            [
                10,
                0.0
            ],
            [
                11,
                0.0
            ],
            [
                12,
                0.0
            ],
            [
                13,
                0.0
            ],
            [
                14,
                0.0
            ],
            [
                15,
                0.0
            ]
        ]
    },
    "FL_loss": {
        "1": 1.818816204478734,
        "2": 0.9979797372897277,
        "3": 0.7169240249019764,
        "4": 0.6399044576175774,
        "5": 0.6041623370333838,
        "6": 0.5761515820972587,
        "7": 0.5572012998649385,
        "8": 0.5387703750502977,
        "9": 0.5268546793924607,
        "10": 0.5152026611881931,
        "11": 0.5015768220703144,
        "12": 0.49375047181080023,
        "13": 0.48411169106371466,
        "14": 0.4752872111918264,
        "15": 0.46729974919120476
    },
    "FL_accuracy": {
        "1": 0.39100374600493365,
        "2": 0.6749854004376854,
        "3": 0.7470386651168295,
        "4": 0.7713429359249991,
        "5": 0.7845487207201316,
        "6": 0.7923453534715718,
        "7": 0.7979259452141247,
        "8": 0.8062652074026424,
        "9": 0.8079494994479118,
        "10": 0.8125830270942401,
        "11": 0.8192505488942281,
        "12": 0.8213949055129536,
        "13": 0.8240195081472462,
        "14": 0.8285119191878373,
        "15": 0.831392167655556
    }
}