[
    {
        "client_id": 3,
        "round_no": 1,
        "training_time (secs)": "0:00:00.738233",
        "incremental_MSE_Min": 0.30409529099069377,
        "incremental_MSE_Median": 0.346212152603154,
        "incremental_MSE_Max": 0.4208112457696077,
        "average_MSE": 0.3560801048803323,
        "round_threshold": 0.42076378055891905,
        "threshold": 0.3560801048803323,
        "model_round_trip": 0.07832741737365723
    },
    {
        "client_id": 3,
        "round_no": 2,
        "training_time (secs)": "0:00:00.857595",
        "incremental_MSE_Min": 0.30409529099069377,
        "incremental_MSE_Median": 0.40051085677491494,
        "incremental_MSE_Max": 0.42284487799925574,
        "average_MSE": 0.40755674724371305,
        "round_threshold": 0.42281981605102936,
        "threshold": 0.3818184260620227,
        "model_round_trip": 0.03889322280883789
    },
    {
        "client_id": 3,
        "round_no": 3,
        "training_time (secs)": "0:00:00.985938",
        "incremental_MSE_Min": 0.30409529099069377,
        "incremental_MSE_Median": 0.4083919392963209,
        "incremental_MSE_Max": 0.4259133333204756,
        "average_MSE": 0.415584061542991,
        "round_threshold": 0.4259062678103247,
        "threshold": 0.3930736378890121,
        "model_round_trip": 0.06017565727233887
    },
    {
        "client_id": 3,
        "round_no": 4,
        "training_time (secs)": "0:00:00.675639",
        "incremental_MSE_Min": 0.30409529099069377,
        "incremental_MSE_Median": 0.4054198971436619,
        "incremental_MSE_Max": 0.4259133333204756,
        "average_MSE": 0.4025938560288826,
        "round_threshold": 0.4135216740583386,
        "threshold": 0.39545369242397976,
        "model_round_trip": 0.07195281982421875
    },
    {
        "client_id": 3,
        "round_no": 5,
        "training_time (secs)": "0:00:00.743415",
        "incremental_MSE_Min": 0.30409529099069377,
        "incremental_MSE_Median": 0.4013837428602993,
        "incremental_MSE_Max": 0.4259133333204756,
        "average_MSE": 0.38490417839789115,
        "round_threshold": 0.40127984094181746,
        "threshold": 0.39334378961876204,
        "model_round_trip": 0.2361316680908203
    },
    {
        "client_id": 3,
        "round_no": 6,
        "training_time (secs)": "0:00:00.754953",
        "incremental_MSE_Min": 0.30409529099069377,
        "incremental_MSE_Median": 0.40079374482187946,
        "incremental_MSE_Max": 0.4259133333204756,
        "average_MSE": 0.39465061745518376,
        "round_threshold": 0.40596656129432607,
        "threshold": 0.39356159425816567,
        "model_round_trip": 0.04131889343261719
    },
    {
        "client_id": 3,
        "round_no": 7,
        "training_time (secs)": "0:00:00.798537",
        "incremental_MSE_Min": 0.30409529099069377,
        "incremental_MSE_Median": 0.3981019656476276,
        "incremental_MSE_Max": 0.4259133333204756,
        "average_MSE": 0.36047064651034777,
        "round_threshold": 0.3746946081862651,
        "threshold": 0.3888343160084774,
        "model_round_trip": 0.05819392204284668
    },
    {
        "client_id": 3,
        "round_no": 8,
        "training_time (secs)": "0:00:00.745164",
        "incremental_MSE_Min": 0.30204936622038797,
        "incremental_MSE_Median": 0.3941256241849921,
        "incremental_MSE_Max": 0.4259133333204756,
        "average_MSE": 0.3121873236444287,
        "round_threshold": 0.32048997954512287,
        "threshold": 0.3792534419629713,
        "model_round_trip": 0.02849602699279785
    },
    {
        "client_id": 3,
        "round_no": 9,
        "training_time (secs)": "0:00:00.871653",
        "incremental_MSE_Min": 0.2669028843014267,
        "incremental_MSE_Median": 0.39019681660542294,
        "incremental_MSE_Max": 0.4259133333204756,
        "average_MSE": 0.2724687455279977,
        "round_threshold": 0.2802400293801207,
        "threshold": 0.3673884756924187,
        "model_round_trip": 0.07166123390197754
    },
    {
        "client_id": 3,
        "round_no": 10,
        "training_time (secs)": "0:00:00.674206",
        "incremental_MSE_Min": 0.2448571131262772,
        "incremental_MSE_Median": 0.38070694560464474,
        "incremental_MSE_Max": 0.4259133333204756,
        "average_MSE": 0.24952459153393028,
        "round_threshold": 0.257577174816623,
        "threshold": 0.35560208727656983,
        "model_round_trip": 0.051076650619506836
    },
    {
        "client_id": 3,
        "round_no": 11,
        "training_time (secs)": "0:00:00.709330",
        "incremental_MSE_Min": 0.2213349087419511,
        "incremental_MSE_Median": 0.36804660636281467,
        "incremental_MSE_Max": 0.4259133333204756,
        "average_MSE": 0.22833660000341324,
        "round_threshold": 0.23377198101771837,
        "threshold": 0.34403249752446474,
        "model_round_trip": 0.03203701972961426
    },
    {
        "client_id": 3,
        "round_no": 12,
        "training_time (secs)": "0:00:00.761075",
        "incremental_MSE_Min": 0.21080124759353058,
        "incremental_MSE_Median": 0.35761196596872735,
        "incremental_MSE_Max": 0.4259133333204756,
        "average_MSE": 0.21490017327167735,
        "round_threshold": 0.22311176834175478,
        "threshold": 0.3332714705033991,
        "model_round_trip": 0.06819319725036621
    },
    {
        "client_id": 3,
        "round_no": 13,
        "training_time (secs)": "0:00:00.748148",
        "incremental_MSE_Min": 0.1857879558928295,
        "incremental_MSE_Median": 0.346212152603154,
        "incremental_MSE_Max": 0.4259133333204756,
        "average_MSE": 0.19213937026251163,
        "round_threshold": 0.20016826420532527,
        "threshold": 0.32241515510025387,
        "model_round_trip": 0.08935666084289551
    },
    {
        "client_id": 3,
        "round_no": 14,
        "training_time (secs)": "0:00:00.654923",
        "incremental_MSE_Min": 0.16337800268053412,
        "incremental_MSE_Median": 0.31763748989807866,
        "incremental_MSE_Max": 0.4259133333204756,
        "average_MSE": 0.16846145690416228,
        "round_threshold": 0.17599037392372197,
        "threshold": 0.3114184623719617,
        "model_round_trip": 0.022238969802856445
    },
    {
        "client_id": 3,
        "round_no": 15,
        "training_time (secs)": "0:00:00.686519",
        "incremental_MSE_Min": 0.12333581452116184,
        "incremental_MSE_Median": 0.307960516516867,
        "incremental_MSE_Max": 0.4259133333204756,
        "average_MSE": 0.129065596755738,
        "round_threshold": 0.13649710094543682,
        "threshold": 0.29926160466421337,
        "model_round_trip": 0.057573556900024414
    },
    {
        "client_id": 3,
        "round_no": 16,
        "training_time (secs)": "0:00:00.839717",
        "incremental_MSE_Min": 0.08365319787128224,
        "incremental_MSE_Median": 0.2911576811663188,
        "incremental_MSE_Max": 0.4259133333204756,
        "average_MSE": 0.08747963211304365,
        "round_threshold": 0.09410950351363576,
        "threshold": 0.2860252313797653,
        "model_round_trip": 0.06905603408813477
    },
    {
        "client_id": 3,
        "round_no": 17,
        "training_time (secs)": "0:00:00.736739",
        "incremental_MSE_Min": 0.04586624170145916,
        "incremental_MSE_Median": 0.2717190278823146,
        "incremental_MSE_Max": 0.4259133333204756,
        "average_MSE": 0.05039405086616238,
        "round_threshold": 0.056767218171919785,
        "threshold": 0.2721645737024945,
        "model_round_trip": 0.08411383628845215
    },
    {
        "client_id": 3,
        "round_no": 18,
        "training_time (secs)": "0:00:00.632008",
        "incremental_MSE_Min": 0.026864598345128502,
        "incremental_MSE_Median": 0.2622533721770688,
        "incremental_MSE_Max": 0.4259133333204756,
        "average_MSE": 0.030778216889748976,
        "round_threshold": 0.037186393346294,
        "threshold": 0.25875422054623093,
        "model_round_trip": 0.14797258377075195
    },
    {
        "client_id": 3,
        "round_no": 19,
        "training_time (secs)": "0:00:00.821455",
        "incremental_MSE_Min": 0.01321604375119134,
        "incremental_MSE_Median": 0.2493722378290455,
        "incremental_MSE_Max": 0.4259133333204756,
        "average_MSE": 0.015913283922992693,
        "round_threshold": 0.022143188697128766,
        "threshold": 0.24597311861869203,
        "model_round_trip": 0.052683115005493164
    },
    {
        "client_id": 3,
        "round_no": 20,
        "training_time (secs)": "0:00:00.657499",
        "incremental_MSE_Min": 0.0081941524428577,
        "incremental_MSE_Median": 0.23931789572241483,
        "incremental_MSE_Max": 0.4259133333204756,
        "average_MSE": 0.012024834160502014,
        "round_threshold": 0.01625467161991441,
        "threshold": 0.23427570439578257,
        "model_round_trip": 0.2893216609954834
    },
    {
        "client_id": 3,
        "round_no": 21,
        "training_time (secs)": "0:00:00.890414",
        "incremental_MSE_Min": 0.0022255432143203475,
        "incremental_MSE_Median": 0.22787239816476512,
        "incremental_MSE_Max": 0.4259133333204756,
        "average_MSE": 0.005843691360054765,
        "round_threshold": 0.009057448446900858,
        "threshold": 0.2233979894893193,
        "model_round_trip": 0.040679931640625
    },
    {
        "client_id": 3,
        "round_no": 22,
        "training_time (secs)": "0:00:00.660246",
        "incremental_MSE_Min": 0.0022255432143203475,
        "incremental_MSE_Median": 0.2221270909785749,
        "incremental_MSE_Max": 0.4259133333204756,
        "average_MSE": 0.007301608146945159,
        "round_threshold": 0.009209531476273682,
        "threshold": 0.21357542670102958,
        "model_round_trip": 0.05379605293273926
    },
    {
        "client_id": 3,
        "round_no": 23,
        "training_time (secs)": "0:00:00.744240",
        "incremental_MSE_Min": 0.0007987171001104013,
        "incremental_MSE_Median": 0.21311650873942561,
        "incremental_MSE_Max": 0.4259133333204756,
        "average_MSE": 0.003010216879930529,
        "round_threshold": 0.006388434769608239,
        "threshold": 0.20442041757837312,
        "model_round_trip": 0.04876112937927246
    },
    {
        "client_id": 3,
        "round_no": 24,
        "training_time (secs)": "0:00:00.819990",
        "incremental_MSE_Min": 0.0005069013055928265,
        "incremental_MSE_Median": 0.20551877086571352,
        "incremental_MSE_Max": 0.4259133333204756,
        "average_MSE": 0.0027479937421238444,
        "round_threshold": 0.0074464617201420455,
        "threshold": 0.19601739991852937,
        "model_round_trip": 0.023276329040527344
    },
    {
        "client_id": 3,
        "round_no": 25,
        "training_time (secs)": "0:00:00.702914",
        "incremental_MSE_Min": 0.00014897975429707314,
        "incremental_MSE_Median": 0.19059037986392932,
        "incremental_MSE_Max": 0.4259133333204756,
        "average_MSE": 0.004222210623951679,
        "round_threshold": 0.006990822970725442,
        "threshold": 0.18834559234674625,
        "model_round_trip": 0.02575540542602539
    },
    {
        "client_id": 3,
        "round_no": 1,
        "training_time (secs)": -1,
        "incremental_MSE_Min": 0.3279730035807701,
        "incremental_MSE_Median": 0.3770137936616364,
        "incremental_MSE_Max": 0.4146093327941868,
        "average_MSE": 0.368949684330858,
        "round_threshold": 0.41453896381424654,
        "threshold": 0.368949684330858,
        "model_round_trip": 0.08563947677612305
    },
    {
        "client_id": 3,
        "round_no": 2,
        "training_time (secs)": -1,
        "incremental_MSE_Min": 0.3279730035807701,
        "incremental_MSE_Median": 0.3968596447852703,
        "incremental_MSE_Max": 0.4224140994110372,
        "average_MSE": 0.4026610062699266,
        "round_threshold": 0.4224100904132751,
        "threshold": 0.3858053453003924,
        "model_round_trip": 0.05986666679382324
    },
    {
        "client_id": 3,
        "round_no": 3,
        "training_time (secs)": -1,
        "incremental_MSE_Min": 0.3279730035807701,
        "incremental_MSE_Median": 0.40326206816236254,
        "incremental_MSE_Max": 0.4310469634805266,
        "average_MSE": 0.4158191812540163,
        "round_threshold": 0.4309713111958357,
        "threshold": 0.3958099572849336,
        "model_round_trip": 0.037616729736328125
    },
    {
        "client_id": 3,
        "round_no": 4,
        "training_time (secs)": -1,
        "incremental_MSE_Min": 0.3279730035807701,
        "incremental_MSE_Median": 0.41228283021708756,
        "incremental_MSE_Max": 0.43968882320655295,
        "average_MSE": 0.42677534989875393,
        "round_threshold": 0.4396857845171881,
        "threshold": 0.40355130543838874,
        "model_round_trip": 0.0641782283782959
    },
    {
        "client_id": 3,
        "round_no": 5,
        "training_time (secs)": -1,
        "incremental_MSE_Min": 0.3279730035807701,
        "incremental_MSE_Median": 0.41238004170557346,
        "incremental_MSE_Max": 0.43968882320655295,
        "average_MSE": 0.41391533874267983,
        "round_threshold": 0.431270048457119,
        "threshold": 0.405624112099247,
        "model_round_trip": 0.21113824844360352
    },
    {
        "client_id": 3,
        "round_no": 6,
        "training_time (secs)": -1,
        "incremental_MSE_Min": 0.3279730035807701,
        "incremental_MSE_Median": 0.4149905631684526,
        "incremental_MSE_Max": 0.44746319292418674,
        "average_MSE": 0.42460125279208977,
        "round_threshold": 0.4474421905909471,
        "threshold": 0.4087869688813873,
        "model_round_trip": 0.021242380142211914
    },
    {
        "client_id": 3,
        "round_no": 7,
        "training_time (secs)": -1,
        "incremental_MSE_Min": 0.3279730035807701,
        "incremental_MSE_Median": 0.41449114240892554,
        "incremental_MSE_Max": 0.44746319292418674,
        "average_MSE": 0.4093812214010405,
        "round_threshold": 0.4279800035195976,
        "threshold": 0.40887186209848075,
        "model_round_trip": 0.09196782112121582
    },
    {
        "client_id": 3,
        "round_no": 8,
        "training_time (secs)": -1,
        "incremental_MSE_Min": 0.3279730035807701,
        "incremental_MSE_Median": 0.41549954553804536,
        "incremental_MSE_Max": 0.44746319292418674,
        "average_MSE": 0.4342308231689324,
        "round_threshold": 0.4469694735554727,
        "threshold": 0.4120417322322872,
        "model_round_trip": 0.06377482414245605
    },
    {
        "client_id": 3,
        "round_no": 9,
        "training_time (secs)": -1,
        "incremental_MSE_Min": 0.3279730035807701,
        "incremental_MSE_Median": 0.4155380251627626,
        "incremental_MSE_Max": 0.44746319292418674,
        "average_MSE": 0.4161991110310233,
        "round_threshold": 0.42790548072508483,
        "threshold": 0.41250366320992454,
        "model_round_trip": 0.05075836181640625
    },
    {
        "client_id": 3,
        "round_no": 10,
        "training_time (secs)": -1,
        "incremental_MSE_Min": 0.3279730035807701,
        "incremental_MSE_Median": 0.41686444485471646,
        "incremental_MSE_Max": 0.44746319292418674,
        "average_MSE": 0.4322684740552095,
        "round_threshold": 0.44128918701623904,
        "threshold": 0.414480144294453,
        "model_round_trip": 0.3234384059906006
    },
    {
        "client_id": 3,
        "round_no": 11,
        "training_time (secs)": -1,
        "incremental_MSE_Min": 0.3279730035807701,
        "incremental_MSE_Median": 0.41683309690387116,
        "incremental_MSE_Max": 0.44746319292418674,
        "average_MSE": 0.41813275457263627,
        "round_threshold": 0.4335077166405452,
        "threshold": 0.4148121997742879,
        "model_round_trip": 0.04089093208312988
    },
    {
        "client_id": 3,
        "round_no": 12,
        "training_time (secs)": -1,
        "incremental_MSE_Min": 0.3279730035807701,
        "incremental_MSE_Median": 0.41855695125812564,
        "incremental_MSE_Max": 0.45192395297345145,
        "average_MSE": 0.4358560396678145,
        "round_threshold": 0.45192383129399283,
        "threshold": 0.41656585309874844,
        "model_round_trip": 0.05497574806213379
    },
    {
        "client_id": 3,
        "round_no": 13,
        "training_time (secs)": -1,
        "incremental_MSE_Min": 0.3279730035807701,
        "incremental_MSE_Median": 0.4183888381376161,
        "incremental_MSE_Max": 0.45192395297345145,
        "average_MSE": 0.4162513288411408,
        "round_threshold": 0.42988553034558125,
        "threshold": 0.41654165892508627,
        "model_round_trip": 0.06637835502624512
    },
    {
        "client_id": 3,
        "round_no": 14,
        "training_time (secs)": -1,
        "incremental_MSE_Min": 0.3279730035807701,
        "incremental_MSE_Median": 0.41956883628463715,
        "incremental_MSE_Max": 0.45192395297345145,
        "average_MSE": 0.4352176189945946,
        "round_threshold": 0.44955962944232647,
        "threshold": 0.4178756560729083,
        "model_round_trip": 0.06419873237609863
    },
    {
        "client_id": 3,
        "round_no": 15,
        "training_time (secs)": -1,
        "incremental_MSE_Min": 0.3279730035807701,
        "incremental_MSE_Median": 0.42011354567599385,
        "incremental_MSE_Max": 0.45192395297345145,
        "average_MSE": 0.42875594429256014,
        "round_threshold": 0.44667262254207285,
        "threshold": 0.4186010086208852,
        "model_round_trip": 0.03532242774963379
    },
    {
        "client_id": 3,
        "round_no": 16,
        "training_time (secs)": -1,
        "incremental_MSE_Min": 0.3279730035807701,
        "incremental_MSE_Median": 0.4208312860576361,
        "incremental_MSE_Max": 0.45192395297345145,
        "average_MSE": 0.4304493512851759,
        "round_threshold": 0.45148193780479784,
        "threshold": 0.41934153003740327,
        "model_round_trip": 0.07013225555419922
    },
    {
        "client_id": 3,
        "round_no": 17,
        "training_time (secs)": -1,
        "incremental_MSE_Min": 0.3279730035807701,
        "incremental_MSE_Median": 0.421300702178744,
        "incremental_MSE_Max": 0.45192395297345145,
        "average_MSE": 0.43597737078419685,
        "round_threshold": 0.4488146935124244,
        "threshold": 0.42032010890486177,
        "model_round_trip": 0.025696992874145508
    },
    {
        "client_id": 3,
        "round_no": 18,
        "training_time (secs)": -1,
        "incremental_MSE_Min": 0.3279730035807701,
        "incremental_MSE_Median": 0.42204628529126165,
        "incremental_MSE_Max": 0.45628717740359837,
        "average_MSE": 0.4403597772389092,
        "round_threshold": 0.45627711920839786,
        "threshold": 0.4214334238123088,
        "model_round_trip": 0.17758560180664062
    },
    {
        "client_id": 3,
        "round_no": 19,
        "training_time (secs)": -1,
        "incremental_MSE_Min": 0.3279730035807701,
        "incremental_MSE_Median": 0.42201098073294907,
        "incremental_MSE_Max": 0.45628717740359837,
        "average_MSE": 0.4272390938246509,
        "round_threshold": 0.4443351047957825,
        "threshold": 0.4217389853919058,
        "model_round_trip": 0.05856609344482422
    },
    {
        "client_id": 3,
        "round_no": 20,
        "training_time (secs)": -1,
        "incremental_MSE_Min": 0.3279730035807701,
        "incremental_MSE_Median": 0.4226212533826247,
        "incremental_MSE_Max": 0.4586213193884567,
        "average_MSE": 0.44037164057579103,
        "round_threshold": 0.45861898552596675,
        "threshold": 0.4226706181511001,
        "model_round_trip": 0.03546905517578125
    },
    {
        "client_id": 3,
        "round_no": 21,
        "training_time (secs)": -1,
        "incremental_MSE_Min": 0.3279730035807701,
        "incremental_MSE_Median": 0.42248071079028154,
        "incremental_MSE_Max": 0.4586213193884567,
        "average_MSE": 0.41761283883808725,
        "round_threshold": 0.4407386995975327,
        "threshold": 0.42242977151714706,
        "model_round_trip": 0.07787370681762695
    },
    {
        "client_id": 3,
        "round_no": 22,
        "training_time (secs)": -1,
        "incremental_MSE_Min": 0.3279730035807701,
        "incremental_MSE_Median": 0.4227341024055444,
        "incremental_MSE_Max": 0.4586213193884567,
        "average_MSE": 0.432519952028414,
        "round_threshold": 0.4488505482717978,
        "threshold": 0.42288841608584105,
        "model_round_trip": 0.042568206787109375
    },
    {
        "client_id": 3,
        "round_no": 23,
        "training_time (secs)": -1,
        "incremental_MSE_Min": 0.3279730035807701,
        "incremental_MSE_Median": 0.42346605324418596,
        "incremental_MSE_Max": 0.4751897214584983,
        "average_MSE": 0.45868513299093727,
        "round_threshold": 0.47518856735168513,
        "threshold": 0.4244447950817148,
        "model_round_trip": 0.02863597869873047
    },
    {
        "client_id": 3,
        "round_no": 24,
        "training_time (secs)": -1,
        "incremental_MSE_Min": 0.3279730035807701,
        "incremental_MSE_Median": 0.4240407969073401,
        "incremental_MSE_Max": 0.48496956104906963,
        "average_MSE": 0.47101003895648574,
        "round_threshold": 0.4849618103933994,
        "threshold": 0.4263850135764969,
        "model_round_trip": 0.03184819221496582
    },
    {
        "client_id": 3,
        "round_no": 25,
        "training_time (secs)": -1,
        "incremental_MSE_Min": 0.3279730035807701,
        "incremental_MSE_Median": 0.42472305266070304,
        "incremental_MSE_Max": 0.48496956104906963,
        "average_MSE": 0.463063452416222,
        "round_threshold": 0.48273920331069997,
        "threshold": 0.4278521511300859,
        "model_round_trip": 0.03551030158996582
    }
]