[
    {
        "client_id": 3,
        "round_no": 1,
        "training_time (secs)": "0:00:00.874445",
        "incremental_MSE_Min": 0.3802537824226725,
        "incremental_MSE_Median": 0.41938262114681185,
        "incremental_MSE_Max": 0.4563607710771857,
        "average_MSE": 0.41884584641082556,
        "round_threshold": 0.4563217626731197,
        "threshold": 0.41884584641082556,
        "model_round_trip": 0.1051945686340332
    },
    {
        "client_id": 3,
        "round_no": 2,
        "training_time (secs)": "0:00:00.722481",
        "incremental_MSE_Min": 0.3802537824226725,
        "incremental_MSE_Median": 0.42086253269044294,
        "incremental_MSE_Max": 0.4563607710771857,
        "average_MSE": 0.4226506406370641,
        "round_threshold": 0.4487047866051724,
        "threshold": 0.42074824352394474,
        "model_round_trip": 0.035788536071777344
    },
    {
        "client_id": 3,
        "round_no": 3,
        "training_time (secs)": "0:00:00.269867",
        "incremental_MSE_Min": 0.3802537824226725,
        "incremental_MSE_Median": 0.424076024088699,
        "incremental_MSE_Max": 0.4563607710771857,
        "average_MSE": 0.4303820702814579,
        "round_threshold": 0.44326467487861804,
        "threshold": 0.4239595191097825,
        "model_round_trip": 0.24374651908874512
    },
    {
        "client_id": 3,
        "round_no": 4,
        "training_time (secs)": "0:00:00.604336",
        "incremental_MSE_Min": 0.3802537824226725,
        "incremental_MSE_Median": 0.4184168602205981,
        "incremental_MSE_Max": 0.4563607710771857,
        "average_MSE": 0.40723523618071705,
        "round_threshold": 0.4191126797979087,
        "threshold": 0.41977844837751616,
        "model_round_trip": 0.992772102355957
    },
    {
        "client_id": 3,
        "round_no": 5,
        "training_time (secs)": "0:00:00.431943",
        "incremental_MSE_Min": 0.312199368878417,
        "incremental_MSE_Median": 0.41277404182762756,
        "incremental_MSE_Max": 0.4563607710771857,
        "average_MSE": 0.3212670380756225,
        "round_threshold": 0.3321797183427384,
        "threshold": 0.40007616631713744,
        "model_round_trip": 0.061688899993896484
    },
    {
        "client_id": 3,
        "round_no": 6,
        "training_time (secs)": "0:00:00.386519",
        "incremental_MSE_Min": 0.24672821767507092,
        "incremental_MSE_Median": 0.40927037168301195,
        "incremental_MSE_Max": 0.4563607710771857,
        "average_MSE": 0.2531769655915325,
        "round_threshold": 0.2622228749541922,
        "threshold": 0.37559296619620325,
        "model_round_trip": 0.1678454875946045
    },
    {
        "client_id": 3,
        "round_no": 7,
        "training_time (secs)": "0:00:00.508313",
        "incremental_MSE_Min": 0.24672821767507092,
        "incremental_MSE_Median": 0.4004759690320934,
        "incremental_MSE_Max": 0.4563607710771857,
        "average_MSE": 0.27775679961584365,
        "round_threshold": 0.2865736909497306,
        "threshold": 0.36161637097043753,
        "model_round_trip": 0.05594372749328613
    },
    {
        "client_id": 3,
        "round_no": 8,
        "training_time (secs)": "0:00:00.322104",
        "incremental_MSE_Min": 0.22246828653738435,
        "incremental_MSE_Median": 0.35623191304229873,
        "incremental_MSE_Max": 0.4563607710771857,
        "average_MSE": 0.2270563007947205,
        "round_threshold": 0.23120539667477993,
        "threshold": 0.3447963621984729,
        "model_round_trip": 0.07224678993225098
    },
    {
        "client_id": 3,
        "round_no": 9,
        "training_time (secs)": "0:00:00.634994",
        "incremental_MSE_Min": 0.21309380506917655,
        "incremental_MSE_Median": 0.3204047542092493,
        "incremental_MSE_Max": 0.4563607710771857,
        "average_MSE": 0.22213545129112616,
        "round_threshold": 0.2308937325904355,
        "threshold": 0.3311673720976566,
        "model_round_trip": 0.05037117004394531
    },
    {
        "client_id": 3,
        "round_no": 10,
        "training_time (secs)": "0:00:00.432283",
        "incremental_MSE_Min": 0.21309380506917655,
        "incremental_MSE_Median": 0.29943624919620393,
        "incremental_MSE_Max": 0.4563607710771857,
        "average_MSE": 0.23897818339945306,
        "round_threshold": 0.24399982363847364,
        "threshold": 0.3219484532278363,
        "model_round_trip": 0.31714606285095215
    },
    {
        "client_id": 3,
        "round_no": 11,
        "training_time (secs)": "0:00:00.456347",
        "incremental_MSE_Min": 0.19274499198072473,
        "incremental_MSE_Median": 0.276948910669681,
        "incremental_MSE_Max": 0.4563607710771857,
        "average_MSE": 0.2010556484275192,
        "round_threshold": 0.21104879992816283,
        "threshold": 0.31095819824598925,
        "model_round_trip": 0.36586952209472656
    },
    {
        "client_id": 3,
        "round_no": 12,
        "training_time (secs)": "0:00:00.590652",
        "incremental_MSE_Min": 0.14965572561987722,
        "incremental_MSE_Median": 0.267404512531911,
        "incremental_MSE_Max": 0.4563607710771857,
        "average_MSE": 0.16250257994932768,
        "round_threshold": 0.16967853389360119,
        "threshold": 0.2985868967212674,
        "model_round_trip": 0.05036163330078125
    },
    {
        "client_id": 3,
        "round_no": 13,
        "training_time (secs)": "0:00:00.556159",
        "incremental_MSE_Min": 0.08190119754415615,
        "incremental_MSE_Median": 0.2532389115174008,
        "incremental_MSE_Max": 0.4563607710771857,
        "average_MSE": 0.0848697698710502,
        "round_threshold": 0.08902482735703875,
        "threshold": 0.2821471177327892,
        "model_round_trip": 0.09692049026489258
    },
    {
        "client_id": 3,
        "round_no": 14,
        "training_time (secs)": "0:00:00.624557",
        "incremental_MSE_Min": 0.03499260790934067,
        "incremental_MSE_Median": 0.24537239700897162,
        "incremental_MSE_Max": 0.4563607710771857,
        "average_MSE": 0.0413410942200762,
        "round_threshold": 0.0464074491408806,
        "threshold": 0.2649466874818811,
        "model_round_trip": 0.06483578681945801
    },
    {
        "client_id": 3,
        "round_no": 15,
        "training_time (secs)": "0:00:00.822152",
        "incremental_MSE_Min": 0.02884856544745012,
        "incremental_MSE_Median": 0.24090477631040008,
        "incremental_MSE_Max": 0.4563607710771857,
        "average_MSE": 0.03428930582657118,
        "round_threshold": 0.03952695261089331,
        "threshold": 0.24956952870486052,
        "model_round_trip": 0.0449521541595459
    },
    {
        "client_id": 3,
        "round_no": 16,
        "training_time (secs)": "0:00:00.877763",
        "incremental_MSE_Min": 0.016501411407845636,
        "incremental_MSE_Median": 0.2304177940571964,
        "incremental_MSE_Max": 0.4563607710771857,
        "average_MSE": 0.021868435537699713,
        "round_threshold": 0.02795913107750442,
        "threshold": 0.2353382103819129,
        "model_round_trip": 0.041210174560546875
    },
    {
        "client_id": 3,
        "round_no": 17,
        "training_time (secs)": "0:00:00.587342",
        "incremental_MSE_Min": 0.007886901225494899,
        "incremental_MSE_Median": 0.22743038619091363,
        "incremental_MSE_Max": 0.4563607710771857,
        "average_MSE": 0.015776172560697826,
        "round_threshold": 0.02126129412543449,
        "threshold": 0.2224227963924297,
        "model_round_trip": 0.025592565536499023
    },
    {
        "client_id": 3,
        "round_no": 18,
        "training_time (secs)": "0:00:00.602266",
        "incremental_MSE_Min": 0.0032011959527573196,
        "incremental_MSE_Median": 0.2257236753460744,
        "incremental_MSE_Max": 0.4563607710771857,
        "average_MSE": 0.0041482655743262445,
        "round_threshold": 0.007065246063814078,
        "threshold": 0.2102964335692017,
        "model_round_trip": 0.03607988357543945
    },
    {
        "client_id": 3,
        "round_no": 19,
        "training_time (secs)": "0:00:00.610044",
        "incremental_MSE_Min": 0.0018058852640360015,
        "incremental_MSE_Median": 0.22341629123149695,
        "incremental_MSE_Max": 0.4563607710771857,
        "average_MSE": 0.007674458749132742,
        "round_threshold": 0.015118448970288346,
        "threshold": 0.19963211910498757,
        "model_round_trip": 0.16852736473083496
    },
    {
        "client_id": 3,
        "round_no": 20,
        "training_time (secs)": "0:00:00.803186",
        "incremental_MSE_Min": 0.0018058852640360015,
        "incremental_MSE_Median": 0.2120845280857241,
        "incremental_MSE_Max": 0.4563607710771857,
        "average_MSE": 0.00960392298306645,
        "round_threshold": 0.016787580397238478,
        "threshold": 0.19013070929889153,
        "model_round_trip": 0.04628872871398926
    },
    {
        "client_id": 3,
        "round_no": 21,
        "training_time (secs)": "0:00:00.760998",
        "incremental_MSE_Min": 0.0018058852640360015,
        "incremental_MSE_Median": 0.20013162530858253,
        "incremental_MSE_Max": 0.4563607710771857,
        "average_MSE": 0.0073029294928758865,
        "round_threshold": 0.012327748806308938,
        "threshold": 0.18142462454622407,
        "model_round_trip": 0.07495546340942383
    },
    {
        "client_id": 3,
        "round_no": 22,
        "training_time (secs)": "0:00:00.649929",
        "incremental_MSE_Min": 0.0018058852640360015,
        "incremental_MSE_Median": 0.18121187278717132,
        "incremental_MSE_Max": 0.4563607710771857,
        "average_MSE": 0.00876743168610346,
        "round_threshold": 0.014228026163645754,
        "threshold": 0.17357657032530951,
        "model_round_trip": 0.07261872291564941
    },
    {
        "client_id": 3,
        "round_no": 23,
        "training_time (secs)": "0:00:00.415702",
        "incremental_MSE_Min": 0.001554607092463358,
        "incremental_MSE_Median": 0.16506840412426987,
        "incremental_MSE_Max": 0.4563607710771857,
        "average_MSE": 0.008263662382648813,
        "round_threshold": 0.011683468775804543,
        "threshold": 0.16638905258867207,
        "model_round_trip": 0.04999089241027832
    },
    {
        "client_id": 3,
        "round_no": 24,
        "training_time (secs)": "0:00:00.575438",
        "incremental_MSE_Min": 0.001135098712407991,
        "incremental_MSE_Median": 0.11934556177389517,
        "incremental_MSE_Max": 0.4563607710771857,
        "average_MSE": 0.007681410450273747,
        "round_threshold": 0.014432800735889664,
        "threshold": 0.15977623416623885,
        "model_round_trip": 0.21703076362609863
    },
    {
        "client_id": 3,
        "round_no": 25,
        "training_time (secs)": "0:00:00.615284",
        "incremental_MSE_Min": 0.001135098712407991,
        "incremental_MSE_Median": 0.08468324142699098,
        "incremental_MSE_Max": 0.4563607710771857,
        "average_MSE": 0.009018962442018637,
        "round_threshold": 0.012766852385922208,
        "threshold": 0.15374594329727,
        "model_round_trip": 0.06156110763549805
    }
]