{
    "losses_distributed": {
        "1": [
            1,
            2.0541577339172363
        ],
        "2": [
            2,
            1.4163618087768555
        ],
        "3": [
            3,
            1.178859829902649
        ],
        "4": [
            4,
            1.028598666191101
        ],
        "5": [
            5,
            0.9960076808929443
        ],
        "6": [
            6,
            0.9233741760253906
        ],
        "7": [
            7,
            0.9226101040840149
        ],
        "8": [
            8,
            0.8857086300849915
        ],
        "9": [
            9,
            0.87740558385849
        ],
        "10": [
            10,
            0.8479074835777283
        ],
        "11": [
            11,
            0.8120409250259399
        ],
        "12": [
            12,
            0.8498395681381226
        ],
        "13": [
            13,
            0.7932584881782532
        ],
        "14": [
            14,
            0.8012517094612122
        ],
        "15": [
            15,
            0.8086686730384827
        ]
    },
    "metrics_distributed_fit": {
        "FL_loss": [
            [
                1,
                2.592944728088379
            ],
            [
                2,
                2.2925088338661195
            ],
            [
                3,
                2.167542446279526
            ],
            [
                4,
                2.0810830136871337
            ],
            [
                5,
                2.172605352230072
            ],
            [
                6,
                2.1297815303707126
            ],
            [
                7,
                2.0497769089508058
            ],
            [
                8,
                2.0871447588348393
            ],
            [
                9,
                2.0142165909099576
            ],
            [
                10,
                1.9710290881109238
            ],
            [
                11,
                2.2028059213256834
            ],
            [
                12,
                2.094184639472961
            ],
            [
                13,
                2.476294152674675
            ],
            [
                14,
                2.053722611026764
            ],
            [
                15,
                2.112066816039085
            ]
        ],
        "FL_accuracy": [
            [
                1,
                0.19527
            ],
            [
                2,
                0.33627999999999997
            ],
            [
                3,
                0.35990999999999995
            ],
            [
                4,
                0.39164999999999994
            ],
            [
                5,
                0.41624
            ],
            [
                6,
                0.42736
            ],
            [
                7,
                0.45674000000000003
            ],
            [
                8,
                0.48102999999999996
            ],
            [
                9,
                0.49049
            ],
            [
                10,
                0.49629
            ],
            [
                11,
                0.45524
            ],
            [
                12,
                0.49093
            ],
            [
                13,
                0.43802
            ],
            [
                14,
                0.50821
            ],
            [
                15,
                0.50376
            ]
        ]
    },
    "metrics_distributed": {
        "FL_accuracy": [
            [
                1,
                0.27349999999999997
            ],
            [
                2,
                0.519
            ],
            [
                3,
                0.5713
            ],
            [
                4,
                0.6213
            ],
            [
                5,
                0.6260000000000001
            ],
            [
                6,
                0.6636
            ],
            [
                7,
                0.6632
            ],
            [
                8,
                0.6758
            ],
            [
                9,
                0.6967
            ],
            [
                10,
                0.6965000000000001
            ],
            [
                11,
                0.7215
            ],
            [
                12,
                0.6908000000000001
            ],
            [
                13,
                0.7335
            ],
            [
                14,
                0.7153
            ],
            [
                15,
                0.7233
            ]
        ]
    },
    "FL_loss": {
        "1": 2.592944728088379,
        "2": 2.2925088338661195,
        "3": 2.167542446279526,
        "4": 2.0810830136871337,
        "5": 2.172605352230072,
        "6": 2.1297815303707126,
        "7": 2.0497769089508058,
        "8": 2.0871447588348393,
        "9": 2.0142165909099576,
        "10": 1.9710290881109238,
        "11": 2.2028059213256834,
        "12": 2.094184639472961,
        "13": 2.476294152674675,
        "14": 2.053722611026764,
        "15": 2.112066816039085
    },
    "FL_accuracy": {
        "1": 0.19527,
        "2": 0.33627999999999997,
        "3": 0.35990999999999995,
        "4": 0.39164999999999994,
        "5": 0.41624,
        "6": 0.42736,
        "7": 0.45674000000000003,
        "8": 0.48102999999999996,
        "9": 0.49049,
        "10": 0.49629,
        "11": 0.45524,
        "12": 0.49093,
        "13": 0.43802,
        "14": 0.50821,
        "15": 0.50376
    }
}