{
    "losses_distributed": {
        "1": [
            1,
            2.2561371326446533
        ],
        "2": [
            2,
            1.9523301124572754
        ],
        "3": [
            3,
            1.2908320426940918
        ],
        "4": [
            4,
            1.0408883094787598
        ],
        "5": [
            5,
            0.8926784992218018
        ],
        "6": [
            6,
            0.8528934121131897
        ],
        "7": [
            7,
            0.8560092449188232
        ],
        "8": [
            8,
            0.7956470847129822
        ],
        "9": [
            9,
            0.7606415748596191
        ],
        "10": [
            10,
            0.8092355728149414
        ],
        "11": [
            11,
            0.7659083604812622
        ],
        "12": [
            12,
            0.7136684060096741
        ],
        "13": [
            13,
            0.6966878175735474
        ],
        "14": [
            14,
            0.7267941832542419
        ],
        "15": [
            15,
            0.6696018576622009
        ]
    },
    "metrics_distributed_fit": {
        "FL_loss": [
            [
                1,
                2.5312942708206174
            ],
            [
                2,
                2.49222869720459
            ],
            [
                3,
                2.1273382579422
            ],
            [
                4,
                2.0758219776535034
            ],
            [
                5,
                1.917888335819244
            ],
            [
                6,
                2.1149088262081146
            ],
            [
                7,
                1.9910273973464965
            ],
            [
                8,
                1.9641224694728847
            ],
            [
                9,
                1.7487605943870546
            ],
            [
                10,
                1.8241593780994414
            ],
            [
                11,
                1.6875647222900394
            ],
            [
                12,
                1.7353911313676833
            ],
            [
                13,
                1.7289229859447481
            ],
            [
                14,
                2.0252395428657533
            ],
            [
                15,
                1.6751665363883972
            ]
        ],
        "FL_accuracy": [
            [
                1,
                0.13264000000000004
            ],
            [
                2,
                0.21441999999999997
            ],
            [
                3,
                0.34878
            ],
            [
                4,
                0.38800999999999997
            ],
            [
                5,
                0.42052999999999996
            ],
            [
                6,
                0.41089000000000003
            ],
            [
                7,
                0.43886000000000003
            ],
            [
                8,
                0.46866
            ],
            [
                9,
                0.4899000000000001
            ],
            [
                10,
                0.49155999999999994
            ],
            [
                11,
                0.50566
            ],
            [
                12,
                0.49799
            ],
            [
                13,
                0.52074
            ],
            [
                14,
                0.47919
            ],
            [
                15,
                0.52737
            ]
        ]
    },
    "metrics_distributed": {
        "FL_accuracy": [
            [
                1,
                0.1006
            ],
            [
                2,
                0.3793000000000001
            ],
            [
                3,
                0.5361
            ],
            [
                4,
                0.5838
            ],
            [
                5,
                0.652
            ],
            [
                6,
                0.6727999999999998
            ],
            [
                7,
                0.6584000000000001
            ],
            [
                8,
                0.6998999999999999
            ],
            [
                9,
                0.7169999999999999
            ],
            [
                10,
                0.6989
            ],
            [
                11,
                0.7115
            ],
            [
                12,
                0.7329
            ],
            [
                13,
                0.7436
            ],
            [
                14,
                0.7299
            ],
            [
                15,
                0.7516
            ]
        ]
    },
    "FL_loss": {
        "1": 2.5312942708206174,
        "2": 2.49222869720459,
        "3": 2.1273382579422,
        "4": 2.0758219776535034,
        "5": 1.917888335819244,
        "6": 2.1149088262081146,
        "7": 1.9910273973464965,
        "8": 1.9641224694728847,
        "9": 1.7487605943870546,
        "10": 1.8241593780994414,
        "11": 1.6875647222900394,
        "12": 1.7353911313676833,
        "13": 1.7289229859447481,
        "14": 2.0252395428657533,
        "15": 1.6751665363883972
    },
    "FL_accuracy": {
        "1": 0.13264000000000004,
        "2": 0.21441999999999997,
        "3": 0.34878,
        "4": 0.38800999999999997,
        "5": 0.42052999999999996,
        "6": 0.41089000000000003,
        "7": 0.43886000000000003,
        "8": 0.46866,
        "9": 0.4899000000000001,
        "10": 0.49155999999999994,
        "11": 0.50566,
        "12": 0.49799,
        "13": 0.52074,
        "14": 0.47919,
        "15": 0.52737
    }
}