{
    "losses_distributed": {
        "1": [
            1,
            2.3796541690826416
        ],
        "2": [
            2,
            1.7588907480239868
        ],
        "3": [
            3,
            1.5396418571472168
        ],
        "4": [
            4,
            1.1968088150024414
        ],
        "5": [
            5,
            1.3766992092132568
        ],
        "6": [
            6,
            1.0676394701004028
        ],
        "7": [
            7,
            0.9551387429237366
        ],
        "8": [
            8,
            1.008811354637146
        ],
        "9": [
            9,
            0.9917223453521729
        ],
        "10": [
            10,
            1.2522791624069214
        ],
        "11": [
            11,
            0.8602891564369202
        ],
        "12": [
            12,
            0.8688634037971497
        ],
        "13": [
            13,
            0.8330998420715332
        ],
        "14": [
            14,
            0.892520546913147
        ],
        "15": [
            15,
            0.9043074250221252
        ]
    },
    "metrics_distributed_fit": {
        "FL_loss": [
            [
                1,
                2.565666526260376
            ],
            [
                2,
                2.401190524597168
            ],
            [
                3,
                2.0781175829505925
            ],
            [
                4,
                2.1224808308696743
            ],
            [
                5,
                1.8882741344738005
            ],
            [
                6,
                1.7810350503730774
            ],
            [
                7,
                1.8606858218669895
            ],
            [
                8,
                1.8770137300014498
            ],
            [
                9,
                1.7575397409772873
            ],
            [
                10,
                1.8858007679891589
            ],
            [
                11,
                1.796377569594383
            ],
            [
                12,
                1.7764952435111998
            ],
            [
                13,
                1.6417973075819012
            ],
            [
                14,
                1.7873337275934218
            ],
            [
                15,
                1.7133685715055467
            ]
        ],
        "FL_accuracy": [
            [
                1,
                0.18533000000000002
            ],
            [
                2,
                0.27978000000000003
            ],
            [
                3,
                0.34578000000000003
            ],
            [
                4,
                0.34447
            ],
            [
                5,
                0.4107
            ],
            [
                6,
                0.45027
            ],
            [
                7,
                0.44876000000000005
            ],
            [
                8,
                0.46348
            ],
            [
                9,
                0.4913
            ],
            [
                10,
                0.46295000000000003
            ],
            [
                11,
                0.49207999999999996
            ],
            [
                12,
                0.48327
            ],
            [
                13,
                0.51336
            ],
            [
                14,
                0.50524
            ],
            [
                15,
                0.51185
            ]
        ]
    },
    "metrics_distributed": {
        "FL_accuracy": [
            [
                1,
                0.1
            ],
            [
                2,
                0.3765
            ],
            [
                3,
                0.4486
            ],
            [
                4,
                0.4596
            ],
            [
                5,
                0.4732
            ],
            [
                6,
                0.5441
            ],
            [
                7,
                0.6016000000000001
            ],
            [
                8,
                0.6081000000000001
            ],
            [
                9,
                0.6105
            ],
            [
                10,
                0.6428
            ],
            [
                11,
                0.6752
            ],
            [
                12,
                0.6639999999999999
            ],
            [
                13,
                0.6932
            ],
            [
                14,
                0.6855
            ],
            [
                15,
                0.665
            ]
        ]
    },
    "FL_loss": {
        "1": 2.565666526260376,
        "2": 2.401190524597168,
        "3": 2.0781175829505925,
        "4": 2.1224808308696743,
        "5": 1.8882741344738005,
        "6": 1.7810350503730774,
        "7": 1.8606858218669895,
        "8": 1.8770137300014498,
        "9": 1.7575397409772873,
        "10": 1.8858007679891589,
        "11": 1.796377569594383,
        "12": 1.7764952435111998,
        "13": 1.6417973075819012,
        "14": 1.7873337275934218,
        "15": 1.7133685715055467
    },
    "FL_accuracy": {
        "1": 0.18533000000000002,
        "2": 0.27978000000000003,
        "3": 0.34578000000000003,
        "4": 0.34447,
        "5": 0.4107,
        "6": 0.45027,
        "7": 0.44876000000000005,
        "8": 0.46348,
        "9": 0.4913,
        "10": 0.46295000000000003,
        "11": 0.49207999999999996,
        "12": 0.48327,
        "13": 0.51336,
        "14": 0.50524,
        "15": 0.51185
    }
}