{
    "losses_distributed": {
        "1": [
            1,
            2.2068004608154297
        ],
        "2": [
            2,
            1.6661866903305054
        ],
        "3": [
            3,
            1.1575608253479004
        ],
        "4": [
            4,
            0.9944465160369873
        ],
        "5": [
            5,
            0.9162140488624573
        ],
        "6": [
            6,
            0.8184725046157837
        ],
        "7": [
            7,
            0.7954793572425842
        ],
        "8": [
            8,
            0.7735652327537537
        ],
        "9": [
            9,
            0.7365909814834595
        ],
        "10": [
            10,
            0.7293565273284912
        ],
        "11": [
            11,
            0.7198030948638916
        ],
        "12": [
            12,
            0.7425509095191956
        ],
        "13": [
            13,
            0.7053755521774292
        ],
        "14": [
            14,
            0.6883999109268188
        ],
        "15": [
            15,
            0.690138041973114
        ]
    },
    "metrics_distributed_fit": {
        "FL_loss": [
            [
                1,
                2.626610045967102
            ],
            [
                2,
                2.399870201625824
            ],
            [
                3,
                2.1392122423362734
            ],
            [
                4,
                1.9885405276870727
            ],
            [
                5,
                1.9893845058727266
            ],
            [
                6,
                1.8646299493408205
            ],
            [
                7,
                2.005046525793076
            ],
            [
                8,
                1.7938613423728946
            ],
            [
                9,
                1.8442665156078337
            ],
            [
                10,
                1.9136949224996567
            ],
            [
                11,
                1.8245906343698501
            ],
            [
                12,
                1.8274570002985002
            ],
            [
                13,
                1.833312240715027
            ],
            [
                14,
                1.7348742594861981
            ],
            [
                15,
                1.755673552722931
            ]
        ],
        "FL_accuracy": [
            [
                1,
                0.18684
            ],
            [
                2,
                0.2822
            ],
            [
                3,
                0.38546
            ],
            [
                4,
                0.41137000000000007
            ],
            [
                5,
                0.43643
            ],
            [
                6,
                0.45749000000000006
            ],
            [
                7,
                0.44536
            ],
            [
                8,
                0.4854
            ],
            [
                9,
                0.4926500000000001
            ],
            [
                10,
                0.46988
            ],
            [
                11,
                0.4872399999999999
            ],
            [
                12,
                0.47656
            ],
            [
                13,
                0.49022000000000004
            ],
            [
                14,
                0.5249499999999999
            ],
            [
                15,
                0.50241
            ]
        ]
    },
    "metrics_distributed": {
        "FL_accuracy": [
            [
                1,
                0.3028
            ],
            [
                2,
                0.42560000000000003
            ],
            [
                3,
                0.5414000000000001
            ],
            [
                4,
                0.6100000000000001
            ],
            [
                5,
                0.6365999999999999
            ],
            [
                6,
                0.6811
            ],
            [
                7,
                0.716
            ],
            [
                8,
                0.7115
            ],
            [
                9,
                0.7294
            ],
            [
                10,
                0.7282
            ],
            [
                11,
                0.7278
            ],
            [
                12,
                0.7356999999999999
            ],
            [
                13,
                0.7424
            ],
            [
                14,
                0.7463999999999998
            ],
            [
                15,
                0.729
            ]
        ]
    },
    "FL_loss": {
        "1": 2.626610045967102,
        "2": 2.399870201625824,
        "3": 2.1392122423362734,
        "4": 1.9885405276870727,
        "5": 1.9893845058727266,
        "6": 1.8646299493408205,
        "7": 2.005046525793076,
        "8": 1.7938613423728946,
        "9": 1.8442665156078337,
        "10": 1.9136949224996567,
        "11": 1.8245906343698501,
        "12": 1.8274570002985002,
        "13": 1.833312240715027,
        "14": 1.7348742594861981,
        "15": 1.755673552722931
    },
    "FL_accuracy": {
        "1": 0.18684,
        "2": 0.2822,
        "3": 0.38546,
        "4": 0.41137000000000007,
        "5": 0.43643,
        "6": 0.45749000000000006,
        "7": 0.44536,
        "8": 0.4854,
        "9": 0.4926500000000001,
        "10": 0.46988,
        "11": 0.4872399999999999,
        "12": 0.47656,
        "13": 0.49022000000000004,
        "14": 0.5249499999999999,
        "15": 0.50241
    }
}