{
    "losses_distributed": {
        "1": [
            1,
            2.2105071544647217
        ],
        "2": [
            2,
            1.7078721523284912
        ],
        "3": [
            3,
            1.1827231645584106
        ],
        "4": [
            4,
            0.9913568496704102
        ],
        "5": [
            5,
            0.8762806057929993
        ],
        "6": [
            6,
            0.8595062494277954
        ],
        "7": [
            7,
            0.7956177592277527
        ],
        "8": [
            8,
            0.8416510224342346
        ],
        "9": [
            9,
            0.7406383156776428
        ],
        "10": [
            10,
            0.7888068556785583
        ],
        "11": [
            11,
            0.7250446677207947
        ],
        "12": [
            12,
            0.742972195148468
        ],
        "13": [
            13,
            0.7074393630027771
        ],
        "14": [
            14,
            0.6880689263343811
        ],
        "15": [
            15,
            0.6917092204093933
        ]
    },
    "metrics_distributed_fit": {
        "FL_loss": [
            [
                1,
                2.5946333805847166
            ],
            [
                2,
                2.354835019836426
            ],
            [
                3,
                2.1535504275131223
            ],
            [
                4,
                1.9450219688224795
            ],
            [
                5,
                2.160391791553497
            ],
            [
                6,
                1.8457771128463747
            ],
            [
                7,
                1.9255122663879394
            ],
            [
                8,
                2.026037185821533
            ],
            [
                9,
                1.724768140192032
            ],
            [
                10,
                1.893554364681244
            ],
            [
                11,
                2.0205745637607575
            ],
            [
                12,
                1.6778325498008726
            ],
            [
                13,
                1.6876511880111695
            ],
            [
                14,
                1.679550167994499
            ],
            [
                15,
                1.7233938657188417
            ]
        ],
        "FL_accuracy": [
            [
                1,
                0.13396
            ],
            [
                2,
                0.24761999999999995
            ],
            [
                3,
                0.34306
            ],
            [
                4,
                0.41498000000000007
            ],
            [
                5,
                0.3992699999999999
            ],
            [
                6,
                0.44716999999999996
            ],
            [
                7,
                0.45987999999999996
            ],
            [
                8,
                0.45388
            ],
            [
                9,
                0.48488999999999993
            ],
            [
                10,
                0.47659
            ],
            [
                11,
                0.4386
            ],
            [
                12,
                0.50139
            ],
            [
                13,
                0.5108699999999999
            ],
            [
                14,
                0.52903
            ],
            [
                15,
                0.5100100000000001
            ]
        ]
    },
    "metrics_distributed": {
        "FL_accuracy": [
            [
                1,
                0.1961
            ],
            [
                2,
                0.46049999999999996
            ],
            [
                3,
                0.5867000000000001
            ],
            [
                4,
                0.6086
            ],
            [
                5,
                0.6481000000000001
            ],
            [
                6,
                0.6782000000000001
            ],
            [
                7,
                0.6980000000000001
            ],
            [
                8,
                0.6908000000000001
            ],
            [
                9,
                0.7245
            ],
            [
                10,
                0.7112
            ],
            [
                11,
                0.7225
            ],
            [
                12,
                0.7329999999999999
            ],
            [
                13,
                0.7213
            ],
            [
                14,
                0.7468000000000001
            ],
            [
                15,
                0.7313
            ]
        ]
    },
    "FL_loss": {
        "1": 2.5946333805847166,
        "2": 2.354835019836426,
        "3": 2.1535504275131223,
        "4": 1.9450219688224795,
        "5": 2.160391791553497,
        "6": 1.8457771128463747,
        "7": 1.9255122663879394,
        "8": 2.026037185821533,
        "9": 1.724768140192032,
        "10": 1.893554364681244,
        "11": 2.0205745637607575,
        "12": 1.6778325498008726,
        "13": 1.6876511880111695,
        "14": 1.679550167994499,
        "15": 1.7233938657188417
    },
    "FL_accuracy": {
        "1": 0.13396,
        "2": 0.24761999999999995,
        "3": 0.34306,
        "4": 0.41498000000000007,
        "5": 0.3992699999999999,
        "6": 0.44716999999999996,
        "7": 0.45987999999999996,
        "8": 0.45388,
        "9": 0.48488999999999993,
        "10": 0.47659,
        "11": 0.4386,
        "12": 0.50139,
        "13": 0.5108699999999999,
        "14": 0.52903,
        "15": 0.5100100000000001
    }
}