{
    "losses_distributed": {
        "1": [
            1,
            2.35569167137146
        ],
        "2": [
            2,
            1.7410110235214233
        ],
        "3": [
            3,
            1.2770599126815796
        ],
        "4": [
            4,
            1.259228229522705
        ],
        "5": [
            5,
            1.0564894676208496
        ],
        "6": [
            6,
            1.2138289213180542
        ],
        "7": [
            7,
            0.9226107001304626
        ],
        "8": [
            8,
            1.1098791360855103
        ],
        "9": [
            9,
            0.9145477414131165
        ],
        "10": [
            10,
            0.9408993721008301
        ],
        "11": [
            11,
            0.8606842756271362
        ],
        "12": [
            12,
            0.8987268805503845
        ],
        "13": [
            13,
            0.8473087549209595
        ],
        "14": [
            14,
            0.9345744848251343
        ],
        "15": [
            15,
            0.865976870059967
        ]
    },
    "metrics_distributed_fit": {
        "FL_loss": [
            [
                1,
                2.572002747764587
            ],
            [
                2,
                2.3392383793830867
            ],
            [
                3,
                2.012053603992462
            ],
            [
                4,
                1.9968460391998293
            ],
            [
                5,
                1.8189004008960723
            ],
            [
                6,
                1.73796463596344
            ],
            [
                7,
                1.7874644315338135
            ],
            [
                8,
                1.7537355990982058
            ],
            [
                9,
                1.6730086095285415
            ],
            [
                10,
                1.7120093663215639
            ],
            [
                11,
                1.617261446080208
            ],
            [
                12,
                1.666700738315582
            ],
            [
                13,
                1.6669170862340927
            ],
            [
                14,
                1.678026126537323
            ],
            [
                15,
                1.6537353849697112
            ]
        ],
        "FL_accuracy": [
            [
                1,
                0.18861
            ],
            [
                2,
                0.27688999999999997
            ],
            [
                3,
                0.37188000000000004
            ],
            [
                4,
                0.389
            ],
            [
                5,
                0.43555
            ],
            [
                6,
                0.46774000000000004
            ],
            [
                7,
                0.46876000000000007
            ],
            [
                8,
                0.4729
            ],
            [
                9,
                0.48811
            ],
            [
                10,
                0.4982500000000001
            ],
            [
                11,
                0.51049
            ],
            [
                12,
                0.50727
            ],
            [
                13,
                0.50897
            ],
            [
                14,
                0.50779
            ],
            [
                15,
                0.51685
            ]
        ]
    },
    "metrics_distributed": {
        "FL_accuracy": [
            [
                1,
                0.1757
            ],
            [
                2,
                0.371
            ],
            [
                3,
                0.4867
            ],
            [
                4,
                0.46849999999999997
            ],
            [
                5,
                0.5466
            ],
            [
                6,
                0.5290999999999999
            ],
            [
                7,
                0.6433
            ],
            [
                8,
                0.5527
            ],
            [
                9,
                0.6563
            ],
            [
                10,
                0.6295
            ],
            [
                11,
                0.6746
            ],
            [
                12,
                0.673
            ],
            [
                13,
                0.6822
            ],
            [
                14,
                0.6812000000000001
            ],
            [
                15,
                0.7047
            ]
        ]
    },
    "FL_loss": {
        "1": 2.572002747764587,
        "2": 2.3392383793830867,
        "3": 2.012053603992462,
        "4": 1.9968460391998293,
        "5": 1.8189004008960723,
        "6": 1.73796463596344,
        "7": 1.7874644315338135,
        "8": 1.7537355990982058,
        "9": 1.6730086095285415,
        "10": 1.7120093663215639,
        "11": 1.617261446080208,
        "12": 1.666700738315582,
        "13": 1.6669170862340927,
        "14": 1.678026126537323,
        "15": 1.6537353849697112
    },
    "FL_accuracy": {
        "1": 0.18861,
        "2": 0.27688999999999997,
        "3": 0.37188000000000004,
        "4": 0.389,
        "5": 0.43555,
        "6": 0.46774000000000004,
        "7": 0.46876000000000007,
        "8": 0.4729,
        "9": 0.48811,
        "10": 0.4982500000000001,
        "11": 0.51049,
        "12": 0.50727,
        "13": 0.50897,
        "14": 0.50779,
        "15": 0.51685
    }
}