{
    "losses_distributed": {
        "1": [
            1,
            2.0511388778686523
        ],
        "2": [
            2,
            1.454712986946106
        ],
        "3": [
            3,
            1.2171303033828735
        ],
        "4": [
            4,
            1.0665065050125122
        ],
        "5": [
            5,
            1.0025702714920044
        ],
        "6": [
            6,
            0.9479175209999084
        ],
        "7": [
            7,
            0.8908453583717346
        ],
        "8": [
            8,
            0.8452513217926025
        ],
        "9": [
            9,
            0.8510469794273376
        ],
        "10": [
            10,
            0.8992222547531128
        ],
        "11": [
            11,
            0.807186484336853
        ],
        "12": [
            12,
            0.8301792144775391
        ],
        "13": [
            13,
            0.7840083241462708
        ],
        "14": [
            14,
            0.8288343548774719
        ],
        "15": [
            15,
            0.883116602897644
        ]
    },
    "metrics_distributed_fit": {
        "FL_loss": [
            [
                1,
                2.5536396336746217
            ],
            [
                2,
                2.293520568962097
            ],
            [
                3,
                2.36194999425888
            ],
            [
                4,
                2.186966329898834
            ],
            [
                5,
                2.1593520167160034
            ],
            [
                6,
                2.0897071229743958
            ],
            [
                7,
                2.0423284830665587
            ],
            [
                8,
                2.033819247732162
            ],
            [
                9,
                1.9505814150476457
            ],
            [
                10,
                1.969449622440338
            ],
            [
                11,
                1.9429933154058456
            ],
            [
                12,
                2.1517511515760424
            ],
            [
                13,
                2.039887989077568
            ],
            [
                14,
                2.0329036949014663
            ],
            [
                15,
                2.1579634832668306
            ]
        ],
        "FL_accuracy": [
            [
                1,
                0.20657
            ],
            [
                2,
                0.33281
            ],
            [
                3,
                0.35074000000000005
            ],
            [
                4,
                0.4045500000000001
            ],
            [
                5,
                0.42352
            ],
            [
                6,
                0.43137
            ],
            [
                7,
                0.46304
            ],
            [
                8,
                0.48918999999999996
            ],
            [
                9,
                0.4902
            ],
            [
                10,
                0.50838
            ],
            [
                11,
                0.49487000000000003
            ],
            [
                12,
                0.47763999999999995
            ],
            [
                13,
                0.5010100000000001
            ],
            [
                14,
                0.50168
            ],
            [
                15,
                0.48610999999999993
            ]
        ]
    },
    "metrics_distributed": {
        "FL_accuracy": [
            [
                1,
                0.3047
            ],
            [
                2,
                0.43810000000000004
            ],
            [
                3,
                0.4974
            ],
            [
                4,
                0.5933
            ],
            [
                5,
                0.6289
            ],
            [
                6,
                0.6746999999999999
            ],
            [
                7,
                0.691
            ],
            [
                8,
                0.6940999999999999
            ],
            [
                9,
                0.688
            ],
            [
                10,
                0.6658999999999999
            ],
            [
                11,
                0.7061
            ],
            [
                12,
                0.6927000000000001
            ],
            [
                13,
                0.723
            ],
            [
                14,
                0.6977
            ],
            [
                15,
                0.6822
            ]
        ]
    },
    "FL_loss": {
        "1": 2.5536396336746217,
        "2": 2.293520568962097,
        "3": 2.36194999425888,
        "4": 2.186966329898834,
        "5": 2.1593520167160034,
        "6": 2.0897071229743958,
        "7": 2.0423284830665587,
        "8": 2.033819247732162,
        "9": 1.9505814150476457,
        "10": 1.969449622440338,
        "11": 1.9429933154058456,
        "12": 2.1517511515760424,
        "13": 2.039887989077568,
        "14": 2.0329036949014663,
        "15": 2.1579634832668306
    },
    "FL_accuracy": {
        "1": 0.20657,
        "2": 0.33281,
        "3": 0.35074000000000005,
        "4": 0.4045500000000001,
        "5": 0.42352,
        "6": 0.43137,
        "7": 0.46304,
        "8": 0.48918999999999996,
        "9": 0.4902,
        "10": 0.50838,
        "11": 0.49487000000000003,
        "12": 0.47763999999999995,
        "13": 0.5010100000000001,
        "14": 0.50168,
        "15": 0.48610999999999993
    }
}