{
    "losses_distributed": {
        "1": [
            1,
            2.135316848754883
        ],
        "2": [
            2,
            1.548431158065796
        ],
        "3": [
            3,
            1.1848033666610718
        ],
        "4": [
            4,
            1.054261565208435
        ],
        "5": [
            5,
            1.0001194477081299
        ],
        "6": [
            6,
            0.9426588416099548
        ],
        "7": [
            7,
            0.9255438446998596
        ],
        "8": [
            8,
            0.8727577924728394
        ],
        "9": [
            9,
            0.8517668843269348
        ],
        "10": [
            10,
            0.8268136978149414
        ],
        "11": [
            11,
            0.8245764374732971
        ],
        "12": [
            12,
            0.8258063197135925
        ],
        "13": [
            13,
            0.7922301292419434
        ],
        "14": [
            14,
            0.8278530836105347
        ],
        "15": [
            15,
            0.7532683610916138
        ]
    },
    "metrics_distributed_fit": {
        "FL_loss": [
            [
                1,
                2.634807313957214
            ],
            [
                2,
                2.350684599380493
            ],
            [
                3,
                2.0882869243431093
            ],
            [
                4,
                2.2302539194393156
            ],
            [
                5,
                2.068354103374481
            ],
            [
                6,
                2.171520750665665
            ],
            [
                7,
                2.10888254242897
            ],
            [
                8,
                2.033010141677857
            ],
            [
                9,
                2.067352617192268
            ],
            [
                10,
                1.9433675261211394
            ],
            [
                11,
                1.995766908531189
            ],
            [
                12,
                1.9983178799104693
            ],
            [
                13,
                1.994253027534485
            ],
            [
                14,
                2.1201244144153595
            ],
            [
                15,
                1.8896280458498
            ]
        ],
        "FL_accuracy": [
            [
                1,
                0.16306
            ],
            [
                2,
                0.28180000000000005
            ],
            [
                3,
                0.37251
            ],
            [
                4,
                0.37117999999999995
            ],
            [
                5,
                0.43809000000000003
            ],
            [
                6,
                0.43326000000000003
            ],
            [
                7,
                0.45423
            ],
            [
                8,
                0.48572999999999994
            ],
            [
                9,
                0.48528000000000004
            ],
            [
                10,
                0.49129000000000006
            ],
            [
                11,
                0.5060499999999999
            ],
            [
                12,
                0.50328
            ],
            [
                13,
                0.5052599999999999
            ],
            [
                14,
                0.49476999999999993
            ],
            [
                15,
                0.5323100000000001
            ]
        ]
    },
    "metrics_distributed": {
        "FL_accuracy": [
            [
                1,
                0.2081
            ],
            [
                2,
                0.4050000000000001
            ],
            [
                3,
                0.5783000000000001
            ],
            [
                4,
                0.6422999999999999
            ],
            [
                5,
                0.6493
            ],
            [
                6,
                0.6580000000000001
            ],
            [
                7,
                0.6719999999999999
            ],
            [
                8,
                0.6859
            ],
            [
                9,
                0.7013999999999999
            ],
            [
                10,
                0.7077
            ],
            [
                11,
                0.7119
            ],
            [
                12,
                0.7289000000000001
            ],
            [
                13,
                0.7211999999999998
            ],
            [
                14,
                0.7047
            ],
            [
                15,
                0.7538
            ]
        ]
    },
    "FL_loss": {
        "1": 2.634807313957214,
        "2": 2.350684599380493,
        "3": 2.0882869243431093,
        "4": 2.2302539194393156,
        "5": 2.068354103374481,
        "6": 2.171520750665665,
        "7": 2.10888254242897,
        "8": 2.033010141677857,
        "9": 2.067352617192268,
        "10": 1.9433675261211394,
        "11": 1.995766908531189,
        "12": 1.9983178799104693,
        "13": 1.994253027534485,
        "14": 2.1201244144153595,
        "15": 1.8896280458498
    },
    "FL_accuracy": {
        "1": 0.16306,
        "2": 0.28180000000000005,
        "3": 0.37251,
        "4": 0.37117999999999995,
        "5": 0.43809000000000003,
        "6": 0.43326000000000003,
        "7": 0.45423,
        "8": 0.48572999999999994,
        "9": 0.48528000000000004,
        "10": 0.49129000000000006,
        "11": 0.5060499999999999,
        "12": 0.50328,
        "13": 0.5052599999999999,
        "14": 0.49476999999999993,
        "15": 0.5323100000000001
    }
}