{
    "losses_distributed": {
        "1": [
            1,
            2.3479816913604736
        ],
        "2": [
            2,
            2.2072768211364746
        ],
        "3": [
            3,
            1.3878302574157715
        ],
        "4": [
            4,
            1.3176631927490234
        ],
        "5": [
            5,
            1.130873680114746
        ],
        "6": [
            6,
            1.1005524396896362
        ],
        "7": [
            7,
            0.9812825322151184
        ],
        "8": [
            8,
            1.2029521465301514
        ],
        "9": [
            9,
            0.8629199266433716
        ],
        "10": [
            10,
            0.8659398555755615
        ],
        "11": [
            11,
            0.9603501558303833
        ],
        "12": [
            12,
            1.0241162776947021
        ],
        "13": [
            13,
            1.0973187685012817
        ],
        "14": [
            14,
            0.8976184725761414
        ],
        "15": [
            15,
            0.8855342864990234
        ]
    },
    "metrics_distributed_fit": {
        "FL_loss": [
            [
                1,
                2.5040119927215576
            ],
            [
                2,
                2.326162972259522
            ],
            [
                3,
                2.03729800245285
            ],
            [
                4,
                1.9286886927413942
            ],
            [
                5,
                1.9037285479831696
            ],
            [
                6,
                1.709412685918808
            ],
            [
                7,
                1.8193429638767242
            ],
            [
                8,
                1.8914156200408931
            ],
            [
                9,
                1.7098772839832308
            ],
            [
                10,
                1.731048952264786
            ],
            [
                11,
                1.6332031910324099
            ],
            [
                12,
                1.768153752965927
            ],
            [
                13,
                1.6124801669836046
            ],
            [
                14,
                1.6533584431314465
            ],
            [
                15,
                1.545316551733017
            ]
        ],
        "FL_accuracy": [
            [
                1,
                0.15799999999999997
            ],
            [
                2,
                0.26833999999999997
            ],
            [
                3,
                0.35586
            ],
            [
                4,
                0.38844
            ],
            [
                5,
                0.4062900000000001
            ],
            [
                6,
                0.46917
            ],
            [
                7,
                0.4543799999999999
            ],
            [
                8,
                0.44742999999999994
            ],
            [
                9,
                0.49420000000000003
            ],
            [
                10,
                0.50744
            ],
            [
                11,
                0.51978
            ],
            [
                12,
                0.48116999999999993
            ],
            [
                13,
                0.50998
            ],
            [
                14,
                0.5093799999999999
            ],
            [
                15,
                0.52755
            ]
        ]
    },
    "metrics_distributed": {
        "FL_accuracy": [
            [
                1,
                0.1
            ],
            [
                2,
                0.31829999999999997
            ],
            [
                3,
                0.429
            ],
            [
                4,
                0.46230000000000004
            ],
            [
                5,
                0.5204000000000001
            ],
            [
                6,
                0.5667
            ],
            [
                7,
                0.6119000000000001
            ],
            [
                8,
                0.5217
            ],
            [
                9,
                0.6758
            ],
            [
                10,
                0.6718
            ],
            [
                11,
                0.6696
            ],
            [
                12,
                0.6407
            ],
            [
                13,
                0.595
            ],
            [
                14,
                0.6582999999999999
            ],
            [
                15,
                0.6729
            ]
        ]
    },
    "FL_loss": {
        "1": 2.5040119927215576,
        "2": 2.326162972259522,
        "3": 2.03729800245285,
        "4": 1.9286886927413942,
        "5": 1.9037285479831696,
        "6": 1.709412685918808,
        "7": 1.8193429638767242,
        "8": 1.8914156200408931,
        "9": 1.7098772839832308,
        "10": 1.731048952264786,
        "11": 1.6332031910324099,
        "12": 1.768153752965927,
        "13": 1.6124801669836046,
        "14": 1.6533584431314465,
        "15": 1.545316551733017
    },
    "FL_accuracy": {
        "1": 0.15799999999999997,
        "2": 0.26833999999999997,
        "3": 0.35586,
        "4": 0.38844,
        "5": 0.4062900000000001,
        "6": 0.46917,
        "7": 0.4543799999999999,
        "8": 0.44742999999999994,
        "9": 0.49420000000000003,
        "10": 0.50744,
        "11": 0.51978,
        "12": 0.48116999999999993,
        "13": 0.50998,
        "14": 0.5093799999999999,
        "15": 0.52755
    }
}