[
    {
        "client_id": 2,
        "round_no": 1,
        "training_time (secs)": "0:00:00.642066",
        "incremental_MSE_Min": 0.26494283982160693,
        "incremental_MSE_Median": 0.30130620000361,
        "incremental_MSE_Max": 0.3140285978424589,
        "average_MSE": 0.2989806724517798,
        "round_threshold": 0.3140188263785805,
        "threshold": 0.2989806724517798,
        "model_round_trip": 0.32821226119995117
    },
    {
        "client_id": 2,
        "round_no": 2,
        "training_time (secs)": "0:00:00.734912",
        "incremental_MSE_Min": 0.26494283982160693,
        "incremental_MSE_Median": 0.3538989551193611,
        "incremental_MSE_Max": 0.41138502281638123,
        "average_MSE": 0.40202832014497525,
        "round_threshold": 0.4113836595182794,
        "threshold": 0.35050449629837754,
        "model_round_trip": 0.2017066478729248
    },
    {
        "client_id": 2,
        "round_no": 3,
        "training_time (secs)": "0:00:00.683581",
        "incremental_MSE_Min": 0.26494283982160693,
        "incremental_MSE_Median": 0.39918532679831037,
        "incremental_MSE_Max": 0.41623488083339727,
        "average_MSE": 0.4088261966042537,
        "round_threshold": 0.41623488021758787,
        "threshold": 0.36994506306700287,
        "model_round_trip": 0.4640781879425049
    },
    {
        "client_id": 2,
        "round_no": 4,
        "training_time (secs)": "0:00:00.706638",
        "incremental_MSE_Min": 0.26494283982160693,
        "incremental_MSE_Median": 0.40672968475049986,
        "incremental_MSE_Max": 0.4189035334081066,
        "average_MSE": 0.4158202487872978,
        "round_threshold": 0.41890160394079956,
        "threshold": 0.3814138594970765,
        "model_round_trip": 0.2693774700164795
    },
    {
        "client_id": 2,
        "round_no": 5,
        "training_time (secs)": "0:00:01.118333",
        "incremental_MSE_Min": 0.26494283982160693,
        "incremental_MSE_Median": 0.39918532679831037,
        "incremental_MSE_Max": 0.4189035334081066,
        "average_MSE": 0.39226195758019,
        "round_threshold": 0.396604063528641,
        "threshold": 0.3835834791136993,
        "model_round_trip": 0.05028533935546875
    },
    {
        "client_id": 2,
        "round_no": 6,
        "training_time (secs)": "0:00:00.753496",
        "incremental_MSE_Min": 0.26494283982160693,
        "incremental_MSE_Median": 0.39918311340616275,
        "incremental_MSE_Max": 0.4189035334081066,
        "average_MSE": 0.3989215062547728,
        "round_threshold": 0.4027044857375747,
        "threshold": 0.38613981697054484,
        "model_round_trip": 0.20702457427978516
    },
    {
        "client_id": 2,
        "round_no": 7,
        "training_time (secs)": "0:00:00.759538",
        "incremental_MSE_Min": 0.26494283982160693,
        "incremental_MSE_Median": 0.39680822064697463,
        "incremental_MSE_Max": 0.4189035334081066,
        "average_MSE": 0.37177805808670333,
        "round_threshold": 0.3742794492216776,
        "threshold": 0.3840881371299961,
        "model_round_trip": 0.2401885986328125
    },
    {
        "client_id": 2,
        "round_no": 8,
        "training_time (secs)": "0:00:00.706589",
        "incremental_MSE_Min": 0.26494283982160693,
        "incremental_MSE_Median": 0.3954837855447513,
        "incremental_MSE_Max": 0.4189035334081066,
        "average_MSE": 0.31186253661826824,
        "round_threshold": 0.31464839018981244,
        "threshold": 0.37505993706603014,
        "model_round_trip": 0.38747572898864746
    },
    {
        "client_id": 2,
        "round_no": 9,
        "training_time (secs)": "0:00:00.747479",
        "incremental_MSE_Min": 0.26494283982160693,
        "incremental_MSE_Median": 0.39219341467273633,
        "incremental_MSE_Max": 0.4189035334081066,
        "average_MSE": 0.27709949331497497,
        "round_threshold": 0.27778576161395907,
        "threshold": 0.3641754433159129,
        "model_round_trip": 0.3625178337097168
    },
    {
        "client_id": 2,
        "round_no": 10,
        "training_time (secs)": "0:00:00.777131",
        "incremental_MSE_Min": 0.2587438116273517,
        "incremental_MSE_Median": 0.3813680257335538,
        "incremental_MSE_Max": 0.4189035334081066,
        "average_MSE": 0.2596476009492595,
        "round_threshold": 0.26091164117907906,
        "threshold": 0.35372265907924755,
        "model_round_trip": 0.19496917724609375
    },
    {
        "client_id": 2,
        "round_no": 11,
        "training_time (secs)": "0:00:00.750459",
        "incremental_MSE_Min": 0.22879210386007567,
        "incremental_MSE_Median": 0.3721543112717567,
        "incremental_MSE_Max": 0.4189035334081066,
        "average_MSE": 0.230184545750559,
        "round_threshold": 0.23227541718728636,
        "threshold": 0.3424919215039122,
        "model_round_trip": 0.22451448440551758
    },
    {
        "client_id": 2,
        "round_no": 12,
        "training_time (secs)": "0:00:00.699240",
        "incremental_MSE_Min": 0.2138470200241565,
        "incremental_MSE_Median": 0.3417002817855539,
        "incremental_MSE_Max": 0.4189035334081066,
        "average_MSE": 0.2207790555257595,
        "round_threshold": 0.2217555889396133,
        "threshold": 0.3323491826723995,
        "model_round_trip": 0.3645491600036621
    },
    {
        "client_id": 2,
        "round_no": 13,
        "training_time (secs)": "0:00:00.644320",
        "incremental_MSE_Min": 0.19261130815523966,
        "incremental_MSE_Median": 0.3130425278342876,
        "incremental_MSE_Max": 0.4189035334081066,
        "average_MSE": 0.19402476233489405,
        "round_threshold": 0.19492656164004038,
        "threshold": 0.3217088426464375,
        "model_round_trip": 0.289945125579834
    },
    {
        "client_id": 2,
        "round_no": 14,
        "training_time (secs)": "0:00:00.690337",
        "incremental_MSE_Min": 0.16995624949726512,
        "incremental_MSE_Median": 0.3117784062100059,
        "incremental_MSE_Max": 0.4189035334081066,
        "average_MSE": 0.17397068074337776,
        "round_threshold": 0.17476699430079473,
        "threshold": 0.31115611679621896,
        "model_round_trip": 0.07548189163208008
    },
    {
        "client_id": 2,
        "round_no": 15,
        "training_time (secs)": "0:00:00.748362",
        "incremental_MSE_Min": 0.13445680689329545,
        "incremental_MSE_Median": 0.30130620000361,
        "incremental_MSE_Max": 0.4189035334081066,
        "average_MSE": 0.1347388190407072,
        "round_threshold": 0.13507154111402384,
        "threshold": 0.29939496361251816,
        "model_round_trip": 0.0877382755279541
    },
    {
        "client_id": 2,
        "round_no": 16,
        "training_time (secs)": "0:00:00.786356",
        "incremental_MSE_Min": 0.09217881722919337,
        "incremental_MSE_Median": 0.2777508838096888,
        "incremental_MSE_Max": 0.4189035334081066,
        "average_MSE": 0.09318998409898419,
        "round_threshold": 0.0937870440518237,
        "threshold": 0.2865071523929223,
        "model_round_trip": 0.26834774017333984
    },
    {
        "client_id": 2,
        "round_no": 17,
        "training_time (secs)": "0:00:00.652532",
        "incremental_MSE_Min": 0.05380575290328707,
        "incremental_MSE_Median": 0.2770959650124377,
        "incremental_MSE_Max": 0.4189035334081066,
        "average_MSE": 0.05618468977423284,
        "round_threshold": 0.05647253969508848,
        "threshold": 0.27295877223888176,
        "model_round_trip": 0.5342702865600586
    },
    {
        "client_id": 2,
        "round_no": 18,
        "training_time (secs)": "0:00:00.891231",
        "incremental_MSE_Min": 0.036724281093953565,
        "incremental_MSE_Median": 0.2629330819887957,
        "incremental_MSE_Max": 0.4189035334081066,
        "average_MSE": 0.03688076497956804,
        "round_threshold": 0.03704823447161554,
        "threshold": 0.2598433273911421,
        "model_round_trip": 0.06280064582824707
    },
    {
        "client_id": 2,
        "round_no": 19,
        "training_time (secs)": "0:00:00.699268",
        "incremental_MSE_Min": 0.021930955760485125,
        "incremental_MSE_Median": 0.25962836521481086,
        "incremental_MSE_Max": 0.4189035334081066,
        "average_MSE": 0.022035269448194724,
        "round_threshold": 0.022237758700257057,
        "threshold": 0.24732711381519748,
        "model_round_trip": 0.33710193634033203
    },
    {
        "client_id": 2,
        "round_no": 20,
        "training_time (secs)": "0:00:01.069416",
        "incremental_MSE_Min": 0.015592955264633704,
        "incremental_MSE_Median": 0.24551005370001705,
        "incremental_MSE_Max": 0.4189035334081066,
        "average_MSE": 0.01562454738865054,
        "round_threshold": 0.015667605269765413,
        "threshold": 0.23574198549387018,
        "model_round_trip": 0.07237529754638672
    },
    {
        "client_id": 2,
        "round_no": 21,
        "training_time (secs)": "0:00:00.915985",
        "incremental_MSE_Min": 0.004607565075497235,
        "incremental_MSE_Median": 0.22984690374167188,
        "incremental_MSE_Max": 0.4189035334081066,
        "average_MSE": 0.008457193093115102,
        "round_threshold": 0.008991105437765835,
        "threshold": 0.22491890014145324,
        "model_round_trip": 0.1268630027770996
    },
    {
        "client_id": 2,
        "round_no": 22,
        "training_time (secs)": "0:00:00.775480",
        "incremental_MSE_Min": 0.004607565075497235,
        "incremental_MSE_Median": 0.2252738479957248,
        "incremental_MSE_Max": 0.4189035334081066,
        "average_MSE": 0.009102434088736134,
        "round_threshold": 0.009116040501671478,
        "threshold": 0.21510906077542066,
        "model_round_trip": 0.12278890609741211
    },
    {
        "client_id": 2,
        "round_no": 23,
        "training_time (secs)": "0:00:00.704840",
        "incremental_MSE_Min": 0.004249457965518836,
        "incremental_MSE_Median": 0.22127222549268039,
        "incremental_MSE_Max": 0.4189035334081066,
        "average_MSE": 0.006221355778874242,
        "round_threshold": 0.006357876705497129,
        "threshold": 0.20602698664513605,
        "model_round_trip": 0.3482174873352051
    },
    {
        "client_id": 2,
        "round_no": 24,
        "training_time (secs)": "0:00:00.948615",
        "incremental_MSE_Min": 0.004249457965518836,
        "incremental_MSE_Median": 0.20438774319725292,
        "incremental_MSE_Max": 0.4189035334081066,
        "average_MSE": 0.005121304560408336,
        "round_threshold": 0.005274940059187663,
        "threshold": 0.19765591655827236,
        "model_round_trip": 0.05994749069213867
    },
    {
        "client_id": 2,
        "round_no": 25,
        "training_time (secs)": "0:00:00.726003",
        "incremental_MSE_Min": 0.004249457965518836,
        "incremental_MSE_Median": 0.19435535986957225,
        "incremental_MSE_Max": 0.4189035334081066,
        "average_MSE": 0.005043435201150159,
        "round_threshold": 0.005059413391956548,
        "threshold": 0.18995141730398746,
        "model_round_trip": 0.10586810111999512
    }
]