[
    {
        "client_id": 1,
        "round_no": 1,
        "training_time (secs)": "0:00:00.686401",
        "incremental_MSE_Min": 0.23334128300266674,
        "incremental_MSE_Median": 0.2398249005664455,
        "incremental_MSE_Max": 0.2645460992813985,
        "average_MSE": 0.24091385332167267,
        "round_threshold": 0.264255164231897,
        "threshold": 0.24091385332167267,
        "model_round_trip": 0.37876248359680176
    },
    {
        "client_id": 1,
        "round_no": 2,
        "training_time (secs)": "0:00:00.696516",
        "incremental_MSE_Min": 0.23334128300266674,
        "incremental_MSE_Median": 0.31075297718090167,
        "incremental_MSE_Max": 0.39377094461710677,
        "average_MSE": 0.37175353312319176,
        "round_threshold": 0.393761537495555,
        "threshold": 0.3063336932224322,
        "model_round_trip": 0.4274883270263672
    },
    {
        "client_id": 1,
        "round_no": 3,
        "training_time (secs)": "0:00:00.647283",
        "incremental_MSE_Min": 0.23334128300266674,
        "incremental_MSE_Median": 0.36233439006944157,
        "incremental_MSE_Max": 0.39377094461710677,
        "average_MSE": 0.37394374435412175,
        "round_threshold": 0.38979485684775256,
        "threshold": 0.32887037693299537,
        "model_round_trip": 0.5876166820526123
    },
    {
        "client_id": 1,
        "round_no": 4,
        "training_time (secs)": "0:00:00.629096",
        "incremental_MSE_Min": 0.23334128300266674,
        "incremental_MSE_Median": 0.3711719875207685,
        "incremental_MSE_Max": 0.4089840700088285,
        "average_MSE": 0.38739886549227737,
        "round_threshold": 0.4089839677022957,
        "threshold": 0.3435024990728158,
        "model_round_trip": 0.5890085697174072
    },
    {
        "client_id": 1,
        "round_no": 5,
        "training_time (secs)": "0:00:01.105004",
        "incremental_MSE_Min": 0.23334128300266674,
        "incremental_MSE_Median": 0.366773565298774,
        "incremental_MSE_Max": 0.4089840700088285,
        "average_MSE": 0.36272062566598623,
        "round_threshold": 0.3885091068646904,
        "threshold": 0.3473461243914499,
        "model_round_trip": 0.16133642196655273
    },
    {
        "client_id": 1,
        "round_no": 6,
        "training_time (secs)": "0:00:00.608018",
        "incremental_MSE_Min": 0.23334128300266674,
        "incremental_MSE_Median": 0.3703693559422845,
        "incremental_MSE_Max": 0.4089840700088285,
        "average_MSE": 0.37768005683572015,
        "round_threshold": 0.39352154899167774,
        "threshold": 0.35240177979882825,
        "model_round_trip": 0.41965651512145996
    },
    {
        "client_id": 1,
        "round_no": 7,
        "training_time (secs)": "0:00:00.611077",
        "incremental_MSE_Min": 0.23334128300266674,
        "incremental_MSE_Median": 0.3687603397417355,
        "incremental_MSE_Max": 0.4089840700088285,
        "average_MSE": 0.3554344319916626,
        "round_threshold": 0.36944678260004815,
        "threshold": 0.35283501582637605,
        "model_round_trip": 0.6576888561248779
    },
    {
        "client_id": 1,
        "round_no": 8,
        "training_time (secs)": "0:00:00.679107",
        "incremental_MSE_Min": 0.23334128300266674,
        "incremental_MSE_Median": 0.3644835972117001,
        "incremental_MSE_Max": 0.4089840700088285,
        "average_MSE": 0.29606773863950714,
        "round_threshold": 0.3031812797089533,
        "threshold": 0.34573910617801745,
        "model_round_trip": 0.4566502571105957
    },
    {
        "client_id": 1,
        "round_no": 9,
        "training_time (secs)": "0:00:00.749503",
        "incremental_MSE_Min": 0.23334128300266674,
        "incremental_MSE_Median": 0.36192916536180963,
        "incremental_MSE_Max": 0.4089840700088285,
        "average_MSE": 0.26659719173309526,
        "round_threshold": 0.27614735690806347,
        "threshold": 0.3369455601285817,
        "model_round_trip": 0.4704442024230957
    },
    {
        "client_id": 1,
        "round_no": 10,
        "training_time (secs)": "0:00:00.660786",
        "incremental_MSE_Min": 0.23334128300266674,
        "incremental_MSE_Median": 0.35293866835683746,
        "incremental_MSE_Max": 0.4089840700088285,
        "average_MSE": 0.248635430751861,
        "round_threshold": 0.2587457798829124,
        "threshold": 0.3281145471909096,
        "model_round_trip": 0.32082223892211914
    },
    {
        "client_id": 1,
        "round_no": 11,
        "training_time (secs)": "0:00:00.729898",
        "incremental_MSE_Min": 0.21200964843696563,
        "incremental_MSE_Median": 0.3477916426755553,
        "incremental_MSE_Max": 0.4089840700088285,
        "average_MSE": 0.21795824855755264,
        "round_threshold": 0.22884461387513377,
        "threshold": 0.3181003382242408,
        "model_round_trip": 0.4134681224822998
    },
    {
        "client_id": 1,
        "round_no": 12,
        "training_time (secs)": "0:00:00.815398",
        "incremental_MSE_Min": 0.20465801928025934,
        "incremental_MSE_Median": 0.32210238371805633,
        "incremental_MSE_Max": 0.4089840700088285,
        "average_MSE": 0.20816626330334545,
        "round_threshold": 0.21509742984264665,
        "threshold": 0.30893916531416615,
        "model_round_trip": 0.30399274826049805
    },
    {
        "client_id": 1,
        "round_no": 13,
        "training_time (secs)": "0:00:00.861477",
        "incremental_MSE_Min": 0.17686718062090442,
        "incremental_MSE_Median": 0.29578214196654884,
        "incremental_MSE_Max": 0.4089840700088285,
        "average_MSE": 0.18232925306859057,
        "round_threshold": 0.1878481811779572,
        "threshold": 0.2991999412952757,
        "model_round_trip": 0.16585826873779297
    },
    {
        "client_id": 1,
        "round_no": 14,
        "training_time (secs)": "0:00:00.678045",
        "incremental_MSE_Min": 0.16012084471032623,
        "incremental_MSE_Median": 0.28313433266923727,
        "incremental_MSE_Max": 0.4089840700088285,
        "average_MSE": 0.16197157989618327,
        "round_threshold": 0.17010949164992614,
        "threshold": 0.2893979154810548,
        "model_round_trip": 0.17135024070739746
    },
    {
        "client_id": 1,
        "round_no": 15,
        "training_time (secs)": "0:00:00.686667",
        "incremental_MSE_Min": 0.12230747264939891,
        "incremental_MSE_Median": 0.2641968024611078,
        "incremental_MSE_Max": 0.4089840700088285,
        "average_MSE": 0.1249434325643895,
        "round_threshold": 0.13295821966796736,
        "threshold": 0.2784342832866105,
        "model_round_trip": 0.1380932331085205
    },
    {
        "client_id": 1,
        "round_no": 16,
        "training_time (secs)": "0:00:00.693396",
        "incremental_MSE_Min": 0.08039670585014634,
        "incremental_MSE_Median": 0.25874468943079587,
        "incremental_MSE_Max": 0.4089840700088285,
        "average_MSE": 0.08693697447624708,
        "round_threshold": 0.09306345866682317,
        "threshold": 0.26646570148596277,
        "model_round_trip": 0.4170994758605957
    },
    {
        "client_id": 1,
        "round_no": 17,
        "training_time (secs)": "0:00:00.744159",
        "incremental_MSE_Min": 0.044460746315086994,
        "incremental_MSE_Median": 0.2464442472890576,
        "incremental_MSE_Max": 0.4089840700088285,
        "average_MSE": 0.04866906240197067,
        "round_threshold": 0.05380170166750201,
        "threshold": 0.2536541344810221,
        "model_round_trip": 0.5091443061828613
    },
    {
        "client_id": 1,
        "round_no": 18,
        "training_time (secs)": "0:00:00.753896",
        "incremental_MSE_Min": 0.02590842391145754,
        "incremental_MSE_Median": 0.2427583997519671,
        "incremental_MSE_Max": 0.4089840700088285,
        "average_MSE": 0.029568583957616735,
        "round_threshold": 0.03670182608838278,
        "threshold": 0.24120493722972178,
        "model_round_trip": 0.22173690795898438
    },
    {
        "client_id": 1,
        "round_no": 19,
        "training_time (secs)": "0:00:00.801187",
        "incremental_MSE_Min": 0.012739849355441165,
        "incremental_MSE_Median": 0.2398249005664455,
        "incremental_MSE_Max": 0.4089840700088285,
        "average_MSE": 0.01613553143182563,
        "round_threshold": 0.021936606781284097,
        "threshold": 0.22935917902983247,
        "model_round_trip": 0.41907835006713867
    },
    {
        "client_id": 1,
        "round_no": 20,
        "training_time (secs)": "0:00:00.706907",
        "incremental_MSE_Min": 0.007582377798723631,
        "incremental_MSE_Median": 0.23113343143496007,
        "incremental_MSE_Max": 0.4089840700088285,
        "average_MSE": 0.008363470531711251,
        "round_threshold": 0.011233794034873752,
        "threshold": 0.21830939360492643,
        "model_round_trip": 0.4670283794403076
    },
    {
        "client_id": 1,
        "round_no": 21,
        "training_time (secs)": "0:00:00.784936",
        "incremental_MSE_Min": 0.0021154047449121753,
        "incremental_MSE_Median": 0.21644069031695456,
        "incremental_MSE_Max": 0.4089840700088285,
        "average_MSE": 0.003705667906360746,
        "round_threshold": 0.008532844317762382,
        "threshold": 0.2080901685716614,
        "model_round_trip": 0.33977293968200684
    },
    {
        "client_id": 1,
        "round_no": 22,
        "training_time (secs)": "0:00:00.693797",
        "incremental_MSE_Min": 0.0021154047449121753,
        "incremental_MSE_Median": 0.21286087430713252,
        "incremental_MSE_Max": 0.4089840700088285,
        "average_MSE": 0.005426883108726713,
        "round_threshold": 0.009089843009361633,
        "threshold": 0.1988782010506189,
        "model_round_trip": 0.25329136848449707
    },
    {
        "client_id": 1,
        "round_no": 23,
        "training_time (secs)": "0:00:00.983947",
        "incremental_MSE_Min": 0.0007845740114104429,
        "incremental_MSE_Median": 0.20692260800583523,
        "incremental_MSE_Max": 0.4089840700088285,
        "average_MSE": 0.003142580108224317,
        "round_threshold": 0.00794786664133369,
        "threshold": 0.1903679566618191,
        "model_round_trip": 0.09798693656921387
    },
    {
        "client_id": 1,
        "round_no": 24,
        "training_time (secs)": "0:00:00.729381",
        "incremental_MSE_Min": 0.0005086950274348952,
        "incremental_MSE_Median": 0.19625622201219406,
        "incremental_MSE_Max": 0.4089840700088285,
        "average_MSE": 0.0026959216045490063,
        "round_threshold": 0.008768152194320833,
        "threshold": 0.18254828853443292,
        "model_round_trip": 0.31560611724853516
    },
    {
        "client_id": 1,
        "round_no": 25,
        "training_time (secs)": "0:00:00.653326",
        "incremental_MSE_Min": 0.0005086950274348952,
        "incremental_MSE_Median": 0.18108390076133135,
        "incremental_MSE_Max": 0.4089840700088285,
        "average_MSE": 0.0027506094999645465,
        "round_threshold": 0.006625817144691437,
        "threshold": 0.17535638137305415,
        "model_round_trip": 0.21399259567260742
    }
]