[
    {
        "client_id": 1,
        "round_no": 1,
        "training_time (secs)": -1,
        "incremental_MSE_Min": 0.21478990826709649,
        "incremental_MSE_Median": 0.2227232072753034,
        "incremental_MSE_Max": 0.2620695456803692,
        "average_MSE": 0.23575626374447475,
        "round_threshold": 0.26205296795569416,
        "threshold": 0.23575626374447475,
        "model_round_trip": 0.2970888614654541
    },
    {
        "client_id": 1,
        "round_no": 2,
        "training_time (secs)": -1,
        "incremental_MSE_Min": 0.21478990826709649,
        "incremental_MSE_Median": 0.29647016057326503,
        "incremental_MSE_Max": 0.35558252949274927,
        "average_MSE": 0.3425358701373509,
        "round_threshold": 0.35555120239488475,
        "threshold": 0.2891460669409128,
        "model_round_trip": 0.08009696006774902
    },
    {
        "client_id": 1,
        "round_no": 3,
        "training_time (secs)": -1,
        "incremental_MSE_Min": 0.21478990826709649,
        "incremental_MSE_Median": 0.343288107846441,
        "incremental_MSE_Max": 0.4041837582207691,
        "average_MSE": 0.37892632490262057,
        "round_threshold": 0.40417331220319624,
        "threshold": 0.31907281959481537,
        "model_round_trip": 0.2729225158691406
    },
    {
        "client_id": 1,
        "round_no": 4,
        "training_time (secs)": -1,
        "incremental_MSE_Min": 0.21478990826709649,
        "incremental_MSE_Median": 0.35737802018424836,
        "incremental_MSE_Max": 0.4150917550925747,
        "average_MSE": 0.39929787867612954,
        "round_threshold": 0.41508835863991755,
        "threshold": 0.33912908436514394,
        "model_round_trip": 0.44490957260131836
    },
    {
        "client_id": 1,
        "round_no": 5,
        "training_time (secs)": -1,
        "incremental_MSE_Min": 0.21478990826709649,
        "incremental_MSE_Median": 0.36981629899225826,
        "incremental_MSE_Max": 0.42244842143088035,
        "average_MSE": 0.4044581340545396,
        "round_threshold": 0.4224239494732106,
        "threshold": 0.3521948943030231,
        "model_round_trip": 0.029305458068847656
    },
    {
        "client_id": 1,
        "round_no": 6,
        "training_time (secs)": -1,
        "incremental_MSE_Min": 0.21478990826709649,
        "incremental_MSE_Median": 0.3848793230086272,
        "incremental_MSE_Max": 0.43677853162979097,
        "average_MSE": 0.4090191554720018,
        "round_threshold": 0.4367695187242347,
        "threshold": 0.36166560449785284,
        "model_round_trip": 0.3509242534637451
    },
    {
        "client_id": 1,
        "round_no": 7,
        "training_time (secs)": -1,
        "incremental_MSE_Min": 0.21478990826709649,
        "incremental_MSE_Median": 0.38892700388446466,
        "incremental_MSE_Max": 0.43677853162979097,
        "average_MSE": 0.39245149923511374,
        "round_threshold": 0.4201181441094768,
        "threshold": 0.3660635894603187,
        "model_round_trip": 0.07581925392150879
    },
    {
        "client_id": 1,
        "round_no": 8,
        "training_time (secs)": -1,
        "incremental_MSE_Min": 0.21478990826709649,
        "incremental_MSE_Median": 0.3930850377499393,
        "incremental_MSE_Max": 0.43677853162979097,
        "average_MSE": 0.42042742138877404,
        "round_threshold": 0.42902052769597526,
        "threshold": 0.3728590684513757,
        "model_round_trip": 0.45619988441467285
    },
    {
        "client_id": 1,
        "round_no": 9,
        "training_time (secs)": -1,
        "incremental_MSE_Min": 0.21478990826709649,
        "incremental_MSE_Median": 0.3971724408021599,
        "incremental_MSE_Max": 0.43677853162979097,
        "average_MSE": 0.4175087147785722,
        "round_threshold": 0.4255688993256768,
        "threshold": 0.3778201402655086,
        "model_round_trip": 0.1662602424621582
    },
    {
        "client_id": 1,
        "round_no": 10,
        "training_time (secs)": -1,
        "incremental_MSE_Min": 0.21478990826709649,
        "incremental_MSE_Median": 0.3998884495543158,
        "incremental_MSE_Max": 0.43677853162979097,
        "average_MSE": 0.4272774836033996,
        "round_threshold": 0.4344195767107309,
        "threshold": 0.38276587459929756,
        "model_round_trip": 0.2972676753997803
    },
    {
        "client_id": 1,
        "round_no": 11,
        "training_time (secs)": -1,
        "incremental_MSE_Min": 0.21478990826709649,
        "incremental_MSE_Median": 0.40195574281925833,
        "incremental_MSE_Max": 0.43677853162979097,
        "average_MSE": 0.41352031264951655,
        "round_threshold": 0.42776540027952986,
        "threshold": 0.38556173260386306,
        "model_round_trip": 0.3889443874359131
    },
    {
        "client_id": 1,
        "round_no": 12,
        "training_time (secs)": -1,
        "incremental_MSE_Min": 0.21478990826709649,
        "incremental_MSE_Median": 0.4043557023919657,
        "incremental_MSE_Max": 0.4412600943522115,
        "average_MSE": 0.4183013452156834,
        "round_threshold": 0.44126003054706403,
        "threshold": 0.388290033654848,
        "model_round_trip": 0.45279598236083984
    },
    {
        "client_id": 1,
        "round_no": 13,
        "training_time (secs)": -1,
        "incremental_MSE_Min": 0.21478990826709649,
        "incremental_MSE_Median": 0.4034945569413475,
        "incremental_MSE_Max": 0.4412600943522115,
        "average_MSE": 0.3977526189915797,
        "round_threshold": 0.41260390165218525,
        "threshold": 0.38901792483459663,
        "model_round_trip": 0.3714406490325928
    },
    {
        "client_id": 1,
        "round_no": 14,
        "training_time (secs)": -1,
        "incremental_MSE_Min": 0.21478990826709649,
        "incremental_MSE_Median": 0.40508478993273733,
        "incremental_MSE_Max": 0.4412600943522115,
        "average_MSE": 0.4236493371978087,
        "round_threshold": 0.4385903848021872,
        "threshold": 0.39149159714625464,
        "model_round_trip": 0.33901238441467285
    },
    {
        "client_id": 1,
        "round_no": 15,
        "training_time (secs)": -1,
        "incremental_MSE_Min": 0.21478990826709649,
        "incremental_MSE_Median": 0.4067678807972158,
        "incremental_MSE_Max": 0.44178925365416793,
        "average_MSE": 0.4217576244341512,
        "round_threshold": 0.4417878916307449,
        "threshold": 0.3935093322987811,
        "model_round_trip": 0.3268258571624756
    },
    {
        "client_id": 1,
        "round_no": 16,
        "training_time (secs)": -1,
        "incremental_MSE_Min": 0.21478990826709649,
        "incremental_MSE_Median": 0.40949009706263784,
        "incremental_MSE_Max": 0.44768815763405645,
        "average_MSE": 0.4189236545586188,
        "round_threshold": 0.4473423877671735,
        "threshold": 0.395097727440021,
        "model_round_trip": 0.2749807834625244
    },
    {
        "client_id": 1,
        "round_no": 17,
        "training_time (secs)": -1,
        "incremental_MSE_Min": 0.21478990826709649,
        "incremental_MSE_Median": 0.4094641950632276,
        "incremental_MSE_Max": 0.44768815763405645,
        "average_MSE": 0.4080596788259511,
        "round_threshold": 0.41540763309791073,
        "threshold": 0.39586019516860504,
        "model_round_trip": 0.4157087802886963
    },
    {
        "client_id": 1,
        "round_no": 18,
        "training_time (secs)": -1,
        "incremental_MSE_Min": 0.21478990826709649,
        "incremental_MSE_Median": 0.410156496377859,
        "incremental_MSE_Max": 0.44768815763405645,
        "average_MSE": 0.41779349506987823,
        "round_threshold": 0.43527566814602986,
        "threshold": 0.397078711829787,
        "model_round_trip": 0.3590569496154785
    },
    {
        "client_id": 1,
        "round_no": 19,
        "training_time (secs)": -1,
        "incremental_MSE_Min": 0.21478990826709649,
        "incremental_MSE_Median": 0.4107237109551056,
        "incremental_MSE_Max": 0.44768815763405645,
        "average_MSE": 0.42386525408044456,
        "round_threshold": 0.4405744449463831,
        "threshold": 0.3984885298429794,
        "model_round_trip": 0.3643045425415039
    },
    {
        "client_id": 1,
        "round_no": 20,
        "training_time (secs)": -1,
        "incremental_MSE_Min": 0.21478990826709649,
        "incremental_MSE_Median": 0.41228254232119355,
        "incremental_MSE_Max": 0.44768815763405645,
        "average_MSE": 0.42932954844334353,
        "round_threshold": 0.44200005967088135,
        "threshold": 0.4000305807729976,
        "model_round_trip": 0.47257137298583984
    },
    {
        "client_id": 1,
        "round_no": 21,
        "training_time (secs)": -1,
        "incremental_MSE_Min": 0.21478990826709649,
        "incremental_MSE_Median": 0.4122305625503518,
        "incremental_MSE_Max": 0.44768815763405645,
        "average_MSE": 0.4144466915815382,
        "round_threshold": 0.43826897729791475,
        "threshold": 0.40071706224007103,
        "model_round_trip": 0.35138607025146484
    },
    {
        "client_id": 1,
        "round_no": 22,
        "training_time (secs)": -1,
        "incremental_MSE_Min": 0.21478990826709649,
        "incremental_MSE_Median": 0.41343699380331234,
        "incremental_MSE_Max": 0.45066939656652705,
        "average_MSE": 0.43173344716130796,
        "round_threshold": 0.45066872582091233,
        "threshold": 0.402126897918309,
        "model_round_trip": 0.30262184143066406
    },
    {
        "client_id": 1,
        "round_no": 23,
        "training_time (secs)": -1,
        "incremental_MSE_Min": 0.21478990826709649,
        "incremental_MSE_Median": 0.4142975655086957,
        "incremental_MSE_Max": 0.4697665280169856,
        "average_MSE": 0.4502249868961369,
        "round_threshold": 0.4697663207416967,
        "threshold": 0.40421811917821465,
        "model_round_trip": 0.8672502040863037
    },
    {
        "client_id": 1,
        "round_no": 24,
        "training_time (secs)": -1,
        "incremental_MSE_Min": 0.21478990826709649,
        "incremental_MSE_Median": 0.4146900328070484,
        "incremental_MSE_Max": 0.48022034583993434,
        "average_MSE": 0.45563587044682324,
        "round_threshold": 0.4802198968807043,
        "threshold": 0.4063605254810733,
        "model_round_trip": 0.37302732467651367
    },
    {
        "client_id": 1,
        "round_no": 25,
        "training_time (secs)": -1,
        "incremental_MSE_Min": 0.21478990826709649,
        "incremental_MSE_Median": 0.4149251399084149,
        "incremental_MSE_Max": 0.48022034583993434,
        "average_MSE": 0.45763908603242176,
        "round_threshold": 0.473990225199063,
        "threshold": 0.4084116679031272,
        "model_round_trip": 0.27649617195129395
    }
]